"Category","File"
"GENERATED_OR_BACKUP","\.next_backup_20260907-103310\turbopack"
"GENERATED_OR_BACKUP","\.next_backup_20260907-103310\dev\server\app\page\client-components-ssr.js"
"GENERATED_OR_BACKUP","\.next_backup_20260907-103310\dev\server\app\[locale]\articles\page\client-components-ssr.js"
"GENERATED_OR_BACKUP","\.next_backup_20260907-103310\dev\server\app\[locale]\news\page\client-components-ssr.js"
"GENERATED_OR_BACKUP","\.next_backup_20260907-103310\dev\server\app\[locale]\page\client-components-ssr.js"
"GENERATED_OR_BACKUP","\.next_backup_20260907-103310\dev\server\app\[locale]\trends\page\client-components-ssr.js"
"GENERATED_OR_BACKUP","\.next_backup_20260907-103310\dev\server\app\_not-found\page\client-components-ssr.js"
"SOURCE_CODE","\app\api\admin\content\route.ts"
"SOURCE_CODE","\app\api\admin\content\publish\route.ts"
"SOURCE_CODE","\app\api\admin\content\review\route.ts"
"SOURCE_CODE","\app\api\admin\content\translation\route.ts"
"SOURCE_CODE","\app\api\agent-intelligence\route.ts"
"SOURCE_CODE","\app\api\agent-intelligence\agents\route.ts"
"SOURCE_CODE","\app\api\agent-intelligence\analytics\route.ts"
"SOURCE_CODE","\app\api\agent-intelligence\collaboration\route.ts"
"SOURCE_CODE","\app\api\agent-intelligence\learning\route.ts"
"SOURCE_CODE","\app\api\agent-intelligence\memory\route.ts"
"SOURCE_CODE","\app\api\agent-intelligence\messages\route.ts"
"SOURCE_CODE","\app\api\agent-intelligence\orchestration\route.ts"
"SOURCE_CODE","\app\api\agent-intelligence\tasks\route.ts"
"SOURCE_CODE","\app\api\agentic-ai\route.ts"
"SOURCE_CODE","\app\api\agentic-ai\agents\route.ts"
"SOURCE_CODE","\app\api\agentic-ai\analytics\route.ts"
"SOURCE_CODE","\app\api\agentic-ai\communication\route.ts"
"SOURCE_CODE","\app\api\agentic-ai\memory\route.ts"
"SOURCE_CODE","\app\api\agentic-ai\orchestration\route.ts"
"SOURCE_CODE","\app\api\agentic-ai\plans\route.ts"
"SOURCE_CODE","\app\api\agentic-ai\tasks\route.ts"
"SOURCE_CODE","\app\api\agentic-ai\workflows\route.ts"
"SOURCE_CODE","\app\api\ai\route.ts"
"GENERATED_OR_BACKUP","\app\api\ai\route.ts.backup-20260907-120049"
"GENERATED_OR_BACKUP","\app\api\ai\route.ts.backup-20260907-120801"
"GENERATED_OR_BACKUP","\app\api\ai\route.ts.backup-20260907-131305"
"GENERATED_OR_BACKUP","\app\api\ai\route.ts.backup-20260907-132155"
"SOURCE_CODE","\app\api\ai\agents\route.ts"
"GENERATED_OR_BACKUP","\app\api\ai\agents\route.ts.backup-20260907-132155"
"SOURCE_CODE","\app\api\ai\analysis\route.ts"
"SOURCE_CODE","\app\api\ai\analyze\route.ts"
"SOURCE_CODE","\app\api\ai\assistant\route.ts"
"GENERATED_OR_BACKUP","\app\api\ai\assistant\route.ts.backup-20260907-120049"
"GENERATED_OR_BACKUP","\app\api\ai\assistant\route.ts.backup-20260907-120801"
"SOURCE_CODE","\app\api\ai\automation\route.ts"
"SOURCE_CODE","\app\api\ai\chat\route.ts"
"GENERATED_OR_BACKUP","\app\api\ai\chat\route.ts.backup-20260907-131305"
"SOURCE_CODE","\app\api\ai\context\route.ts"
"SOURCE_CODE","\app\api\ai\decision\route.ts"
"SOURCE_CODE","\app\api\ai\decisions\route.ts"
"SOURCE_CODE","\app\api\ai\document\route.ts"
"SOURCE_CODE","\app\api\ai\insights\route.ts"
"GENERATED_OR_BACKUP","\app\api\ai\insights\route.ts.backup-20260907-132155"
"SOURCE_CODE","\app\api\ai\models\route.ts"
"SOURCE_CODE","\app\api\ai\predict\route.ts"
"SOURCE_CODE","\app\api\ai\prediction\route.ts"
"SOURCE_CODE","\app\api\ai\predictions\route.ts"
"SOURCE_CODE","\app\api\ai\prompts\route.ts"
"SOURCE_CODE","\app\api\ai\reasoning\route.ts"
"GENERATED_OR_BACKUP","\app\api\ai\reasoning\route.ts.backup-20260907-131305"
"SOURCE_CODE","\app\api\ai\recommend\route.ts"
"GENERATED_OR_BACKUP","\app\api\ai\recommend\route.ts.backup-20260907-120049"
"SOURCE_CODE","\app\api\ai\recommendation\route.ts"
"SOURCE_CODE","\app\api\ai\recommendations\route.ts"
"SOURCE_CODE","\app\api\ai\search\route.ts"
"GENERATED_OR_BACKUP","\app\api\ai\search\route.ts.backup-20260907-120049"
"SOURCE_CODE","\app\api\ai\semantic\route.ts"
"SOURCE_CODE","\app\api\ai\spatial\route.ts"
"SOURCE_CODE","\app\api\ai\text\route.ts"
"SOURCE_CODE","\app\api\ai\vision\route.ts"
"SOURCE_CODE","\app\api\ai\voice\route.ts"
"SOURCE_CODE","\app\api\ai-agents\route.ts"
"GENERATED_OR_BACKUP","\app\api\ai-agents\route.ts.backup-20260907-133746"
"GENERATED_OR_BACKUP","\app\api\ai-agents\route.ts.backup-20260907-140619"
"GENERATED_OR_BACKUP","\app\api\ai-agents\route.ts.backup-20260907-140716"
"SOURCE_CODE","\app\api\ai-agents\agents\route.ts"
"GENERATED_OR_BACKUP","\app\api\ai-agents\agents\route.ts.backup-20260907-133746"
"GENERATED_OR_BACKUP","\app\api\ai-agents\agents\route.ts.backup-20260907-140619"
"GENERATED_OR_BACKUP","\app\api\ai-agents\agents\route.ts.backup-20260907-140716"
"SOURCE_CODE","\app\api\ai-agents\analytics\route.ts"
"GENERATED_OR_BACKUP","\app\api\ai-agents\analytics\route.ts.backup-20260907-133746"
"GENERATED_OR_BACKUP","\app\api\ai-agents\analytics\route.ts.backup-20260907-140619"
"GENERATED_OR_BACKUP","\app\api\ai-agents\analytics\route.ts.backup-20260907-140716"
"SOURCE_CODE","\app\api\ai-agents\automation\route.ts"
"SOURCE_CODE","\app\api\ai-agents\collaboration\route.ts"
"GENERATED_OR_BACKUP","\app\api\ai-agents\collaboration\route.ts.backup-20260907-140716"
"SOURCE_CODE","\app\api\ai-agents\decisions\route.ts"
"GENERATED_OR_BACKUP","\app\api\ai-agents\decisions\route.ts.backup-20260907-140619"
"GENERATED_OR_BACKUP","\app\api\ai-agents\decisions\route.ts.backup-20260907-140716"
"SOURCE_CODE","\app\api\ai-agents\execution\route.ts"
"SOURCE_CODE","\app\api\ai-agents\memory\route.ts"
"GENERATED_OR_BACKUP","\app\api\ai-agents\memory\route.ts.backup-20260907-133746"
"GENERATED_OR_BACKUP","\app\api\ai-agents\memory\route.ts.backup-20260907-140619"
"GENERATED_OR_BACKUP","\app\api\ai-agents\memory\route.ts.backup-20260907-140716"
"SOURCE_CODE","\app\api\ai-agents\messages\route.ts"
"GENERATED_OR_BACKUP","\app\api\ai-agents\messages\route.ts.backup-20260907-140619"
"GENERATED_OR_BACKUP","\app\api\ai-agents\messages\route.ts.backup-20260907-140716"
"SOURCE_CODE","\app\api\ai-agents\orchestration\route.ts"
"SOURCE_CODE","\app\api\ai-agents\reasoning\route.ts"
"SOURCE_CODE","\app\api\ai-agents\tasks\route.ts"
"GENERATED_OR_BACKUP","\app\api\ai-agents\tasks\route.ts.backup-20260907-133746"
"GENERATED_OR_BACKUP","\app\api\ai-agents\tasks\route.ts.backup-20260907-140619"
"GENERATED_OR_BACKUP","\app\api\ai-agents\tasks\route.ts.backup-20260907-140716"
"SOURCE_CODE","\app\api\ai-agents\tools\route.ts"
"SOURCE_CODE","\app\api\ai-agents\workflows\route.ts"
"GENERATED_OR_BACKUP","\app\api\ai-agents\workflows\route.ts.backup-20260907-133746"
"SOURCE_CODE","\app\api\ai-cloud\route.ts"
"SOURCE_CODE","\app\api\ai-cloud\analytics\route.ts"
"SOURCE_CODE","\app\api\ai-cloud\cloud\route.ts"
"SOURCE_CODE","\app\api\ai-cloud\clusters\route.ts"
"SOURCE_CODE","\app\api\ai-cloud\compute\route.ts"
"SOURCE_CODE","\app\api\ai-cloud\deployments\route.ts"
"SOURCE_CODE","\app\api\ai-cloud\edge\route.ts"
"SOURCE_CODE","\app\api\ai-cloud\monitoring\route.ts"
"SOURCE_CODE","\app\api\ai-cloud\nodes\route.ts"
"SOURCE_CODE","\app\api\ai-cloud\scaling\route.ts"
"SOURCE_CODE","\app\api\ai-copilot\route.ts"
"SOURCE_CODE","\app\api\ai-copilot\actions\route.ts"
"SOURCE_CODE","\app\api\ai-copilot\agents\route.ts"
"SOURCE_CODE","\app\api\ai-copilot\conversations\route.ts"
"SOURCE_CODE","\app\api\ai-copilot\decisions\route.ts"
"SOURCE_CODE","\app\api\ai-copilot\feedback\route.ts"
"SOURCE_CODE","\app\api\ai-copilot\reasoning\route.ts"
"SOURCE_CODE","\app\api\ai-copilot\recommendations\route.ts"
"SOURCE_CODE","\app\api\ai-copilot\tasks\route.ts"
"SOURCE_CODE","\app\api\ai-ecosystem\route.ts"
"SOURCE_CODE","\app\api\ai-ecosystem\analytics\route.ts"
"SOURCE_CODE","\app\api\ai-ecosystem\developers\route.ts"
"SOURCE_CODE","\app\api\ai-ecosystem\extensions\route.ts"
"SOURCE_CODE","\app\api\ai-ecosystem\integrations\route.ts"
"SOURCE_CODE","\app\api\ai-ecosystem\marketplace\route.ts"
"SOURCE_CODE","\app\api\ai-ecosystem\packages\route.ts"
"SOURCE_CODE","\app\api\ai-ecosystem\permissions\route.ts"
"SOURCE_CODE","\app\api\ai-ecosystem\plugins\route.ts"
"SOURCE_CODE","\app\api\ai-governance\route.ts"
"GENERATED_OR_BACKUP","\app\api\ai-governance\route.ts.backup-20260907-133859"
"GENERATED_OR_BACKUP","\app\api\ai-governance\route.ts.backup-20260907-134733"
"SOURCE_CODE","\app\api\ai-governance\analytics\route.ts"
"GENERATED_OR_BACKUP","\app\api\ai-governance\analytics\route.ts.backup-20260907-134733"
"SOURCE_CODE","\app\api\ai-governance\audits\route.ts"
"GENERATED_OR_BACKUP","\app\api\ai-governance\audits\route.ts.backup-20260907-133859"
"GENERATED_OR_BACKUP","\app\api\ai-governance\audits\route.ts.backup-20260907-134733"
"SOURCE_CODE","\app\api\ai-governance\compliance\route.ts"
"GENERATED_OR_BACKUP","\app\api\ai-governance\compliance\route.ts.backup-20260907-133859"
"GENERATED_OR_BACKUP","\app\api\ai-governance\compliance\route.ts.backup-20260907-134733"
"SOURCE_CODE","\app\api\ai-governance\ethics\route.ts"
"GENERATED_OR_BACKUP","\app\api\ai-governance\ethics\route.ts.backup-20260907-134733"
"SOURCE_CODE","\app\api\ai-governance\explanations\route.ts"
"SOURCE_CODE","\app\api\ai-governance\health\route.ts"
"SOURCE_CODE","\app\api\ai-governance\monitoring\route.ts"
"SOURCE_CODE","\app\api\ai-governance\optimization\route.ts"
"SOURCE_CODE","\app\api\ai-governance\permissions\route.ts"
"SOURCE_CODE","\app\api\ai-governance\policies\route.ts"
"GENERATED_OR_BACKUP","\app\api\ai-governance\policies\route.ts.backup-20260907-133859"
"GENERATED_OR_BACKUP","\app\api\ai-governance\policies\route.ts.backup-20260907-134733"
"SOURCE_CODE","\app\api\ai-governance\privacy\route.ts"
"SOURCE_CODE","\app\api\ai-governance\risks\route.ts"
"SOURCE_CODE","\app\api\ai-governance\rules\route.ts"
"GENERATED_OR_BACKUP","\app\api\ai-governance\rules\route.ts.backup-20260907-134733"
"SOURCE_CODE","\app\api\ai-governance\safety\route.ts"
"SOURCE_CODE","\app\api\ai-governance\security\route.ts"
"SOURCE_CODE","\app\api\ai-governance\traces\route.ts"
"SOURCE_CODE","\app\api\ai-governance\transparency\route.ts"
"SOURCE_CODE","\app\api\ai-governance\trust\route.ts"
"SOURCE_CODE","\app\api\ai-orchestration\route.ts"
"GENERATED_OR_BACKUP","\app\api\ai-orchestration\route.ts.backup-20260907-123208"
"GENERATED_OR_BACKUP","\app\api\ai-orchestration\route.ts.backup-20260907-124554"
"GENERATED_OR_BACKUP","\app\api\ai-orchestration\route.ts.backup-20260907-125247"
"GENERATED_OR_BACKUP","\app\api\ai-orchestration\route.ts.backup-20260907-140759"
"SOURCE_CODE","\app\api\ai-orchestration\agents\route.ts"
"GENERATED_OR_BACKUP","\app\api\ai-orchestration\agents\route.ts.backup-20260907-123208"
"GENERATED_OR_BACKUP","\app\api\ai-orchestration\agents\route.ts.backup-20260907-124554"
"GENERATED_OR_BACKUP","\app\api\ai-orchestration\agents\route.ts.backup-20260907-125247"
"SOURCE_CODE","\app\api\ai-orchestration\approvals\route.ts"
"SOURCE_CODE","\app\api\ai-orchestration\audit\route.ts"
"SOURCE_CODE","\app\api\ai-orchestration\automation\route.ts"
"SOURCE_CODE","\app\api\ai-orchestration\command\route.ts"
"GENERATED_OR_BACKUP","\app\api\ai-orchestration\command\route.ts.backup-20260907-125247"
"SOURCE_CODE","\app\api\ai-orchestration\context\route.ts"
"GENERATED_OR_BACKUP","\app\api\ai-orchestration\context\route.ts.backup-20260907-123208"
"SOURCE_CODE","\app\api\ai-orchestration\decisions\route.ts"
"GENERATED_OR_BACKUP","\app\api\ai-orchestration\decisions\route.ts.backup-20260907-125247"
"SOURCE_CODE","\app\api\ai-orchestration\execute\route.ts"
"GENERATED_OR_BACKUP","\app\api\ai-orchestration\execute\route.ts.backup-20260907-123208"
"SOURCE_CODE","\app\api\ai-orchestration\execution\route.ts"
"SOURCE_CODE","\app\api\ai-orchestration\executions\route.ts"
"SOURCE_CODE","\app\api\ai-orchestration\governance\route.ts"
"GENERATED_OR_BACKUP","\app\api\ai-orchestration\governance\route.ts.backup-20260907-140759"
"SOURCE_CODE","\app\api\ai-orchestration\memory\route.ts"
"GENERATED_OR_BACKUP","\app\api\ai-orchestration\memory\route.ts.backup-20260907-123208"
"GENERATED_OR_BACKUP","\app\api\ai-orchestration\memory\route.ts.backup-20260907-124554"
"GENERATED_OR_BACKUP","\app\api\ai-orchestration\memory\route.ts.backup-20260907-125247"
"SOURCE_CODE","\app\api\ai-orchestration\models\route.ts"
"SOURCE_CODE","\app\api\ai-orchestration\permissions\route.ts"
"SOURCE_CODE","\app\api\ai-orchestration\pipeline\route.ts"
"GENERATED_OR_BACKUP","\app\api\ai-orchestration\pipeline\route.ts.backup-20260907-123208"
"SOURCE_CODE","\app\api\ai-orchestration\planning\route.ts"
"GENERATED_OR_BACKUP","\app\api\ai-orchestration\planning\route.ts.backup-20260907-140759"
"SOURCE_CODE","\app\api\ai-orchestration\prompts\route.ts"
"SOURCE_CODE","\app\api\ai-orchestration\reasoning\route.ts"
"GENERATED_OR_BACKUP","\app\api\ai-orchestration\reasoning\route.ts.backup-20260907-123208"
"SOURCE_CODE","\app\api\ai-orchestration\response\route.ts"
"GENERATED_OR_BACKUP","\app\api\ai-orchestration\response\route.ts.backup-20260907-123208"
"SOURCE_CODE","\app\api\ai-orchestration\routing\route.ts"
"SOURCE_CODE","\app\api\ai-orchestration\tasks\route.ts"
"GENERATED_OR_BACKUP","\app\api\ai-orchestration\tasks\route.ts.backup-20260907-140759"
"SOURCE_CODE","\app\api\ai-orchestration\workflows\route.ts"
"GENERATED_OR_BACKUP","\app\api\ai-orchestration\workflows\route.ts.backup-20260907-125247"
"GENERATED_OR_BACKUP","\app\api\ai-orchestration\workflows\route.ts.backup-20260907-140759"
"SOURCE_CODE","\app\api\ai-reasoning\route.ts"
"SOURCE_CODE","\app\api\ai-reasoning\analytics\route.ts"
"SOURCE_CODE","\app\api\ai-reasoning\decisions\route.ts"
"SOURCE_CODE","\app\api\ai-reasoning\inference\route.ts"
"SOURCE_CODE","\app\api\ai-reasoning\reasoning\route.ts"
"SOURCE_CODE","\app\api\ai-reasoning\recommendations\route.ts"
"SOURCE_CODE","\app\api\ai-reasoning\risks\route.ts"
"SOURCE_CODE","\app\api\ai-reasoning\scenarios\route.ts"
"SOURCE_CODE","\app\api\ai-research\route.ts"
"GENERATED_OR_BACKUP","\app\api\ai-research\route.ts.backup-20260907-134204"
"SOURCE_CODE","\app\api\ai-research\agents\route.ts"
"SOURCE_CODE","\app\api\ai-research\analysis\route.ts"
"SOURCE_CODE","\app\api\ai-research\analytics\route.ts"
"SOURCE_CODE","\app\api\ai-research\authors\route.ts"
"SOURCE_CODE","\app\api\ai-research\citations\route.ts"
"SOURCE_CODE","\app\api\ai-research\discovery\route.ts"
"GENERATED_OR_BACKUP","\app\api\ai-research\discovery\route.ts.backup-20260907-134204"
"SOURCE_CODE","\app\api\ai-research\evidence\route.ts"
"SOURCE_CODE","\app\api\ai-research\evolution\route.ts"
"SOURCE_CODE","\app\api\ai-research\experiments\route.ts"
"SOURCE_CODE","\app\api\ai-research\hypotheses\route.ts"
"SOURCE_CODE","\app\api\ai-research\insights\route.ts"
"SOURCE_CODE","\app\api\ai-research\learning\route.ts"
"SOURCE_CODE","\app\api\ai-research\papers\route.ts"
"SOURCE_CODE","\app\api\ai-research\reports\route.ts"
"SOURCE_CODE","\app\api\ai-research\research\route.ts"
"SOURCE_CODE","\app\api\ai-research\sources\route.ts"
"SOURCE_CODE","\app\api\ai-research\synthesis\route.ts"
"SOURCE_CODE","\app\api\ai-search\route.ts"
"SOURCE_CODE","\app\api\ai-search\assistant\route.ts"
"SOURCE_CODE","\app\api\ai-search\discovery\route.ts"
"SOURCE_CODE","\app\api\ai-search\filters\route.ts"
"SOURCE_CODE","\app\api\ai-search\location\route.ts"
"SOURCE_CODE","\app\api\ai-search\personalization\route.ts"
"SOURCE_CODE","\app\api\ai-search\query\route.ts"
"SOURCE_CODE","\app\api\ai-search\ranking\route.ts"
"SOURCE_CODE","\app\api\ai-search\semantic\route.ts"
"SOURCE_CODE","\app\api\analytics\route.ts"
"SOURCE_CODE","\app\api\analytics\dashboards\route.ts"
"SOURCE_CODE","\app\api\analytics\forecasts\route.ts"
"SOURCE_CODE","\app\api\analytics\insights\route.ts"
"SOURCE_CODE","\app\api\analytics\kpi\route.ts"
"SOURCE_CODE","\app\api\analytics\market\route.ts"
"SOURCE_CODE","\app\api\analytics\metrics\route.ts"
"SOURCE_CODE","\app\api\analytics\reports\route.ts"
"SOURCE_CODE","\app\api\analytics\visualization\route.ts"
"SOURCE_CODE","\app\api\architecture\route.ts"
"SOURCE_CODE","\app\api\architecture\analysis\route.ts"
"SOURCE_CODE","\app\api\architecture\architects\route.ts"
"SOURCE_CODE","\app\api\architecture\firms\route.ts"
"SOURCE_CODE","\app\api\architecture\materials\route.ts"
"SOURCE_CODE","\app\api\architecture\projects\route.ts"
"SOURCE_CODE","\app\api\architecture\ranking\route.ts"
"SOURCE_CODE","\app\api\architecture\styles\route.ts"
"SOURCE_CODE","\app\api\architecture-intelligence\analytics\route.ts"
"SOURCE_CODE","\app\api\architecture-intelligence\architects\route.ts"
"SOURCE_CODE","\app\api\architecture-intelligence\bim\route.ts"
"SOURCE_CODE","\app\api\architecture-intelligence\design\route.ts"
"SOURCE_CODE","\app\api\architecture-intelligence\generation\route.ts"
"SOURCE_CODE","\app\api\architecture-intelligence\ranking\route.ts"
"SOURCE_CODE","\app\api\architecture-intelligence\styles\route.ts"
"SOURCE_CODE","\app\api\architecture-intelligence\sustainability\route.ts"
"SOURCE_CODE","\app\api\architecture-intelligence\urban\route.ts"
"SOURCE_CODE","\app\api\auth\route.ts"
"SOURCE_CODE","\app\api\auth\forgot-password\route.ts"
"GENERATED_OR_BACKUP","\app\api\auth\forgot-password\route.ts.backup-20260907-115207"
"SOURCE_CODE","\app\api\auth\login\route.ts"
"GENERATED_OR_BACKUP","\app\api\auth\login\route.ts.backup-20260907-114206"
"GENERATED_OR_BACKUP","\app\api\auth\login\route.ts.backup-20260907-115207"
"SOURCE_CODE","\app\api\auth\logout\route.ts"
"GENERATED_OR_BACKUP","\app\api\auth\logout\route.ts.backup-20260907-114206"
"GENERATED_OR_BACKUP","\app\api\auth\logout\route.ts.backup-20260907-115207"
"SOURCE_CODE","\app\api\auth\register\route.ts"
"GENERATED_OR_BACKUP","\app\api\auth\register\route.ts.backup-20260907-114206"
"GENERATED_OR_BACKUP","\app\api\auth\register\route.ts.backup-20260907-115207"
"SOURCE_CODE","\app\api\auth\reset-password\route.ts"
"GENERATED_OR_BACKUP","\app\api\auth\reset-password\route.ts.backup-20260907-114206"
"GENERATED_OR_BACKUP","\app\api\auth\reset-password\route.ts.backup-20260907-115207"
"SOURCE_CODE","\app\api\auth\session\route.ts"
"GENERATED_OR_BACKUP","\app\api\auth\session\route.ts.backup-20260907-114206"
"SOURCE_CODE","\app\api\auth\social\route.ts"
"SOURCE_CODE","\app\api\auth\verify\route.ts"
"GENERATED_OR_BACKUP","\app\api\auth\verify\route.ts.backup-20260907-114206"
"GENERATED_OR_BACKUP","\app\api\auth\verify\route.ts.backup-20260907-115207"
"SOURCE_CODE","\app\api\autonomous-intelligence\route.ts"
"GENERATED_OR_BACKUP","\app\api\autonomous-intelligence\route.ts.backup-20260907-130432"
"SOURCE_CODE","\app\api\autonomous-intelligence\actions\route.ts"
"SOURCE_CODE","\app\api\autonomous-intelligence\agents\route.ts"
"GENERATED_OR_BACKUP","\app\api\autonomous-intelligence\agents\route.ts.backup-20260907-130432"
"SOURCE_CODE","\app\api\autonomous-intelligence\assistant\route.ts"
"GENERATED_OR_BACKUP","\app\api\autonomous-intelligence\assistant\route.ts.backup-20260907-130432"
"SOURCE_CODE","\app\api\autonomous-intelligence\decisions\route.ts"
"SOURCE_CODE","\app\api\autonomous-intelligence\execution\route.ts"
"SOURCE_CODE","\app\api\autonomous-intelligence\goals\route.ts"
"SOURCE_CODE","\app\api\autonomous-intelligence\learning\route.ts"
"GENERATED_OR_BACKUP","\app\api\autonomous-intelligence\learning\route.ts.backup-20260907-130432"
"SOURCE_CODE","\app\api\autonomous-intelligence\memory\route.ts"
"SOURCE_CODE","\app\api\autonomous-intelligence\monitoring\route.ts"
"SOURCE_CODE","\app\api\autonomous-intelligence\plans\route.ts"
"SOURCE_CODE","\app\api\autonomous-intelligence\predictions\route.ts"
"SOURCE_CODE","\app\api\autonomous-intelligence\tasks\route.ts"
"GENERATED_OR_BACKUP","\app\api\autonomous-intelligence\tasks\route.ts.backup-20260907-130432"
"SOURCE_CODE","\app\api\autonomous-intelligence\workflows\route.ts"
"SOURCE_CODE","\app\api\cities\route.ts"
"GENERATED_OR_BACKUP","\app\api\cities\route.ts.backup-20260907-120619"
"SOURCE_CODE","\app\api\cities\ai-insight\route.ts"
"SOURCE_CODE","\app\api\cities\analysis\route.ts"
"GENERATED_OR_BACKUP","\app\api\cities\analysis\route.ts.backup-20260907-120619"
"SOURCE_CODE","\app\api\cities\architecture\route.ts"
"SOURCE_CODE","\app\api\cities\comparison\route.ts"
"SOURCE_CODE","\app\api\cities\indicators\route.ts"
"SOURCE_CODE","\app\api\cities\investment\route.ts"
"SOURCE_CODE","\app\api\cities\market\route.ts"
"SOURCE_CODE","\app\api\cities\profile\route.ts"
"GENERATED_OR_BACKUP","\app\api\cities\profile\route.ts.backup-20260907-120619"
"SOURCE_CODE","\app\api\cities\ranking\route.ts"
"GENERATED_OR_BACKUP","\app\api\cities\ranking\route.ts.backup-20260907-120619"
"SOURCE_CODE","\app\api\cities\search\route.ts"
"SOURCE_CODE","\app\api\cities-intelligence\route.ts"
"SOURCE_CODE","\app\api\cities-intelligence\analysis\route.ts"
"SOURCE_CODE","\app\api\cities-intelligence\cities\route.ts"
"SOURCE_CODE","\app\api\cities-intelligence\countries\route.ts"
"SOURCE_CODE","\app\api\cities-intelligence\indicators\route.ts"
"SOURCE_CODE","\app\api\cities-intelligence\infrastructure\route.ts"
"SOURCE_CODE","\app\api\cities-intelligence\overview\route.ts"
"SOURCE_CODE","\app\api\cities-intelligence\ranking\route.ts"
"GENERATED_OR_BACKUP","\app\api\cities-intelligence\ranking\route.ts.backup-20260907-114619"
"SOURCE_CODE","\app\api\cities-intelligence\reports\route.ts"
"SOURCE_CODE","\app\api\cities-intelligence\sustainability\route.ts"
"SOURCE_CODE","\app\api\city-intelligence\route.ts"
"GENERATED_OR_BACKUP","\app\api\city-intelligence\route.ts.backup-20260907-124115"
"SOURCE_CODE","\app\api\city-intelligence\advisor\route.ts"
"SOURCE_CODE","\app\api\city-intelligence\ai-assistant\route.ts"
"SOURCE_CODE","\app\api\city-intelligence\analysis\route.ts"
"SOURCE_CODE","\app\api\city-intelligence\cities\route.ts"
"GENERATED_OR_BACKUP","\app\api\city-intelligence\cities\route.ts.backup-20260907-124114"
"SOURCE_CODE","\app\api\city-intelligence\growth\route.ts"
"SOURCE_CODE","\app\api\city-intelligence\infrastructure\route.ts"
"SOURCE_CODE","\app\api\city-intelligence\livability\route.ts"
"GENERATED_OR_BACKUP","\app\api\city-intelligence\livability\route.ts.backup-20260907-124115"
"SOURCE_CODE","\app\api\city-intelligence\market\route.ts"
"SOURCE_CODE","\app\api\city-intelligence\neighborhoods\route.ts"
"GENERATED_OR_BACKUP","\app\api\city-intelligence\neighborhoods\route.ts.backup-20260907-124114"
"SOURCE_CODE","\app\api\city-intelligence\ranking\route.ts"
"GENERATED_OR_BACKUP","\app\api\city-intelligence\ranking\route.ts.backup-20260907-124115"
"SOURCE_CODE","\app\api\city-intelligence\urban-data\route.ts"
"SOURCE_CODE","\app\api\climate-intelligence\route.ts"
"GENERATED_OR_BACKUP","\app\api\climate-intelligence\route.ts.backup-20260907-140233"
"SOURCE_CODE","\app\api\climate-intelligence\adaptation\route.ts"
"SOURCE_CODE","\app\api\climate-intelligence\analytics\route.ts"
"GENERATED_OR_BACKUP","\app\api\climate-intelligence\analytics\route.ts.backup-20260907-140233"
"SOURCE_CODE","\app\api\climate-intelligence\buildings\route.ts"
"SOURCE_CODE","\app\api\climate-intelligence\carbon\route.ts"
"GENERATED_OR_BACKUP","\app\api\climate-intelligence\carbon\route.ts.backup-20260907-140233"
"SOURCE_CODE","\app\api\climate-intelligence\climate\route.ts"
"GENERATED_OR_BACKUP","\app\api\climate-intelligence\climate\route.ts.backup-20260907-140233"
"SOURCE_CODE","\app\api\climate-intelligence\energy\route.ts"
"GENERATED_OR_BACKUP","\app\api\climate-intelligence\energy\route.ts.backup-20260907-140233"
"SOURCE_CODE","\app\api\climate-intelligence\mitigation\route.ts"
"SOURCE_CODE","\app\api\climate-intelligence\predictions\route.ts"
"SOURCE_CODE","\app\api\climate-intelligence\resilience\route.ts"
"SOURCE_CODE","\app\api\climate-intelligence\risks\route.ts"
"SOURCE_CODE","\app\api\climate-intelligence\sustainability\route.ts"
"GENERATED_OR_BACKUP","\app\api\climate-intelligence\sustainability\route.ts.backup-20260907-140233"
"SOURCE_CODE","\app\api\cloud\route.ts"
"GENERATED_OR_BACKUP","\app\api\cloud\backup\route.ts"
"SOURCE_CODE","\app\api\cloud\deployment\route.ts"
"SOURCE_CODE","\app\api\cloud\environments\route.ts"
"SOURCE_CODE","\app\api\cloud\health\route.ts"
"SOURCE_CODE","\app\api\cloud\logs\route.ts"
"SOURCE_CODE","\app\api\cloud\monitoring\route.ts"
"SOURCE_CODE","\app\api\cloud\releases\route.ts"
"SOURCE_CODE","\app\api\collaboration\route.ts"
"SOURCE_CODE","\app\api\collaboration\activities\route.ts"
"SOURCE_CODE","\app\api\collaboration\appointments\route.ts"
"SOURCE_CODE","\app\api\collaboration\automation\route.ts"
"SOURCE_CODE","\app\api\collaboration\conversations\route.ts"
"SOURCE_CODE","\app\api\collaboration\messages\route.ts"
"SOURCE_CODE","\app\api\collaboration\notifications\route.ts"
"SOURCE_CODE","\app\api\collaboration\teams\route.ts"
"SOURCE_CODE","\app\api\collaboration\workflows\route.ts"
"SOURCE_CODE","\app\api\communication\route.ts"
"SOURCE_CODE","\app\api\communication\appointments\route.ts"
"SOURCE_CODE","\app\api\communication\assistant\route.ts"
"SOURCE_CODE","\app\api\communication\conversations\route.ts"
"SOURCE_CODE","\app\api\communication\inquiries\route.ts"
"SOURCE_CODE","\app\api\communication\interactions\route.ts"
"SOURCE_CODE","\app\api\communication\messages\route.ts"
"SOURCE_CODE","\app\api\communication\negotiations\route.ts"
"SOURCE_CODE","\app\api\communication\notifications\route.ts"
"SOURCE_CODE","\app\api\communication-intelligence\route.ts"
"SOURCE_CODE","\app\api\communication-intelligence\assistant\route.ts"
"SOURCE_CODE","\app\api\communication-intelligence\automation\route.ts"
"SOURCE_CODE","\app\api\communication-intelligence\channels\route.ts"
"SOURCE_CODE","\app\api\communication-intelligence\collaboration\route.ts"
"SOURCE_CODE","\app\api\communication-intelligence\conversations\route.ts"
"SOURCE_CODE","\app\api\communication-intelligence\messages\route.ts"
"SOURCE_CODE","\app\api\communication-intelligence\notifications\route.ts"
"SOURCE_CODE","\app\api\communication-intelligence\routing\route.ts"
"SOURCE_CODE","\app\api\communication-intelligence\sentiment\route.ts"
"SOURCE_CODE","\app\api\content\route.ts"
"SOURCE_CODE","\app\api\content\ai-summary\route.ts"
"SOURCE_CODE","\app\api\content\articles\route.ts"
"SOURCE_CODE","\app\api\content\classify\route.ts"
"SOURCE_CODE","\app\api\content\news\route.ts"
"SOURCE_CODE","\app\api\content\reports\route.ts"
"SOURCE_CODE","\app\api\content\seo\route.ts"
"SOURCE_CODE","\app\api\content\translate\route.ts"
"SOURCE_CODE","\app\api\content-intelligence\route.ts"
"GENERATED_OR_BACKUP","\app\api\content-intelligence\route.ts.backup-20260907-120942"
"GENERATED_OR_BACKUP","\app\api\content-intelligence\route.ts.backup-20260907-122435"
"GENERATED_OR_BACKUP","\app\api\content-intelligence\route.ts.backup-20260907-124431"
"GENERATED_OR_BACKUP","\app\api\content-intelligence\route.ts.backup-20260907-125119"
"SOURCE_CODE","\app\api\content-intelligence\ai-assistant\route.ts"
"SOURCE_CODE","\app\api\content-intelligence\analysis\route.ts"
"SOURCE_CODE","\app\api\content-intelligence\analyze\route.ts"
"SOURCE_CODE","\app\api\content-intelligence\articles\route.ts"
"GENERATED_OR_BACKUP","\app\api\content-intelligence\articles\route.ts.backup-20260907-122435"
"GENERATED_OR_BACKUP","\app\api\content-intelligence\articles\route.ts.backup-20260907-124430"
"GENERATED_OR_BACKUP","\app\api\content-intelligence\articles\route.ts.backup-20260907-125119"
"SOURCE_CODE","\app\api\content-intelligence\assistant\route.ts"
"SOURCE_CODE","\app\api\content-intelligence\citations\route.ts"
"SOURCE_CODE","\app\api\content-intelligence\classification\route.ts"
"SOURCE_CODE","\app\api\content-intelligence\contents\route.ts"
"SOURCE_CODE","\app\api\content-intelligence\editorial\route.ts"
"SOURCE_CODE","\app\api\content-intelligence\knowledge\route.ts"
"SOURCE_CODE","\app\api\content-intelligence\knowledge-links\route.ts"
"SOURCE_CODE","\app\api\content-intelligence\localization\route.ts"
"SOURCE_CODE","\app\api\content-intelligence\publications\route.ts"
"GENERATED_OR_BACKUP","\app\api\content-intelligence\publications\route.ts.backup-20260907-125119"
"SOURCE_CODE","\app\api\content-intelligence\publish\route.ts"
"SOURCE_CODE","\app\api\content-intelligence\publishing\route.ts"
"GENERATED_OR_BACKUP","\app\api\content-intelligence\publishing\route.ts.backup-20260907-122435"
"SOURCE_CODE","\app\api\content-intelligence\quality\route.ts"
"SOURCE_CODE","\app\api\content-intelligence\ranking\route.ts"
"SOURCE_CODE","\app\api\content-intelligence\relations\route.ts"
"SOURCE_CODE","\app\api\content-intelligence\reports\route.ts"
"GENERATED_OR_BACKUP","\app\api\content-intelligence\reports\route.ts.backup-20260907-122435"
"SOURCE_CODE","\app\api\content-intelligence\research\route.ts"
"GENERATED_OR_BACKUP","\app\api\content-intelligence\research\route.ts.backup-20260907-124431"
"GENERATED_OR_BACKUP","\app\api\content-intelligence\research\route.ts.backup-20260907-125119"
"SOURCE_CODE","\app\api\content-intelligence\semantic\route.ts"
"GENERATED_OR_BACKUP","\app\api\content-intelligence\semantic\route.ts.backup-20260907-122435"
"GENERATED_OR_BACKUP","\app\api\content-intelligence\semantic\route.ts.backup-20260907-124431"
"SOURCE_CODE","\app\api\content-intelligence\seo\route.ts"
"SOURCE_CODE","\app\api\content-intelligence\sources\route.ts"
"SOURCE_CODE","\app\api\content-intelligence\summary\route.ts"
"SOURCE_CODE","\app\api\content-intelligence\taxonomy\route.ts"
"SOURCE_CODE","\app\api\content-intelligence\translate\route.ts"
"SOURCE_CODE","\app\api\content-intelligence\translation\route.ts"
"SOURCE_CODE","\app\api\content-intelligence\translations\route.ts"
"SOURCE_CODE","\app\api\content-platform\route.ts"
"SOURCE_CODE","\app\api\content-platform\articles\route.ts"
"SOURCE_CODE","\app\api\content-platform\authors\route.ts"
"SOURCE_CODE","\app\api\content-platform\editorial\route.ts"
"SOURCE_CODE","\app\api\content-platform\knowledge\route.ts"
"SOURCE_CODE","\app\api\content-platform\media\route.ts"
"SOURCE_CODE","\app\api\content-platform\publishing\route.ts"
"SOURCE_CODE","\app\api\content-platform\reports\route.ts"
"SOURCE_CODE","\app\api\content-platform\research\route.ts"
"SOURCE_CODE","\app\api\continuous-learning\route.ts"
"SOURCE_CODE","\app\api\continuous-learning\adaptation\route.ts"
"SOURCE_CODE","\app\api\continuous-learning\analytics\route.ts"
"SOURCE_CODE","\app\api\continuous-learning\evaluation\route.ts"
"SOURCE_CODE","\app\api\continuous-learning\evolution\route.ts"
"SOURCE_CODE","\app\api\continuous-learning\experiences\route.ts"
"SOURCE_CODE","\app\api\continuous-learning\feedback\route.ts"
"SOURCE_CODE","\app\api\continuous-learning\models\route.ts"
"SOURCE_CODE","\app\api\continuous-learning\optimization\route.ts"
"SOURCE_CODE","\app\api\conversational-ai\route.ts"
"SOURCE_CODE","\app\api\conversational-ai\assistant\route.ts"
"SOURCE_CODE","\app\api\conversational-ai\chat\route.ts"
"SOURCE_CODE","\app\api\conversational-ai\context\route.ts"
"SOURCE_CODE","\app\api\conversational-ai\intents\route.ts"
"SOURCE_CODE","\app\api\conversational-ai\languages\route.ts"
"SOURCE_CODE","\app\api\conversational-ai\memory\route.ts"
"SOURCE_CODE","\app\api\conversational-ai\messages\route.ts"
"SOURCE_CODE","\app\api\conversational-ai\voice\route.ts"
"SOURCE_CODE","\app\api\dashboard\route.ts"
"SOURCE_CODE","\app\api\dashboard\activity\route.ts"
"SOURCE_CODE","\app\api\dashboard\insights\route.ts"
"SOURCE_CODE","\app\api\dashboard\preferences\route.ts"
"SOURCE_CODE","\app\api\data-intelligence\route.ts"
"GENERATED_OR_BACKUP","\app\api\data-intelligence\route.ts.backup-20260907-125201"
"GENERATED_OR_BACKUP","\app\api\data-intelligence\route.ts.backup-20260907-132407"
"GENERATED_OR_BACKUP","\app\api\data-intelligence\route.ts.backup-20260907-132953"
"SOURCE_CODE","\app\api\data-intelligence\ai\route.ts"
"SOURCE_CODE","\app\api\data-intelligence\analytics\route.ts"
"GENERATED_OR_BACKUP","\app\api\data-intelligence\analytics\route.ts.backup-20260907-125201"
"GENERATED_OR_BACKUP","\app\api\data-intelligence\analytics\route.ts.backup-20260907-132407"
"GENERATED_OR_BACKUP","\app\api\data-intelligence\analytics\route.ts.backup-20260907-132953"
"SOURCE_CODE","\app\api\data-intelligence\assistant\route.ts"
"SOURCE_CODE","\app\api\data-intelligence\business\route.ts"
"SOURCE_CODE","\app\api\data-intelligence\dashboards\route.ts"
"SOURCE_CODE","\app\api\data-intelligence\datasets\route.ts"
"GENERATED_OR_BACKUP","\app\api\data-intelligence\datasets\route.ts.backup-20260907-125201"
"GENERATED_OR_BACKUP","\app\api\data-intelligence\datasets\route.ts.backup-20260907-132953"
"SOURCE_CODE","\app\api\data-intelligence\decisions\route.ts"
"SOURCE_CODE","\app\api\data-intelligence\executive\route.ts"
"SOURCE_CODE","\app\api\data-intelligence\geographic\route.ts"
"SOURCE_CODE","\app\api\data-intelligence\indicators\route.ts"
"SOURCE_CODE","\app\api\data-intelligence\ingestion\route.ts"
"GENERATED_OR_BACKUP","\app\api\data-intelligence\ingestion\route.ts.backup-20260907-125201"
"SOURCE_CODE","\app\api\data-intelligence\insights\route.ts"
"GENERATED_OR_BACKUP","\app\api\data-intelligence\insights\route.ts.backup-20260907-132953"
"SOURCE_CODE","\app\api\data-intelligence\kpis\route.ts"
"SOURCE_CODE","\app\api\data-intelligence\market\route.ts"
"SOURCE_CODE","\app\api\data-intelligence\metrics\route.ts"
"GENERATED_OR_BACKUP","\app\api\data-intelligence\metrics\route.ts.backup-20260907-125201"
"GENERATED_OR_BACKUP","\app\api\data-intelligence\metrics\route.ts.backup-20260907-132407"
"GENERATED_OR_BACKUP","\app\api\data-intelligence\metrics\route.ts.backup-20260907-132953"
"SOURCE_CODE","\app\api\data-intelligence\pipelines\route.ts"
"GENERATED_OR_BACKUP","\app\api\data-intelligence\pipelines\route.ts.backup-20260907-125201"
"SOURCE_CODE","\app\api\data-intelligence\quality\route.ts"
"GENERATED_OR_BACKUP","\app\api\data-intelligence\quality\route.ts.backup-20260907-125201"
"SOURCE_CODE","\app\api\data-intelligence\reports\route.ts"
"GENERATED_OR_BACKUP","\app\api\data-intelligence\reports\route.ts.backup-20260907-132953"
"SOURCE_CODE","\app\api\data-intelligence\sources\route.ts"
"SOURCE_CODE","\app\api\data-intelligence\users\route.ts"
"SOURCE_CODE","\app\api\data-intelligence\warehouse\route.ts"
"GENERATED_OR_BACKUP","\app\api\data-intelligence\warehouse\route.ts.backup-20260907-132953"
"SOURCE_CODE","\app\api\data-marketplace\route.ts"
"SOURCE_CODE","\app\api\data-marketplace\analytics\route.ts"
"SOURCE_CODE","\app\api\data-marketplace\apis\route.ts"
"SOURCE_CODE","\app\api\data-marketplace\datasets\route.ts"
"SOURCE_CODE","\app\api\data-marketplace\insights\route.ts"
"SOURCE_CODE","\app\api\data-marketplace\knowledge\route.ts"
"SOURCE_CODE","\app\api\data-marketplace\products\route.ts"
"SOURCE_CODE","\app\api\data-marketplace\providers\route.ts"
"SOURCE_CODE","\app\api\data-marketplace\subscriptions\route.ts"
"SOURCE_CODE","\app\api\data-platform\route.ts"
"SOURCE_CODE","\app\api\data-platform\analytics\route.ts"
"SOURCE_CODE","\app\api\data-platform\connectors\route.ts"
"SOURCE_CODE","\app\api\data-platform\datasets\route.ts"
"SOURCE_CODE","\app\api\data-platform\lake\route.ts"
"SOURCE_CODE","\app\api\data-platform\pipeline\route.ts"
"SOURCE_CODE","\app\api\data-platform\quality\route.ts"
"SOURCE_CODE","\app\api\data-platform\sources\route.ts"
"SOURCE_CODE","\app\api\data-platform\warehouse\route.ts"
"SOURCE_CODE","\app\api\decision-intelligence\route.ts"
"GENERATED_OR_BACKUP","\app\api\decision-intelligence\route.ts.backup-20260907-133824"
"GENERATED_OR_BACKUP","\app\api\decision-intelligence\route.ts.backup-20260907-134641"
"GENERATED_OR_BACKUP","\app\api\decision-intelligence\route.ts.backup-20260907-135659"
"SOURCE_CODE","\app\api\decision-intelligence\analytics\route.ts"
"GENERATED_OR_BACKUP","\app\api\decision-intelligence\analytics\route.ts.backup-20260907-134641"
"GENERATED_OR_BACKUP","\app\api\decision-intelligence\analytics\route.ts.backup-20260907-135659"
"SOURCE_CODE","\app\api\decision-intelligence\assistant\route.ts"
"SOURCE_CODE","\app\api\decision-intelligence\criteria\route.ts"
"SOURCE_CODE","\app\api\decision-intelligence\decisions\route.ts"
"GENERATED_OR_BACKUP","\app\api\decision-intelligence\decisions\route.ts.backup-20260907-133824"
"GENERATED_OR_BACKUP","\app\api\decision-intelligence\decisions\route.ts.backup-20260907-134641"
"GENERATED_OR_BACKUP","\app\api\decision-intelligence\decisions\route.ts.backup-20260907-135659"
"SOURCE_CODE","\app\api\decision-intelligence\executives\route.ts"
"SOURCE_CODE","\app\api\decision-intelligence\explanations\route.ts"
"GENERATED_OR_BACKUP","\app\api\decision-intelligence\explanations\route.ts.backup-20260907-133824"
"SOURCE_CODE","\app\api\decision-intelligence\insights\route.ts"
"SOURCE_CODE","\app\api\decision-intelligence\opportunities\route.ts"
"SOURCE_CODE","\app\api\decision-intelligence\planning\route.ts"
"SOURCE_CODE","\app\api\decision-intelligence\rankings\route.ts"
"SOURCE_CODE","\app\api\decision-intelligence\reasoning\route.ts"
"SOURCE_CODE","\app\api\decision-intelligence\recommendations\route.ts"
"GENERATED_OR_BACKUP","\app\api\decision-intelligence\recommendations\route.ts.backup-20260907-133824"
"GENERATED_OR_BACKUP","\app\api\decision-intelligence\recommendations\route.ts.backup-20260907-135659"
"SOURCE_CODE","\app\api\decision-intelligence\risks\route.ts"
"GENERATED_OR_BACKUP","\app\api\decision-intelligence\risks\route.ts.backup-20260907-134641"
"GENERATED_OR_BACKUP","\app\api\decision-intelligence\risks\route.ts.backup-20260907-135659"
"SOURCE_CODE","\app\api\decision-intelligence\scenarios\route.ts"
"GENERATED_OR_BACKUP","\app\api\decision-intelligence\scenarios\route.ts.backup-20260907-135659"
"SOURCE_CODE","\app\api\decision-intelligence\scores\route.ts"
"SOURCE_CODE","\app\api\decision-intelligence\simulations\route.ts"
"SOURCE_CODE","\app\api\decision-intelligence\strategies\route.ts"
"GENERATED_OR_BACKUP","\app\api\decision-intelligence\strategies\route.ts.backup-20260907-133824"
"GENERATED_OR_BACKUP","\app\api\decision-intelligence\strategies\route.ts.backup-20260907-134641"
"GENERATED_OR_BACKUP","\app\api\decision-intelligence\strategies\route.ts.backup-20260907-135659"
"SOURCE_CODE","\app\api\digital-twin\route.ts"
"GENERATED_OR_BACKUP","\app\api\digital-twin\route.ts.backup-20260907-130258"
"GENERATED_OR_BACKUP","\app\api\digital-twin\route.ts.backup-20260907-131124"
"GENERATED_OR_BACKUP","\app\api\digital-twin\route.ts.backup-20260907-132915"
"GENERATED_OR_BACKUP","\app\api\digital-twin\route.ts.backup-20260907-133535"
"GENERATED_OR_BACKUP","\app\api\digital-twin\route.ts.backup-20260907-134046"
"SOURCE_CODE","\app\api\digital-twin\advisor\route.ts"
"GENERATED_OR_BACKUP","\app\api\digital-twin\advisor\route.ts.backup-20260907-131124"
"SOURCE_CODE","\app\api\digital-twin\analytics\route.ts"
"GENERATED_OR_BACKUP","\app\api\digital-twin\analytics\route.ts.backup-20260907-133534"
"GENERATED_OR_BACKUP","\app\api\digital-twin\analytics\route.ts.backup-20260907-134046"
"SOURCE_CODE","\app\api\digital-twin\assets\route.ts"
"GENERATED_OR_BACKUP","\app\api\digital-twin\assets\route.ts.backup-20260907-134046"
"SOURCE_CODE","\app\api\digital-twin\assistant\route.ts"
"SOURCE_CODE","\app\api\digital-twin\building\route.ts"
"SOURCE_CODE","\app\api\digital-twin\buildings\route.ts"
"GENERATED_OR_BACKUP","\app\api\digital-twin\buildings\route.ts.backup-20260907-133534"
"SOURCE_CODE","\app\api\digital-twin\cities\route.ts"
"GENERATED_OR_BACKUP","\app\api\digital-twin\cities\route.ts.backup-20260907-133534"
"SOURCE_CODE","\app\api\digital-twin\environment\route.ts"
"SOURCE_CODE","\app\api\digital-twin\forecasts\route.ts"
"SOURCE_CODE","\app\api\digital-twin\future-city\route.ts"
"SOURCE_CODE","\app\api\digital-twin\lifecycle\route.ts"
"SOURCE_CODE","\app\api\digital-twin\markets\route.ts"
"SOURCE_CODE","\app\api\digital-twin\models\route.ts"
"GENERATED_OR_BACKUP","\app\api\digital-twin\models\route.ts.backup-20260907-133534"
"GENERATED_OR_BACKUP","\app\api\digital-twin\models\route.ts.backup-20260907-134046"
"SOURCE_CODE","\app\api\digital-twin\optimization\route.ts"
"SOURCE_CODE","\app\api\digital-twin\predictions\route.ts"
"GENERATED_OR_BACKUP","\app\api\digital-twin\predictions\route.ts.backup-20260907-133534"
"GENERATED_OR_BACKUP","\app\api\digital-twin\predictions\route.ts.backup-20260907-134046"
"SOURCE_CODE","\app\api\digital-twin\properties\route.ts"
"GENERATED_OR_BACKUP","\app\api\digital-twin\properties\route.ts.backup-20260907-130258"
"SOURCE_CODE","\app\api\digital-twin\property\route.ts"
"SOURCE_CODE","\app\api\digital-twin\scenarios\route.ts"
"GENERATED_OR_BACKUP","\app\api\digital-twin\scenarios\route.ts.backup-20260907-131124"
"GENERATED_OR_BACKUP","\app\api\digital-twin\scenarios\route.ts.backup-20260907-132915"
"GENERATED_OR_BACKUP","\app\api\digital-twin\scenarios\route.ts.backup-20260907-133534"
"GENERATED_OR_BACKUP","\app\api\digital-twin\scenarios\route.ts.backup-20260907-134046"
"SOURCE_CODE","\app\api\digital-twin\simulation\route.ts"
"GENERATED_OR_BACKUP","\app\api\digital-twin\simulation\route.ts.backup-20260907-130258"
"GENERATED_OR_BACKUP","\app\api\digital-twin\simulation\route.ts.backup-20260907-131124"
"GENERATED_OR_BACKUP","\app\api\digital-twin\simulation\route.ts.backup-20260907-132915"
"SOURCE_CODE","\app\api\digital-twin\simulations\route.ts"
"GENERATED_OR_BACKUP","\app\api\digital-twin\simulations\route.ts.backup-20260907-134046"
"SOURCE_CODE","\app\api\digital-twin\spatial\route.ts"
"GENERATED_OR_BACKUP","\app\api\digital-twin\spatial\route.ts.backup-20260907-134046"
"SOURCE_CODE","\app\api\digital-twin\synchronization\route.ts"
"SOURCE_CODE","\app\api\digital-twin\twins\route.ts"
"GENERATED_OR_BACKUP","\app\api\digital-twin\twins\route.ts.backup-20260907-130258"
"GENERATED_OR_BACKUP","\app\api\digital-twin\twins\route.ts.backup-20260907-132915"
"GENERATED_OR_BACKUP","\app\api\digital-twin\twins\route.ts.backup-20260907-133534"
"GENERATED_OR_BACKUP","\app\api\digital-twin\twins\route.ts.backup-20260907-134046"
"SOURCE_CODE","\app\api\digital-twin\urban\route.ts"
"GENERATED_OR_BACKUP","\app\api\digital-twin\urban\route.ts.backup-20260907-131124"
"GENERATED_OR_BACKUP","\app\api\digital-twin\urban\route.ts.backup-20260907-134046"
"SOURCE_CODE","\app\api\digital-twin-intelligence\route.ts"
"GENERATED_OR_BACKUP","\app\api\digital-twin-intelligence\route.ts.backup-20260907-140144"
"SOURCE_CODE","\app\api\digital-twin-intelligence\analytics\route.ts"
"GENERATED_OR_BACKUP","\app\api\digital-twin-intelligence\analytics\route.ts.backup-20260907-140144"
"SOURCE_CODE","\app\api\digital-twin-intelligence\buildings\route.ts"
"GENERATED_OR_BACKUP","\app\api\digital-twin-intelligence\buildings\route.ts.backup-20260907-140144"
"SOURCE_CODE","\app\api\digital-twin-intelligence\cities\route.ts"
"SOURCE_CODE","\app\api\digital-twin-intelligence\prediction\route.ts"
"SOURCE_CODE","\app\api\digital-twin-intelligence\predictions\route.ts"
"SOURCE_CODE","\app\api\digital-twin-intelligence\properties\route.ts"
"GENERATED_OR_BACKUP","\app\api\digital-twin-intelligence\properties\route.ts.backup-20260907-140144"
"SOURCE_CODE","\app\api\digital-twin-intelligence\scenarios\route.ts"
"SOURCE_CODE","\app\api\digital-twin-intelligence\sensors\route.ts"
"SOURCE_CODE","\app\api\digital-twin-intelligence\simulation\route.ts"
"SOURCE_CODE","\app\api\digital-twin-intelligence\simulations\route.ts"
"SOURCE_CODE","\app\api\digital-twin-intelligence\telemetry\route.ts"
"SOURCE_CODE","\app\api\digital-twin-intelligence\twins\route.ts"
"GENERATED_OR_BACKUP","\app\api\digital-twin-intelligence\twins\route.ts.backup-20260907-140144"
"SOURCE_CODE","\app\api\digital-twin-intelligence\urban\route.ts"
"SOURCE_CODE","\app\api\discovery\route.ts"
"SOURCE_CODE","\app\api\discovery\analytics\route.ts"
"SOURCE_CODE","\app\api\discovery\filters\route.ts"
"SOURCE_CODE","\app\api\discovery\properties\route.ts"
"SOURCE_CODE","\app\api\discovery\ranking\route.ts"
"SOURCE_CODE","\app\api\discovery\recommendations\route.ts"
"SOURCE_CODE","\app\api\discovery\search\route.ts"
"SOURCE_CODE","\app\api\discovery\semantic\route.ts"
"SOURCE_CODE","\app\api\enterprise-platform\route.ts"
"SOURCE_CODE","\app\api\enterprise-platform\analytics\route.ts"
"SOURCE_CODE","\app\api\enterprise-platform\members\route.ts"
"SOURCE_CODE","\app\api\enterprise-platform\organizations\route.ts"
"SOURCE_CODE","\app\api\enterprise-platform\permissions\route.ts"
"SOURCE_CODE","\app\api\enterprise-platform\roles\route.ts"
"SOURCE_CODE","\app\api\enterprise-platform\services\route.ts"
"SOURCE_CODE","\app\api\enterprise-platform\teams\route.ts"
"SOURCE_CODE","\app\api\enterprise-platform\workspaces\route.ts"
"SOURCE_CODE","\app\api\experience\adaptive\route.ts"
"SOURCE_CODE","\app\api\experience\analytics\route.ts"
"SOURCE_CODE","\app\api\experience\context\route.ts"
"SOURCE_CODE","\app\api\experience\interaction\route.ts"
"SOURCE_CODE","\app\api\experience\journey\route.ts"
"SOURCE_CODE","\app\api\experience\personalization\route.ts"
"SOURCE_CODE","\app\api\experience\recommendations\route.ts"
"SOURCE_CODE","\app\api\experience\search\route.ts"
"SOURCE_CODE","\app\api\financial-intelligence\route.ts"
"SOURCE_CODE","\app\api\financial-intelligence\analytics\route.ts"
"SOURCE_CODE","\app\api\financial-intelligence\forecasts\route.ts"
"SOURCE_CODE","\app\api\financial-intelligence\investments\route.ts"
"SOURCE_CODE","\app\api\financial-intelligence\portfolios\route.ts"
"SOURCE_CODE","\app\api\financial-intelligence\risks\route.ts"
"SOURCE_CODE","\app\api\financial-intelligence\roi\route.ts"
"SOURCE_CODE","\app\api\financial-intelligence\simulations\route.ts"
"SOURCE_CODE","\app\api\financial-intelligence\strategies\route.ts"
"SOURCE_CODE","\app\api\geospatial\route.ts"
"SOURCE_CODE","\app\api\geospatial\cities\route.ts"
"SOURCE_CODE","\app\api\geospatial\climate\route.ts"
"SOURCE_CODE","\app\api\geospatial\environmental\route.ts"
"SOURCE_CODE","\app\api\geospatial\intelligence\route.ts"
"SOURCE_CODE","\app\api\geospatial\locations\route.ts"
"SOURCE_CODE","\app\api\geospatial\map\route.ts"
"SOURCE_CODE","\app\api\geospatial\spatial-analysis\route.ts"
"SOURCE_CODE","\app\api\geospatial\urban\route.ts"
"SOURCE_CODE","\app\api\infrastructure\route.ts"
"GENERATED_OR_BACKUP","\app\api\infrastructure\backups\route.ts"
"SOURCE_CODE","\app\api\infrastructure\cloud\route.ts"
"SOURCE_CODE","\app\api\infrastructure\deployments\route.ts"
"SOURCE_CODE","\app\api\infrastructure\logs\route.ts"
"SOURCE_CODE","\app\api\infrastructure\monitoring\route.ts"
"SOURCE_CODE","\app\api\infrastructure\operations\route.ts"
"SOURCE_CODE","\app\api\infrastructure\performance\route.ts"
"SOURCE_CODE","\app\api\infrastructure\security\route.ts"
"SOURCE_CODE","\app\api\integration\route.ts"
"GENERATED_OR_BACKUP","\app\api\integration\route.ts.backup-20260907-131951"
"GENERATED_OR_BACKUP","\app\api\integration\route.ts.backup-20260907-132641"
"SOURCE_CODE","\app\api\integration\analytics\route.ts"
"SOURCE_CODE","\app\api\integration\apis\route.ts"
"GENERATED_OR_BACKUP","\app\api\integration\apis\route.ts.backup-20260907-131951"
"SOURCE_CODE","\app\api\integration\connectors\route.ts"
"GENERATED_OR_BACKUP","\app\api\integration\connectors\route.ts.backup-20260907-131951"
"GENERATED_OR_BACKUP","\app\api\integration\connectors\route.ts.backup-20260907-132641"
"SOURCE_CODE","\app\api\integration\enterprise\route.ts"
"GENERATED_OR_BACKUP","\app\api\integration\enterprise\route.ts.backup-20260907-131951"
"SOURCE_CODE","\app\api\integration\events\route.ts"
"SOURCE_CODE","\app\api\integration\exchange\route.ts"
"GENERATED_OR_BACKUP","\app\api\integration\exchange\route.ts.backup-20260907-131951"
"SOURCE_CODE","\app\api\integration\federation\route.ts"
"SOURCE_CODE","\app\api\integration\gateway\route.ts"
"SOURCE_CODE","\app\api\integration\messages\route.ts"
"SOURCE_CODE","\app\api\integration\monitoring\route.ts"
"GENERATED_OR_BACKUP","\app\api\integration\monitoring\route.ts.backup-20260907-131951"
"SOURCE_CODE","\app\api\integration\partners\route.ts"
"GENERATED_OR_BACKUP","\app\api\integration\partners\route.ts.backup-20260907-131951"
"SOURCE_CODE","\app\api\integration\security\route.ts"
"SOURCE_CODE","\app\api\integration\services\route.ts"
"GENERATED_OR_BACKUP","\app\api\integration\services\route.ts.backup-20260907-131951"
"SOURCE_CODE","\app\api\integration\webhooks\route.ts"
"GENERATED_OR_BACKUP","\app\api\integration\webhooks\route.ts.backup-20260907-131951"
"GENERATED_OR_BACKUP","\app\api\integration\webhooks\route.ts.backup-20260907-132641"
"SOURCE_CODE","\app\api\intelligence\route.ts"
"SOURCE_CODE","\app\api\intelligence\agents\route.ts"
"SOURCE_CODE","\app\api\intelligence\assistant\route.ts"
"SOURCE_CODE","\app\api\intelligence\decision\route.ts"
"SOURCE_CODE","\app\api\intelligence\orchestration\route.ts"
"SOURCE_CODE","\app\api\intelligence\query\route.ts"
"SOURCE_CODE","\app\api\intelligence\reasoning\route.ts"
"SOURCE_CODE","\app\api\intelligence\services\route.ts"
"SOURCE_CODE","\app\api\intelligent-operations\route.ts"
"SOURCE_CODE","\app\api\intelligent-operations\analytics\route.ts"
"SOURCE_CODE","\app\api\intelligent-operations\automations\route.ts"
"SOURCE_CODE","\app\api\intelligent-operations\events\route.ts"
"SOURCE_CODE","\app\api\intelligent-operations\executions\route.ts"
"SOURCE_CODE","\app\api\intelligent-operations\rules\route.ts"
"SOURCE_CODE","\app\api\intelligent-operations\schedules\route.ts"
"SOURCE_CODE","\app\api\intelligent-operations\tasks\route.ts"
"SOURCE_CODE","\app\api\intelligent-operations\workflows\route.ts"
"SOURCE_CODE","\app\api\investment\route.ts"
"SOURCE_CODE","\app\api\investment\advisor\route.ts"
"SOURCE_CODE","\app\api\investment\analysis\route.ts"
"SOURCE_CODE","\app\api\investment\opportunities\route.ts"
"SOURCE_CODE","\app\api\investment\portfolio\route.ts"
"SOURCE_CODE","\app\api\investment\risk\route.ts"
"SOURCE_CODE","\app\api\investment\roi\route.ts"
"SOURCE_CODE","\app\api\investment\strategy\route.ts"
"SOURCE_CODE","\app\api\investment-intelligence\route.ts"
"GENERATED_OR_BACKUP","\app\api\investment-intelligence\route.ts.backup-20260907-124308"
"GENERATED_OR_BACKUP","\app\api\investment-intelligence\route.ts.backup-20260907-124952"
"GENERATED_OR_BACKUP","\app\api\investment-intelligence\route.ts.backup-20260907-130001"
"SOURCE_CODE","\app\api\investment-intelligence\advisor\route.ts"
"GENERATED_OR_BACKUP","\app\api\investment-intelligence\advisor\route.ts.backup-20260907-124308"
"GENERATED_OR_BACKUP","\app\api\investment-intelligence\advisor\route.ts.backup-20260907-130001"
"SOURCE_CODE","\app\api\investment-intelligence\allocation\route.ts"
"GENERATED_OR_BACKUP","\app\api\investment-intelligence\allocation\route.ts.backup-20260907-124952"
"GENERATED_OR_BACKUP","\app\api\investment-intelligence\allocation\route.ts.backup-20260907-130001"
"SOURCE_CODE","\app\api\investment-intelligence\assets\route.ts"
"SOURCE_CODE","\app\api\investment-intelligence\assistant\route.ts"
"SOURCE_CODE","\app\api\investment-intelligence\forecast\route.ts"
"SOURCE_CODE","\app\api\investment-intelligence\forecasts\route.ts"
"SOURCE_CODE","\app\api\investment-intelligence\investments\route.ts"
"GENERATED_OR_BACKUP","\app\api\investment-intelligence\investments\route.ts.backup-20260907-130001"
"SOURCE_CODE","\app\api\investment-intelligence\investor\route.ts"
"SOURCE_CODE","\app\api\investment-intelligence\investors\route.ts"
"SOURCE_CODE","\app\api\investment-intelligence\opportunities\route.ts"
"GENERATED_OR_BACKUP","\app\api\investment-intelligence\opportunities\route.ts.backup-20260907-124307"
"GENERATED_OR_BACKUP","\app\api\investment-intelligence\opportunities\route.ts.backup-20260907-124952"
"GENERATED_OR_BACKUP","\app\api\investment-intelligence\opportunities\route.ts.backup-20260907-130001"
"SOURCE_CODE","\app\api\investment-intelligence\portfolio\route.ts"
"GENERATED_OR_BACKUP","\app\api\investment-intelligence\portfolio\route.ts.backup-20260907-124307"
"SOURCE_CODE","\app\api\investment-intelligence\portfolios\route.ts"
"GENERATED_OR_BACKUP","\app\api\investment-intelligence\portfolios\route.ts.backup-20260907-130001"
"SOURCE_CODE","\app\api\investment-intelligence\prediction\route.ts"
"SOURCE_CODE","\app\api\investment-intelligence\ranking\route.ts"
"SOURCE_CODE","\app\api\investment-intelligence\risk\route.ts"
"GENERATED_OR_BACKUP","\app\api\investment-intelligence\risk\route.ts.backup-20260907-124307"
"SOURCE_CODE","\app\api\investment-intelligence\risks\route.ts"
"GENERATED_OR_BACKUP","\app\api\investment-intelligence\risks\route.ts.backup-20260907-130001"
"SOURCE_CODE","\app\api\investment-intelligence\roi\route.ts"
"GENERATED_OR_BACKUP","\app\api\investment-intelligence\roi\route.ts.backup-20260907-124307"
"GENERATED_OR_BACKUP","\app\api\investment-intelligence\roi\route.ts.backup-20260907-124952"
"GENERATED_OR_BACKUP","\app\api\investment-intelligence\roi\route.ts.backup-20260907-130001"
"SOURCE_CODE","\app\api\investment-intelligence\strategies\route.ts"
"GENERATED_OR_BACKUP","\app\api\investment-intelligence\strategies\route.ts.backup-20260907-130001"
"SOURCE_CODE","\app\api\investment-intelligence\strategy\route.ts"
"SOURCE_CODE","\app\api\knowledge\route.ts"
"GENERATED_OR_BACKUP","\app\api\knowledge\route.ts.backup-20260907-114721"
"GENERATED_OR_BACKUP","\app\api\knowledge\route.ts.backup-20260907-120000"
"GENERATED_OR_BACKUP","\app\api\knowledge\route.ts.backup-20260907-120851"
"GENERATED_OR_BACKUP","\app\api\knowledge\route.ts.backup-20260907-132522"
"SOURCE_CODE","\app\api\knowledge\ai\route.ts"
"SOURCE_CODE","\app\api\knowledge\analysis\route.ts"
"SOURCE_CODE","\app\api\knowledge\discovery\route.ts"
"SOURCE_CODE","\app\api\knowledge\entities\route.ts"
"GENERATED_OR_BACKUP","\app\api\knowledge\entities\route.ts.backup-20260907-120000"
"GENERATED_OR_BACKUP","\app\api\knowledge\entities\route.ts.backup-20260907-120851"
"GENERATED_OR_BACKUP","\app\api\knowledge\entities\route.ts.backup-20260907-132522"
"SOURCE_CODE","\app\api\knowledge\entity\route.ts"
"SOURCE_CODE","\app\api\knowledge\explore\route.ts"
"SOURCE_CODE","\app\api\knowledge\graph\route.ts"
"GENERATED_OR_BACKUP","\app\api\knowledge\graph\route.ts.backup-20260907-120000"
"GENERATED_OR_BACKUP","\app\api\knowledge\graph\route.ts.backup-20260907-120851"
"GENERATED_OR_BACKUP","\app\api\knowledge\graph\route.ts.backup-20260907-132522"
"SOURCE_CODE","\app\api\knowledge\insights\route.ts"
"GENERATED_OR_BACKUP","\app\api\knowledge\insights\route.ts.backup-20260907-132522"
"SOURCE_CODE","\app\api\knowledge\ontology\route.ts"
"SOURCE_CODE","\app\api\knowledge\query\route.ts"
"SOURCE_CODE","\app\api\knowledge\reasoning\route.ts"
"SOURCE_CODE","\app\api\knowledge\relation\route.ts"
"SOURCE_CODE","\app\api\knowledge\relations\route.ts"
"GENERATED_OR_BACKUP","\app\api\knowledge\relations\route.ts.backup-20260907-120000"
"GENERATED_OR_BACKUP","\app\api\knowledge\relations\route.ts.backup-20260907-120851"
"GENERATED_OR_BACKUP","\app\api\knowledge\relations\route.ts.backup-20260907-132522"
"SOURCE_CODE","\app\api\knowledge\search\route.ts"
"GENERATED_OR_BACKUP","\app\api\knowledge\search\route.ts.backup-20260907-120000"
"GENERATED_OR_BACKUP","\app\api\knowledge\search\route.ts.backup-20260907-132522"
"SOURCE_CODE","\app\api\knowledge\semantic\route.ts"
"SOURCE_CODE","\app\api\knowledge\sources\route.ts"
"GENERATED_OR_BACKUP","\app\api\knowledge\sources\route.ts.backup-20260907-132522"
"SOURCE_CODE","\app\api\knowledge-fabric\route.ts"
"SOURCE_CODE","\app\api\knowledge-fabric\analytics\route.ts"
"SOURCE_CODE","\app\api\knowledge-fabric\concepts\route.ts"
"SOURCE_CODE","\app\api\knowledge-fabric\entities\route.ts"
"SOURCE_CODE","\app\api\knowledge-fabric\graph\route.ts"
"SOURCE_CODE","\app\api\knowledge-fabric\ontology\route.ts"
"SOURCE_CODE","\app\api\knowledge-fabric\reasoning\route.ts"
"SOURCE_CODE","\app\api\knowledge-fabric\relations\route.ts"
"SOURCE_CODE","\app\api\knowledge-fabric\semantics\route.ts"
"SOURCE_CODE","\app\api\knowledge-graph\route.ts"
"GENERATED_OR_BACKUP","\app\api\knowledge-graph\route.ts.backup-20260907-125326"
"GENERATED_OR_BACKUP","\app\api\knowledge-graph\route.ts.backup-20260907-130337"
"GENERATED_OR_BACKUP","\app\api\knowledge-graph\route.ts.backup-20260907-131226"
"GENERATED_OR_BACKUP","\app\api\knowledge-graph\route.ts.backup-20260907-133155"
"GENERATED_OR_BACKUP","\app\api\knowledge-graph\route.ts.backup-20260907-133710"
"GENERATED_OR_BACKUP","\app\api\knowledge-graph\route.ts.backup-20260907-134127"
"GENERATED_OR_BACKUP","\app\api\knowledge-graph\route.ts.backup-20260907-140948"
"SOURCE_CODE","\app\api\knowledge-graph\ai\route.ts"
"SOURCE_CODE","\app\api\knowledge-graph\analytics\route.ts"
"GENERATED_OR_BACKUP","\app\api\knowledge-graph\analytics\route.ts.backup-20260907-140948"
"SOURCE_CODE","\app\api\knowledge-graph\architecture\route.ts"
"SOURCE_CODE","\app\api\knowledge-graph\assistant\route.ts"
"GENERATED_OR_BACKUP","\app\api\knowledge-graph\assistant\route.ts.backup-20260907-130337"
"SOURCE_CODE","\app\api\knowledge-graph\city\route.ts"
"SOURCE_CODE","\app\api\knowledge-graph\concepts\route.ts"
"SOURCE_CODE","\app\api\knowledge-graph\context\route.ts"
"GENERATED_OR_BACKUP","\app\api\knowledge-graph\context\route.ts.backup-20260907-130337"
"GENERATED_OR_BACKUP","\app\api\knowledge-graph\context\route.ts.backup-20260907-133155"
"SOURCE_CODE","\app\api\knowledge-graph\discovery\route.ts"
"GENERATED_OR_BACKUP","\app\api\knowledge-graph\discovery\route.ts.backup-20260907-133155"
"SOURCE_CODE","\app\api\knowledge-graph\entities\route.ts"
"GENERATED_OR_BACKUP","\app\api\knowledge-graph\entities\route.ts.backup-20260907-125326"
"GENERATED_OR_BACKUP","\app\api\knowledge-graph\entities\route.ts.backup-20260907-130337"
"GENERATED_OR_BACKUP","\app\api\knowledge-graph\entities\route.ts.backup-20260907-131226"
"GENERATED_OR_BACKUP","\app\api\knowledge-graph\entities\route.ts.backup-20260907-133155"
"GENERATED_OR_BACKUP","\app\api\knowledge-graph\entities\route.ts.backup-20260907-133710"
"GENERATED_OR_BACKUP","\app\api\knowledge-graph\entities\route.ts.backup-20260907-134127"
"GENERATED_OR_BACKUP","\app\api\knowledge-graph\entities\route.ts.backup-20260907-140948"
"SOURCE_CODE","\app\api\knowledge-graph\fusion\route.ts"
"SOURCE_CODE","\app\api\knowledge-graph\graph\route.ts"
"GENERATED_OR_BACKUP","\app\api\knowledge-graph\graph\route.ts.backup-20260907-130337"
"GENERATED_OR_BACKUP","\app\api\knowledge-graph\graph\route.ts.backup-20260907-131226"
"GENERATED_OR_BACKUP","\app\api\knowledge-graph\graph\route.ts.backup-20260907-133155"
"GENERATED_OR_BACKUP","\app\api\knowledge-graph\graph\route.ts.backup-20260907-133710"
"GENERATED_OR_BACKUP","\app\api\knowledge-graph\graph\route.ts.backup-20260907-134127"
"GENERATED_OR_BACKUP","\app\api\knowledge-graph\graph\route.ts.backup-20260907-140948"
"SOURCE_CODE","\app\api\knowledge-graph\inference\route.ts"
"GENERATED_OR_BACKUP","\app\api\knowledge-graph\inference\route.ts.backup-20260907-134127"
"SOURCE_CODE","\app\api\knowledge-graph\insights\route.ts"
"SOURCE_CODE","\app\api\knowledge-graph\investment\route.ts"
"SOURCE_CODE","\app\api\knowledge-graph\memory\route.ts"
"SOURCE_CODE","\app\api\knowledge-graph\nodes\route.ts"
"SOURCE_CODE","\app\api\knowledge-graph\ontology\route.ts"
"GENERATED_OR_BACKUP","\app\api\knowledge-graph\ontology\route.ts.backup-20260907-133155"
"GENERATED_OR_BACKUP","\app\api\knowledge-graph\ontology\route.ts.backup-20260907-134127"
"GENERATED_OR_BACKUP","\app\api\knowledge-graph\ontology\route.ts.backup-20260907-140948"
"SOURCE_CODE","\app\api\knowledge-graph\property\route.ts"
"SOURCE_CODE","\app\api\knowledge-graph\query\route.ts"
"GENERATED_OR_BACKUP","\app\api\knowledge-graph\query\route.ts.backup-20260907-140948"
"SOURCE_CODE","\app\api\knowledge-graph\reasoning\route.ts"
"GENERATED_OR_BACKUP","\app\api\knowledge-graph\reasoning\route.ts.backup-20260907-130337"
"GENERATED_OR_BACKUP","\app\api\knowledge-graph\reasoning\route.ts.backup-20260907-131226"
"GENERATED_OR_BACKUP","\app\api\knowledge-graph\reasoning\route.ts.backup-20260907-133710"
"SOURCE_CODE","\app\api\knowledge-graph\relations\route.ts"
"GENERATED_OR_BACKUP","\app\api\knowledge-graph\relations\route.ts.backup-20260907-125326"
"GENERATED_OR_BACKUP","\app\api\knowledge-graph\relations\route.ts.backup-20260907-130337"
"GENERATED_OR_BACKUP","\app\api\knowledge-graph\relations\route.ts.backup-20260907-133155"
"GENERATED_OR_BACKUP","\app\api\knowledge-graph\relations\route.ts.backup-20260907-133710"
"GENERATED_OR_BACKUP","\app\api\knowledge-graph\relations\route.ts.backup-20260907-134127"
"GENERATED_OR_BACKUP","\app\api\knowledge-graph\relations\route.ts.backup-20260907-140948"
"SOURCE_CODE","\app\api\knowledge-graph\relationships\route.ts"
"SOURCE_CODE","\app\api\knowledge-graph\search\route.ts"
"GENERATED_OR_BACKUP","\app\api\knowledge-graph\search\route.ts.backup-20260907-130337"
"GENERATED_OR_BACKUP","\app\api\knowledge-graph\search\route.ts.backup-20260907-133155"
"GENERATED_OR_BACKUP","\app\api\knowledge-graph\search\route.ts.backup-20260907-133710"
"SOURCE_CODE","\app\api\knowledge-graph\semantic\route.ts"
"GENERATED_OR_BACKUP","\app\api\knowledge-graph\semantic\route.ts.backup-20260907-125326"
"GENERATED_OR_BACKUP","\app\api\knowledge-graph\semantic\route.ts.backup-20260907-133155"
"GENERATED_OR_BACKUP","\app\api\knowledge-graph\semantic\route.ts.backup-20260907-133710"
"GENERATED_OR_BACKUP","\app\api\knowledge-graph\semantic\route.ts.backup-20260907-134127"
"GENERATED_OR_BACKUP","\app\api\knowledge-graph\semantic\route.ts.backup-20260907-140948"
"SOURCE_CODE","\app\api\knowledge-graph-intelligence\route.ts"
"SOURCE_CODE","\app\api\knowledge-graph-intelligence\assistant\route.ts"
"SOURCE_CODE","\app\api\knowledge-graph-intelligence\discovery\route.ts"
"SOURCE_CODE","\app\api\knowledge-graph-intelligence\entities\route.ts"
"SOURCE_CODE","\app\api\knowledge-graph-intelligence\inference\route.ts"
"SOURCE_CODE","\app\api\knowledge-graph-intelligence\ontology\route.ts"
"SOURCE_CODE","\app\api\knowledge-graph-intelligence\query\route.ts"
"SOURCE_CODE","\app\api\knowledge-graph-intelligence\reasoning\route.ts"
"SOURCE_CODE","\app\api\knowledge-graph-intelligence\relationships\route.ts"
"SOURCE_CODE","\app\api\knowledge-graph-intelligence\semantic\route.ts"
"SOURCE_CODE","\app\api\knowledge-intelligence\route.ts"
"SOURCE_CODE","\app\api\knowledge-intelligence\analytics\route.ts"
"SOURCE_CODE","\app\api\knowledge-intelligence\concepts\route.ts"
"SOURCE_CODE","\app\api\knowledge-intelligence\entities\route.ts"
"SOURCE_CODE","\app\api\knowledge-intelligence\graph\route.ts"
"SOURCE_CODE","\app\api\knowledge-intelligence\ontology\route.ts"
"SOURCE_CODE","\app\api\knowledge-intelligence\reasoning\route.ts"
"SOURCE_CODE","\app\api\knowledge-intelligence\relationships\route.ts"
"SOURCE_CODE","\app\api\knowledge-intelligence\semantic-search\route.ts"
"SOURCE_CODE","\app\api\localization-intelligence\route.ts"
"SOURCE_CODE","\app\api\localization-intelligence\analytics\route.ts"
"SOURCE_CODE","\app\api\localization-intelligence\cultures\route.ts"
"SOURCE_CODE","\app\api\localization-intelligence\currencies\route.ts"
"SOURCE_CODE","\app\api\localization-intelligence\languages\route.ts"
"SOURCE_CODE","\app\api\localization-intelligence\locales\route.ts"
"SOURCE_CODE","\app\api\localization-intelligence\markets\route.ts"
"SOURCE_CODE","\app\api\localization-intelligence\regions\route.ts"
"SOURCE_CODE","\app\api\localization-intelligence\translations\route.ts"
"SOURCE_CODE","\app\api\market\route.ts"
"GENERATED_OR_BACKUP","\app\api\market\route.ts.backup-20260907-115731"
"SOURCE_CODE","\app\api\market\analytics\route.ts"
"SOURCE_CODE","\app\api\market\forecast\route.ts"
"SOURCE_CODE","\app\api\market\investment\route.ts"
"GENERATED_OR_BACKUP","\app\api\market\investment\route.ts.backup-20260907-115731"
"SOURCE_CODE","\app\api\market\overview\route.ts"
"SOURCE_CODE","\app\api\market\prices\route.ts"
"GENERATED_OR_BACKUP","\app\api\market\prices\route.ts.backup-20260907-115731"
"SOURCE_CODE","\app\api\market\reports\route.ts"
"GENERATED_OR_BACKUP","\app\api\market\reports\route.ts.backup-20260907-115731"
"SOURCE_CODE","\app\api\market\trends\route.ts"
"GENERATED_OR_BACKUP","\app\api\market\trends\route.ts.backup-20260907-115731"
"GENERATED_OR_BACKUP","\app\api\market-intelligence\route.ts.backup-20260907-124016"
"GENERATED_OR_BACKUP","\app\api\market-intelligence\route.ts.backup-20260907-125914"
"GENERATED_OR_BACKUP","\app\api\market-intelligence\route.ts.backup-20260907-133451"
"GENERATED_OR_BACKUP","\app\api\market-intelligence\route.ts.backup-20260907-135623"
"GENERATED_OR_BACKUP","\app\api\market-intelligence\route.ts.backup-20260907-140322"
"SOURCE_CODE","\app\api\market-intelligence\advisor\route.ts"
"SOURCE_CODE","\app\api\market-intelligence\ai-analyst\route.ts"
"SOURCE_CODE","\app\api\market-intelligence\analytics\route.ts"
"GENERATED_OR_BACKUP","\app\api\market-intelligence\analytics\route.ts.backup-20260907-135623"
"GENERATED_OR_BACKUP","\app\api\market-intelligence\analytics\route.ts.backup-20260907-140321"
"SOURCE_CODE","\app\api\market-intelligence\assistant\route.ts"
"SOURCE_CODE","\app\api\market-intelligence\cycle\route.ts"
"SOURCE_CODE","\app\api\market-intelligence\cycles\route.ts"
"SOURCE_CODE","\app\api\market-intelligence\demand\route.ts"
"GENERATED_OR_BACKUP","\app\api\market-intelligence\demand\route.ts.backup-20260907-125914"
"SOURCE_CODE","\app\api\market-intelligence\economics\route.ts"
"GENERATED_OR_BACKUP","\app\api\market-intelligence\economics\route.ts.backup-20260907-135622"
"SOURCE_CODE","\app\api\market-intelligence\economy\route.ts"
"SOURCE_CODE","\app\api\market-intelligence\forecast\route.ts"
"GENERATED_OR_BACKUP","\app\api\market-intelligence\forecast\route.ts.backup-20260907-140321"
"SOURCE_CODE","\app\api\market-intelligence\forecasts\route.ts"
"GENERATED_OR_BACKUP","\app\api\market-intelligence\forecasts\route.ts.backup-20260907-135622"
"SOURCE_CODE","\app\api\market-intelligence\heatmap\route.ts"
"SOURCE_CODE","\app\api\market-intelligence\indicators\route.ts"
"GENERATED_OR_BACKUP","\app\api\market-intelligence\indicators\route.ts.backup-20260907-133451"
"SOURCE_CODE","\app\api\market-intelligence\investment\route.ts"
"SOURCE_CODE","\app\api\market-intelligence\investments\route.ts"
"SOURCE_CODE","\app\api\market-intelligence\market\route.ts"
"SOURCE_CODE","\app\api\market-intelligence\markets\route.ts"
"GENERATED_OR_BACKUP","\app\api\market-intelligence\markets\route.ts.backup-20260907-133451"
"GENERATED_OR_BACKUP","\app\api\market-intelligence\markets\route.ts.backup-20260907-135622"
"SOURCE_CODE","\app\api\market-intelligence\opportunities\route.ts"
"GENERATED_OR_BACKUP","\app\api\market-intelligence\opportunities\route.ts.backup-20260907-125914"
"SOURCE_CODE","\app\api\market-intelligence\prediction\route.ts"
"SOURCE_CODE","\app\api\market-intelligence\predictions\route.ts"
"SOURCE_CODE","\app\api\market-intelligence\prices\route.ts"
"GENERATED_OR_BACKUP","\app\api\market-intelligence\prices\route.ts.backup-20260907-140321"
"SOURCE_CODE","\app\api\market-intelligence\properties\route.ts"
"SOURCE_CODE","\app\api\market-intelligence\ranking\route.ts"
"SOURCE_CODE","\app\api\market-intelligence\risks\route.ts"
"SOURCE_CODE","\app\api\market-intelligence\signals\route.ts"
"GENERATED_OR_BACKUP","\app\api\market-intelligence\signals\route.ts.backup-20260907-133451"
"SOURCE_CODE","\app\api\market-intelligence\simulation\route.ts"
"SOURCE_CODE","\app\api\market-intelligence\streaming\route.ts"
"SOURCE_CODE","\app\api\market-intelligence\supply\route.ts"
"GENERATED_OR_BACKUP","\app\api\market-intelligence\supply\route.ts.backup-20260907-125914"
"SOURCE_CODE","\app\api\market-intelligence\supply-demand\route.ts"
"SOURCE_CODE","\app\api\market-intelligence\trends\route.ts"
"GENERATED_OR_BACKUP","\app\api\market-intelligence\trends\route.ts.backup-20260907-124016"
"GENERATED_OR_BACKUP","\app\api\market-intelligence\trends\route.ts.backup-20260907-125914"
"GENERATED_OR_BACKUP","\app\api\market-intelligence\trends\route.ts.backup-20260907-133451"
"SOURCE_CODE","\app\api\market-intelligence\valuation\route.ts"
"SOURCE_CODE","\app\api\market-intelligence\valuations\route.ts"
"SOURCE_CODE","\app\api\marketplace\route.ts"
"GENERATED_OR_BACKUP","\app\api\marketplace\route.ts.backup-20260907-120531"
"GENERATED_OR_BACKUP","\app\api\marketplace\route.ts.backup-20260907-121314"
"GENERATED_OR_BACKUP","\app\api\marketplace\route.ts.backup-20260907-123424"
"GENERATED_OR_BACKUP","\app\api\marketplace\route.ts.backup-20260907-131444"
"GENERATED_OR_BACKUP","\app\api\marketplace\route.ts.backup-20260907-132445"
"SOURCE_CODE","\app\api\marketplace\agents\route.ts"
"SOURCE_CODE","\app\api\marketplace\ai-analysis\route.ts"
"GENERATED_OR_BACKUP","\app\api\marketplace\ai-analysis\route.ts.backup-20260907-120531"
"SOURCE_CODE","\app\api\marketplace\ai-assistant\route.ts"
"SOURCE_CODE","\app\api\marketplace\buyer-intent\route.ts"
"SOURCE_CODE","\app\api\marketplace\buyers\route.ts"
"GENERATED_OR_BACKUP","\app\api\marketplace\buyers\route.ts.backup-20260907-131444"
"SOURCE_CODE","\app\api\marketplace\contracts\route.ts"
"SOURCE_CODE","\app\api\marketplace\documents\route.ts"
"SOURCE_CODE","\app\api\marketplace\favorites\route.ts"
"SOURCE_CODE","\app\api\marketplace\inquiries\route.ts"
"GENERATED_OR_BACKUP","\app\api\marketplace\inquiries\route.ts.backup-20260907-120531"
"GENERATED_OR_BACKUP","\app\api\marketplace\inquiries\route.ts.backup-20260907-123424"
"GENERATED_OR_BACKUP","\app\api\marketplace\inquiries\route.ts.backup-20260907-131444"
"SOURCE_CODE","\app\api\marketplace\interactions\route.ts"
"SOURCE_CODE","\app\api\marketplace\listings\route.ts"
"GENERATED_OR_BACKUP","\app\api\marketplace\listings\route.ts.backup-20260907-120531"
"GENERATED_OR_BACKUP","\app\api\marketplace\listings\route.ts.backup-20260907-121314"
"GENERATED_OR_BACKUP","\app\api\marketplace\listings\route.ts.backup-20260907-123424"
"GENERATED_OR_BACKUP","\app\api\marketplace\listings\route.ts.backup-20260907-130639"
"GENERATED_OR_BACKUP","\app\api\marketplace\listings\route.ts.backup-20260907-131444"
"GENERATED_OR_BACKUP","\app\api\marketplace\listings\route.ts.backup-20260907-132445"
"SOURCE_CODE","\app\api\marketplace\matching\route.ts"
"GENERATED_OR_BACKUP","\app\api\marketplace\matching\route.ts.backup-20260907-123424"
"SOURCE_CODE","\app\api\marketplace\media\route.ts"
"SOURCE_CODE","\app\api\marketplace\mortgage\route.ts"
"SOURCE_CODE","\app\api\marketplace\negotiation\route.ts"
"SOURCE_CODE","\app\api\marketplace\negotiations\route.ts"
"GENERATED_OR_BACKUP","\app\api\marketplace\negotiations\route.ts.backup-20260907-120531"
"SOURCE_CODE","\app\api\marketplace\notifications\route.ts"
"SOURCE_CODE","\app\api\marketplace\offers\route.ts"
"GENERATED_OR_BACKUP","\app\api\marketplace\offers\route.ts.backup-20260907-120531"
"GENERATED_OR_BACKUP","\app\api\marketplace\offers\route.ts.backup-20260907-121314"
"GENERATED_OR_BACKUP","\app\api\marketplace\offers\route.ts.backup-20260907-123424"
"SOURCE_CODE","\app\api\marketplace\orders\route.ts"
"SOURCE_CODE","\app\api\marketplace\payments\route.ts"
"SOURCE_CODE","\app\api\marketplace\properties\route.ts"
"GENERATED_OR_BACKUP","\app\api\marketplace\properties\route.ts.backup-20260907-132445"
"SOURCE_CODE","\app\api\marketplace\recommendations\route.ts"
"SOURCE_CODE","\app\api\marketplace\rental\route.ts"
"SOURCE_CODE","\app\api\marketplace\saved-searches\route.ts"
"SOURCE_CODE","\app\api\marketplace\search\route.ts"
"SOURCE_CODE","\app\api\marketplace\sellers\route.ts"
"GENERATED_OR_BACKUP","\app\api\marketplace\sellers\route.ts.backup-20260907-131444"
"SOURCE_CODE","\app\api\marketplace\services\route.ts"
"SOURCE_CODE","\app\api\marketplace\transactions\route.ts"
"GENERATED_OR_BACKUP","\app\api\marketplace\transactions\route.ts.backup-20260907-120531"
"GENERATED_OR_BACKUP","\app\api\marketplace\transactions\route.ts.backup-20260907-121314"
"GENERATED_OR_BACKUP","\app\api\marketplace\transactions\route.ts.backup-20260907-123424"
"GENERATED_OR_BACKUP","\app\api\marketplace\transactions\route.ts.backup-20260907-131444"
"GENERATED_OR_BACKUP","\app\api\marketplace\transactions\route.ts.backup-20260907-132445"
"SOURCE_CODE","\app\api\marketplace\vendors\route.ts"
"SOURCE_CODE","\app\api\marketplace\workflow\route.ts"
"GENERATED_OR_BACKUP","\app\api\marketplace\workflow\route.ts.backup-20260907-120531"
"GENERATED_OR_BACKUP","\app\api\marketplace\workflow\route.ts.backup-20260907-132445"
"SOURCE_CODE","\app\api\marketplace-intelligence\route.ts"
"GENERATED_OR_BACKUP","\app\api\marketplace-intelligence\route.ts.backup-20260907-133037"
"SOURCE_CODE","\app\api\marketplace-intelligence\assistant\route.ts"
"SOURCE_CODE","\app\api\marketplace-intelligence\demand\route.ts"
"GENERATED_OR_BACKUP","\app\api\marketplace-intelligence\demand\route.ts.backup-20260907-133037"
"SOURCE_CODE","\app\api\marketplace-intelligence\discovery\route.ts"
"SOURCE_CODE","\app\api\marketplace-intelligence\investments\route.ts"
"SOURCE_CODE","\app\api\marketplace-intelligence\listings\route.ts"
"GENERATED_OR_BACKUP","\app\api\marketplace-intelligence\listings\route.ts.backup-20260907-133037"
"SOURCE_CODE","\app\api\marketplace-intelligence\pricing\route.ts"
"GENERATED_OR_BACKUP","\app\api\marketplace-intelligence\pricing\route.ts.backup-20260907-133037"
"SOURCE_CODE","\app\api\marketplace-intelligence\ranking\route.ts"
"SOURCE_CODE","\app\api\marketplace-intelligence\recommendations\route.ts"
"SOURCE_CODE","\app\api\marketplace-intelligence\search\route.ts"
"SOURCE_CODE","\app\api\marketplace-intelligence\signals\route.ts"
"SOURCE_CODE","\app\api\marketplace-intelligence\supply\route.ts"
"GENERATED_OR_BACKUP","\app\api\marketplace-intelligence\supply\route.ts.backup-20260907-133037"
"SOURCE_CODE","\app\api\marketplace-intelligence\transactions\route.ts"
"SOURCE_CODE","\app\api\marketplace-intelligence\valuation\route.ts"
"SOURCE_CODE","\app\api\markets\route.ts"
"SOURCE_CODE","\app\api\markets\analysis\route.ts"
"SOURCE_CODE","\app\api\markets\comparison\route.ts"
"SOURCE_CODE","\app\api\markets\economics\route.ts"
"SOURCE_CODE","\app\api\markets\forecast\route.ts"
"SOURCE_CODE","\app\api\markets\indexes\route.ts"
"SOURCE_CODE","\app\api\markets\investment\route.ts"
"SOURCE_CODE","\app\api\markets\risk\route.ts"
"SOURCE_CODE","\app\api\markets\trends\route.ts"
"SOURCE_CODE","\app\api\mobile\route.ts"
"SOURCE_CODE","\app\api\mobile\channels\route.ts"
"SOURCE_CODE","\app\api\mobile\devices\route.ts"
"SOURCE_CODE","\app\api\mobile\notifications\route.ts"
"SOURCE_CODE","\app\api\mobile\offline\route.ts"
"SOURCE_CODE","\app\api\mobile\preferences\route.ts"
"SOURCE_CODE","\app\api\mobile\push\route.ts"
"SOURCE_CODE","\app\api\mobile\sync\route.ts"
"SOURCE_CODE","\app\api\moderation\route.ts"
"SOURCE_CODE","\app\api\moderation\approve\route.ts"
"SOURCE_CODE","\app\api\moderation\quality\route.ts"
"SOURCE_CODE","\app\api\moderation\reject\route.ts"
"SOURCE_CODE","\app\api\moderation\review\route.ts"
"SOURCE_CODE","\app\api\notifications\route.ts"
"SOURCE_CODE","\app\api\notifications\events\route.ts"
"SOURCE_CODE","\app\api\notifications\read\route.ts"
"SOURCE_CODE","\app\api\notifications\settings\route.ts"
"SOURCE_CODE","\app\api\open-platform\route.ts"
"SOURCE_CODE","\app\api\open-platform\analytics\route.ts"
"SOURCE_CODE","\app\api\open-platform\apis\route.ts"
"SOURCE_CODE","\app\api\open-platform\developers\route.ts"
"SOURCE_CODE","\app\api\open-platform\exchange\route.ts"
"SOURCE_CODE","\app\api\open-platform\gateway\route.ts"
"SOURCE_CODE","\app\api\open-platform\integrations\route.ts"
"SOURCE_CODE","\app\api\open-platform\partners\route.ts"
"SOURCE_CODE","\app\api\open-platform\webhooks\route.ts"
"SOURCE_CODE","\app\api\performance\route.ts"
"SOURCE_CODE","\app\api\performance\availability\route.ts"
"SOURCE_CODE","\app\api\performance\cache\route.ts"
"SOURCE_CODE","\app\api\performance\insights\route.ts"
"SOURCE_CODE","\app\api\performance\load\route.ts"
"SOURCE_CODE","\app\api\performance\monitoring\route.ts"
"SOURCE_CODE","\app\api\performance\optimization\route.ts"
"SOURCE_CODE","\app\api\performance\scaling\route.ts"
"SOURCE_CODE","\app\api\platform\health\route.ts"
"SOURCE_CODE","\app\api\platform\monitoring\route.ts"
"SOURCE_CODE","\app\api\platform\security\route.ts"
"SOURCE_CODE","\app\api\platform\status\route.ts"
"SOURCE_CODE","\app\api\platform\system\route.ts"
"SOURCE_CODE","\app\api\platform\users\route.ts"
"SOURCE_CODE","\app\api\predictive-intelligence\route.ts"
"SOURCE_CODE","\app\api\predictive-intelligence\assistant\route.ts"
"SOURCE_CODE","\app\api\predictive-intelligence\confidence\route.ts"
"SOURCE_CODE","\app\api\predictive-intelligence\forecasts\route.ts"
"SOURCE_CODE","\app\api\predictive-intelligence\models\route.ts"
"SOURCE_CODE","\app\api\predictive-intelligence\predictions\route.ts"
"SOURCE_CODE","\app\api\predictive-intelligence\risks\route.ts"
"SOURCE_CODE","\app\api\predictive-intelligence\scenarios\route.ts"
"SOURCE_CODE","\app\api\predictive-intelligence\trends\route.ts"
"SOURCE_CODE","\app\api\product-experience\route.ts"
"SOURCE_CODE","\app\api\product-experience\accessibility\route.ts"
"SOURCE_CODE","\app\api\product-experience\analytics\route.ts"
"SOURCE_CODE","\app\api\product-experience\help\route.ts"
"SOURCE_CODE","\app\api\product-experience\journeys\route.ts"
"SOURCE_CODE","\app\api\product-experience\onboarding\route.ts"
"SOURCE_CODE","\app\api\product-experience\personalization\route.ts"
"SOURCE_CODE","\app\api\product-experience\preferences\route.ts"
"SOURCE_CODE","\app\api\professional-intelligence\route.ts"
"GENERATED_OR_BACKUP","\app\api\professional-intelligence\route.ts.backup-20260907-124353"
"GENERATED_OR_BACKUP","\app\api\professional-intelligence\route.ts.backup-20260907-125030"
"SOURCE_CODE","\app\api\professional-intelligence\advisor\route.ts"
"SOURCE_CODE","\app\api\professional-intelligence\architects\route.ts"
"SOURCE_CODE","\app\api\professional-intelligence\assistant\route.ts"
"SOURCE_CODE","\app\api\professional-intelligence\availability\route.ts"
"SOURCE_CODE","\app\api\professional-intelligence\engineers\route.ts"
"SOURCE_CODE","\app\api\professional-intelligence\expertise\route.ts"
"SOURCE_CODE","\app\api\professional-intelligence\experts\route.ts"
"GENERATED_OR_BACKUP","\app\api\professional-intelligence\experts\route.ts.backup-20260907-125030"
"SOURCE_CODE","\app\api\professional-intelligence\matching\route.ts"
"GENERATED_OR_BACKUP","\app\api\professional-intelligence\matching\route.ts.backup-20260907-124353"
"GENERATED_OR_BACKUP","\app\api\professional-intelligence\matching\route.ts.backup-20260907-125030"
"SOURCE_CODE","\app\api\professional-intelligence\organizations\route.ts"
"GENERATED_OR_BACKUP","\app\api\professional-intelligence\organizations\route.ts.backup-20260907-124353"
"SOURCE_CODE","\app\api\professional-intelligence\portfolio\route.ts"
"SOURCE_CODE","\app\api\professional-intelligence\professionals\route.ts"
"GENERATED_OR_BACKUP","\app\api\professional-intelligence\professionals\route.ts.backup-20260907-125030"
"SOURCE_CODE","\app\api\professional-intelligence\projects\route.ts"
"GENERATED_OR_BACKUP","\app\api\professional-intelligence\projects\route.ts.backup-20260907-125030"
"SOURCE_CODE","\app\api\professional-intelligence\ratings\route.ts"
"SOURCE_CODE","\app\api\professional-intelligence\reputation\route.ts"
"GENERATED_OR_BACKUP","\app\api\professional-intelligence\reputation\route.ts.backup-20260907-124353"
"GENERATED_OR_BACKUP","\app\api\professional-intelligence\reputation\route.ts.backup-20260907-125030"
"SOURCE_CODE","\app\api\professional-intelligence\reviews\route.ts"
"SOURCE_CODE","\app\api\professional-intelligence\services\route.ts"
"GENERATED_OR_BACKUP","\app\api\professional-intelligence\services\route.ts.backup-20260907-125030"
"SOURCE_CODE","\app\api\professional-intelligence\skills\route.ts"
"GENERATED_OR_BACKUP","\app\api\professionals\route.ts.backup-20260907-115046"
"GENERATED_OR_BACKUP","\app\api\professionals\route.ts.backup-20260907-120322"
"GENERATED_OR_BACKUP","\app\api\professionals\route.ts.backup-20260907-121035"
"SOURCE_CODE","\app\api\professionals\ai-insight\route.ts"
"SOURCE_CODE","\app\api\professionals\expertise\route.ts"
"SOURCE_CODE","\app\api\professionals\experts\route.ts"
"SOURCE_CODE","\app\api\professionals\featured\route.ts"
"SOURCE_CODE","\app\api\professionals\matching\route.ts"
"GENERATED_OR_BACKUP","\app\api\professionals\matching\route.ts.backup-20260907-121035"
"SOURCE_CODE","\app\api\professionals\organizations\route.ts"
"GENERATED_OR_BACKUP","\app\api\professionals\organizations\route.ts.backup-20260907-121035"
"SOURCE_CODE","\app\api\professionals\portfolio\route.ts"
"SOURCE_CODE","\app\api\professionals\profile\route.ts"
"SOURCE_CODE","\app\api\professionals\profiles\route.ts"
"SOURCE_CODE","\app\api\professionals\ranking\route.ts"
"GENERATED_OR_BACKUP","\app\api\professionals\ranking\route.ts.backup-20260907-115046"
"GENERATED_OR_BACKUP","\app\api\professionals\ranking\route.ts.backup-20260907-120322"
"SOURCE_CODE","\app\api\professionals\recommendations\route.ts"
"SOURCE_CODE","\app\api\professionals\reputation\route.ts"
"SOURCE_CODE","\app\api\professionals\reviews\route.ts"
"SOURCE_CODE","\app\api\professionals\search\route.ts"
"GENERATED_OR_BACKUP","\app\api\professionals\search\route.ts.backup-20260907-120322"
"SOURCE_CODE","\app\api\professionals\services\route.ts"
"SOURCE_CODE","\app\api\professionals\skills\route.ts"
"SOURCE_CODE","\app\api\professionals\verification\route.ts"
"GENERATED_OR_BACKUP","\app\api\professionals\verification\route.ts.backup-20260907-120322"
"SOURCE_CODE","\app\api\professionals\verify\route.ts"
"SOURCE_CODE","\app\api\profile\route.ts"
"GENERATED_OR_BACKUP","\app\api\profile\route.ts.backup-20260907-115312"
"SOURCE_CODE","\app\api\profile\activity\route.ts"
"GENERATED_OR_BACKUP","\app\api\profile\activity\route.ts.backup-20260907-115312"
"SOURCE_CODE","\app\api\profile\dashboard\route.ts"
"SOURCE_CODE","\app\api\profile\organization\route.ts"
"SOURCE_CODE","\app\api\profile\preferences\route.ts"
"GENERATED_OR_BACKUP","\app\api\profile\preferences\route.ts.backup-20260907-115312"
"SOURCE_CODE","\app\api\profile\professional\route.ts"
"GENERATED_OR_BACKUP","\app\api\profile\professional\route.ts.backup-20260907-115312"
"SOURCE_CODE","\app\api\profile\user\route.ts"
"SOURCE_CODE","\app\api\properties\route.ts"
"GENERATED_OR_BACKUP","\app\api\properties\route.ts.backup-20260907-115634"
"GENERATED_OR_BACKUP","\app\api\properties\route.ts.backup-20260907-120411"
"SOURCE_CODE","\app\api\properties\analysis\route.ts"
"GENERATED_OR_BACKUP","\app\api\properties\analysis\route.ts.backup-20260907-115634"
"GENERATED_OR_BACKUP","\app\api\properties\analysis\route.ts.backup-20260907-120411"
"SOURCE_CODE","\app\api\properties\compare\route.ts"
"SOURCE_CODE","\app\api\properties\detail\route.ts"
"SOURCE_CODE","\app\api\properties\features\route.ts"
"SOURCE_CODE","\app\api\properties\investment\route.ts"
"SOURCE_CODE","\app\api\properties\match\route.ts"
"SOURCE_CODE","\app\api\properties\profile\route.ts"
"SOURCE_CODE","\app\api\properties\ranking\route.ts"
"SOURCE_CODE","\app\api\properties\recommendation\route.ts"
"SOURCE_CODE","\app\api\properties\recommendations\route.ts"
"GENERATED_OR_BACKUP","\app\api\properties\recommendations\route.ts.backup-20260907-120411"
"SOURCE_CODE","\app\api\properties\score\route.ts"
"SOURCE_CODE","\app\api\properties\search\route.ts"
"GENERATED_OR_BACKUP","\app\api\properties\search\route.ts.backup-20260907-115634"
"GENERATED_OR_BACKUP","\app\api\properties\search\route.ts.backup-20260907-120411"
"SOURCE_CODE","\app\api\property-intelligence\route.ts"
"GENERATED_OR_BACKUP","\app\api\property-intelligence\route.ts.backup-20260907-123310"
"GENERATED_OR_BACKUP","\app\api\property-intelligence\route.ts.backup-20260907-124219"
"GENERATED_OR_BACKUP","\app\api\property-intelligence\route.ts.backup-20260907-130048"
"GENERATED_OR_BACKUP","\app\api\property-intelligence\route.ts.backup-20260907-130717"
"SOURCE_CODE","\app\api\property-intelligence\advisor\route.ts"
"GENERATED_OR_BACKUP","\app\api\property-intelligence\advisor\route.ts.backup-20260907-130048"
"GENERATED_OR_BACKUP","\app\api\property-intelligence\advisor\route.ts.backup-20260907-130717"
"SOURCE_CODE","\app\api\property-intelligence\ai\route.ts"
"SOURCE_CODE","\app\api\property-intelligence\ai-insight\route.ts"
"SOURCE_CODE","\app\api\property-intelligence\analysis\route.ts"
"SOURCE_CODE","\app\api\property-intelligence\analytics\route.ts"
"SOURCE_CODE","\app\api\property-intelligence\architecture\route.ts"
"GENERATED_OR_BACKUP","\app\api\property-intelligence\architecture\route.ts.backup-20260907-130048"
"SOURCE_CODE","\app\api\property-intelligence\comparison\route.ts"
"GENERATED_OR_BACKUP","\app\api\property-intelligence\comparison\route.ts.backup-20260907-123310"
"GENERATED_OR_BACKUP","\app\api\property-intelligence\comparison\route.ts.backup-20260907-124218"
"SOURCE_CODE","\app\api\property-intelligence\features\route.ts"
"SOURCE_CODE","\app\api\property-intelligence\images\route.ts"
"SOURCE_CODE","\app\api\property-intelligence\investment\route.ts"
"SOURCE_CODE","\app\api\property-intelligence\lifecycle\route.ts"
"SOURCE_CODE","\app\api\property-intelligence\location\route.ts"
"SOURCE_CODE","\app\api\property-intelligence\matching\route.ts"
"SOURCE_CODE","\app\api\property-intelligence\opportunities\route.ts"
"SOURCE_CODE","\app\api\property-intelligence\performance\route.ts"
"SOURCE_CODE","\app\api\property-intelligence\profiles\route.ts"
"SOURCE_CODE","\app\api\property-intelligence\properties\route.ts"
"SOURCE_CODE","\app\api\property-intelligence\quality\route.ts"
"SOURCE_CODE","\app\api\property-intelligence\ranking\route.ts"
"GENERATED_OR_BACKUP","\app\api\property-intelligence\ranking\route.ts.backup-20260907-130048"
"GENERATED_OR_BACKUP","\app\api\property-intelligence\ranking\route.ts.backup-20260907-130717"
"SOURCE_CODE","\app\api\property-intelligence\recommendation\route.ts"
"SOURCE_CODE","\app\api\property-intelligence\recommendations\route.ts"
"SOURCE_CODE","\app\api\property-intelligence\risk\route.ts"
"SOURCE_CODE","\app\api\property-intelligence\score\route.ts"
"SOURCE_CODE","\app\api\property-intelligence\scoring\route.ts"
"GENERATED_OR_BACKUP","\app\api\property-intelligence\scoring\route.ts.backup-20260907-124218"
"SOURCE_CODE","\app\api\property-intelligence\valuation\route.ts"
"GENERATED_OR_BACKUP","\app\api\property-intelligence\valuation\route.ts.backup-20260907-123310"
"GENERATED_OR_BACKUP","\app\api\property-intelligence\valuation\route.ts.backup-20260907-124218"
"GENERATED_OR_BACKUP","\app\api\property-intelligence\valuation\route.ts.backup-20260907-130048"
"GENERATED_OR_BACKUP","\app\api\property-intelligence\valuation\route.ts.backup-20260907-130717"
"SOURCE_CODE","\app\api\real-estate\intelligence\route.ts"
"SOURCE_CODE","\app\api\real-estate\markets\route.ts"
"SOURCE_CODE","\app\api\real-estate\properties\route.ts"
"SOURCE_CODE","\app\api\real-estate\trends\route.ts"
"SOURCE_CODE","\app\api\real-estate\valuation\route.ts"
"SOURCE_CODE","\app\api\real-estate-intelligence\route.ts"
"SOURCE_CODE","\app\api\real-estate-intelligence\analytics\route.ts"
"SOURCE_CODE","\app\api\real-estate-intelligence\demand\route.ts"
"SOURCE_CODE","\app\api\real-estate-intelligence\investments\route.ts"
"SOURCE_CODE","\app\api\real-estate-intelligence\locations\route.ts"
"SOURCE_CODE","\app\api\real-estate-intelligence\markets\route.ts"
"SOURCE_CODE","\app\api\real-estate-intelligence\predictions\route.ts"
"SOURCE_CODE","\app\api\real-estate-intelligence\properties\route.ts"
"SOURCE_CODE","\app\api\real-estate-intelligence\valuation\route.ts"
"SOURCE_CODE","\app\api\recommendation\route.ts"
"SOURCE_CODE","\app\api\recommendation\feed\route.ts"
"SOURCE_CODE","\app\api\recommendation\personalized\route.ts"
"SOURCE_CODE","\app\api\recommendation\preferences\route.ts"
"SOURCE_CODE","\app\api\regulations\route.ts"
"SOURCE_CODE","\app\api\regulations\authorities\route.ts"
"SOURCE_CODE","\app\api\regulations\categories\route.ts"
"SOURCE_CODE","\app\api\regulations\compliance\route.ts"
"SOURCE_CODE","\app\api\regulations\sources\route.ts"
"SOURCE_CODE","\app\api\research-intelligence\route.ts"
"SOURCE_CODE","\app\api\research-intelligence\authors\route.ts"
"SOURCE_CODE","\app\api\research-intelligence\citations\route.ts"
"SOURCE_CODE","\app\api\research-intelligence\discoveries\route.ts"
"SOURCE_CODE","\app\api\research-intelligence\forecasts\route.ts"
"SOURCE_CODE","\app\api\research-intelligence\graph\route.ts"
"SOURCE_CODE","\app\api\research-intelligence\papers\route.ts"
"SOURCE_CODE","\app\api\research-intelligence\publications\route.ts"
"SOURCE_CODE","\app\api\research-intelligence\topics\route.ts"
"SOURCE_CODE","\app\api\search\route.ts"
"GENERATED_OR_BACKUP","\app\api\search\route.ts.backup-20260907-113447"
"SOURCE_CODE","\app\api\search\filters\route.ts"
"SOURCE_CODE","\app\api\search\ranking\route.ts"
"SOURCE_CODE","\app\api\search\semantic\route.ts"
"SOURCE_CODE","\app\api\search\suggestions\route.ts"
"GENERATED_OR_BACKUP","\app\api\search\suggestions\route.ts.backup-20260907-113447"
"SOURCE_CODE","\app\api\security\route.ts"
"GENERATED_OR_BACKUP","\app\api\security\route.ts.backup-20260907-132248"
"GENERATED_OR_BACKUP","\app\api\security\route.ts.backup-20260907-132801"
"SOURCE_CODE","\app\api\security\audit\route.ts"
"GENERATED_OR_BACKUP","\app\api\security\audit\route.ts.backup-20260907-132248"
"GENERATED_OR_BACKUP","\app\api\security\audit\route.ts.backup-20260907-132801"
"SOURCE_CODE","\app\api\security\auth\route.ts"
"SOURCE_CODE","\app\api\security\authentication\route.ts"
"GENERATED_OR_BACKUP","\app\api\security\authentication\route.ts.backup-20260907-132801"
"SOURCE_CODE","\app\api\security\authorization\route.ts"
"GENERATED_OR_BACKUP","\app\api\security\authorization\route.ts.backup-20260907-132801"
"SOURCE_CODE","\app\api\security\compliance\route.ts"
"SOURCE_CODE","\app\api\security\consent\route.ts"
"SOURCE_CODE","\app\api\security\identity\route.ts"
"GENERATED_OR_BACKUP","\app\api\security\identity\route.ts.backup-20260907-132248"
"GENERATED_OR_BACKUP","\app\api\security\identity\route.ts.backup-20260907-132801"
"SOURCE_CODE","\app\api\security\monitoring\route.ts"
"SOURCE_CODE","\app\api\security\permissions\route.ts"
"GENERATED_OR_BACKUP","\app\api\security\permissions\route.ts.backup-20260907-132248"
"GENERATED_OR_BACKUP","\app\api\security\permissions\route.ts.backup-20260907-132801"
"SOURCE_CODE","\app\api\security\privacy\route.ts"
"GENERATED_OR_BACKUP","\app\api\security\privacy\route.ts.backup-20260907-132248"
"GENERATED_OR_BACKUP","\app\api\security\privacy\route.ts.backup-20260907-132801"
"SOURCE_CODE","\app\api\security\roles\route.ts"
"SOURCE_CODE","\app\api\security\sessions\route.ts"
"GENERATED_OR_BACKUP","\app\api\security\sessions\route.ts.backup-20260907-132801"
"SOURCE_CODE","\app\api\security\trust\route.ts"
"GENERATED_OR_BACKUP","\app\api\security\trust\route.ts.backup-20260907-132801"
"SOURCE_CODE","\app\api\security\users\route.ts"
"SOURCE_CODE","\app\api\security\verification\route.ts"
"SOURCE_CODE","\app\api\security-intelligence\route.ts"
"SOURCE_CODE","\app\api\security-intelligence\access-control\route.ts"
"SOURCE_CODE","\app\api\security-intelligence\analytics\route.ts"
"SOURCE_CODE","\app\api\security-intelligence\authentication\route.ts"
"SOURCE_CODE","\app\api\security-intelligence\authorization\route.ts"
"SOURCE_CODE","\app\api\security-intelligence\compliance\route.ts"
"SOURCE_CODE","\app\api\security-intelligence\identity\route.ts"
"SOURCE_CODE","\app\api\security-intelligence\privacy\route.ts"
"SOURCE_CODE","\app\api\security-intelligence\sessions\route.ts"
"SOURCE_CODE","\app\api\security-intelligence\trust-score\route.ts"
"SOURCE_CODE","\app\api\smart-search\route.ts"
"SOURCE_CODE","\app\api\smart-search\discovery\route.ts"
"SOURCE_CODE","\app\api\smart-search\geo\route.ts"
"SOURCE_CODE","\app\api\smart-search\natural-language\route.ts"
"SOURCE_CODE","\app\api\smart-search\personalized\route.ts"
"SOURCE_CODE","\app\api\smart-search\ranking\route.ts"
"SOURCE_CODE","\app\api\smart-search\semantic\route.ts"
"SOURCE_CODE","\app\api\smart-search\visual\route.ts"
"SOURCE_CODE","\app\api\sources\route.ts"
"SOURCE_CODE","\app\api\sources\authorities\route.ts"
"SOURCE_CODE","\app\api\sources\citations\route.ts"
"SOURCE_CODE","\app\api\sources\organizations\route.ts"
"SOURCE_CODE","\app\api\sources\regulations\route.ts"
"SOURCE_CODE","\app\api\sources\standards\route.ts"
"SOURCE_CODE","\app\api\sources\verify\route.ts"
"SOURCE_CODE","\app\api\spatial-intelligence\route.ts"
"GENERATED_OR_BACKUP","\app\api\spatial-intelligence\route.ts.backup-20260907-130218"
"GENERATED_OR_BACKUP","\app\api\spatial-intelligence\route.ts.backup-20260907-135820"
"SOURCE_CODE","\app\api\spatial-intelligence\advisor\route.ts"
"SOURCE_CODE","\app\api\spatial-intelligence\analysis\route.ts"
"SOURCE_CODE","\app\api\spatial-intelligence\analytics\route.ts"
"SOURCE_CODE","\app\api\spatial-intelligence\ar\route.ts"
"SOURCE_CODE","\app\api\spatial-intelligence\assistant\route.ts"
"SOURCE_CODE","\app\api\spatial-intelligence\buildings\route.ts"
"SOURCE_CODE","\app\api\spatial-intelligence\districts\route.ts"
"SOURCE_CODE","\app\api\spatial-intelligence\geo-data\route.ts"
"SOURCE_CODE","\app\api\spatial-intelligence\gis\route.ts"
"SOURCE_CODE","\app\api\spatial-intelligence\locations\route.ts"
"GENERATED_OR_BACKUP","\app\api\spatial-intelligence\locations\route.ts.backup-20260907-130218"
"SOURCE_CODE","\app\api\spatial-intelligence\maps\route.ts"
"GENERATED_OR_BACKUP","\app\api\spatial-intelligence\maps\route.ts.backup-20260907-130218"
"SOURCE_CODE","\app\api\spatial-intelligence\models\route.ts"
"SOURCE_CODE","\app\api\spatial-intelligence\predictions\route.ts"
"SOURCE_CODE","\app\api\spatial-intelligence\properties\route.ts"
"SOURCE_CODE","\app\api\spatial-intelligence\proximity\route.ts"
"SOURCE_CODE","\app\api\spatial-intelligence\queries\route.ts"
"SOURCE_CODE","\app\api\spatial-intelligence\ranking\route.ts"
"SOURCE_CODE","\app\api\spatial-intelligence\regions\route.ts"
"GENERATED_OR_BACKUP","\app\api\spatial-intelligence\regions\route.ts.backup-20260907-130218"
"SOURCE_CODE","\app\api\spatial-intelligence\scenes\route.ts"
"SOURCE_CODE","\app\api\spatial-intelligence\urban\route.ts"
"SOURCE_CODE","\app\api\spatial-intelligence\vr\route.ts"
"SOURCE_CODE","\app\api\spatial-intelligence\xr\route.ts"
"SOURCE_CODE","\app\api\transaction-intelligence\route.ts"
"SOURCE_CODE","\app\api\transaction-intelligence\assistant\route.ts"
"SOURCE_CODE","\app\api\transaction-intelligence\contracts\route.ts"
"SOURCE_CODE","\app\api\transaction-intelligence\deals\route.ts"
"SOURCE_CODE","\app\api\transaction-intelligence\offers\route.ts"
"SOURCE_CODE","\app\api\transaction-intelligence\payments\route.ts"
"SOURCE_CODE","\app\api\transaction-intelligence\risks\route.ts"
"SOURCE_CODE","\app\api\transaction-intelligence\transactions\route.ts"
"SOURCE_CODE","\app\api\transaction-intelligence\verification\route.ts"
"SOURCE_CODE","\app\api\transaction-intelligence\workflows\route.ts"
"SOURCE_CODE","\app\api\translation\cache\route.ts"
"SOURCE_CODE","\app\api\translation\detect\route.ts"
"SOURCE_CODE","\app\api\translation\languages\route.ts"
"SOURCE_CODE","\app\api\translation\status\route.ts"
"SOURCE_CODE","\app\api\translation\translate\route.ts"
"SOURCE_CODE","\app\api\trust-intelligence\route.ts"
"GENERATED_OR_BACKUP","\app\api\trust-intelligence\route.ts.backup-20260907-135943"
"SOURCE_CODE","\app\api\trust-intelligence\analytics\route.ts"
"GENERATED_OR_BACKUP","\app\api\trust-intelligence\analytics\route.ts.backup-20260907-135943"
"SOURCE_CODE","\app\api\trust-intelligence\audits\route.ts"
"GENERATED_OR_BACKUP","\app\api\trust-intelligence\audits\route.ts.backup-20260907-135943"
"SOURCE_CODE","\app\api\trust-intelligence\compliance\route.ts"
"GENERATED_OR_BACKUP","\app\api\trust-intelligence\compliance\route.ts.backup-20260907-135943"
"SOURCE_CODE","\app\api\trust-intelligence\explainability\route.ts"
"GENERATED_OR_BACKUP","\app\api\trust-intelligence\explainability\route.ts.backup-20260907-135943"
"SOURCE_CODE","\app\api\trust-intelligence\governance\route.ts"
"GENERATED_OR_BACKUP","\app\api\trust-intelligence\governance\route.ts.backup-20260907-135943"
"SOURCE_CODE","\app\api\trust-intelligence\policies\route.ts"
"GENERATED_OR_BACKUP","\app\api\trust-intelligence\policies\route.ts.backup-20260907-135943"
"SOURCE_CODE","\app\api\trust-intelligence\privacy\route.ts"
"GENERATED_OR_BACKUP","\app\api\trust-intelligence\privacy\route.ts.backup-20260907-135943"
"SOURCE_CODE","\app\api\trust-intelligence\security\route.ts"
"GENERATED_OR_BACKUP","\app\api\trust-intelligence\security\route.ts.backup-20260907-135943"
"SOURCE_CODE","\app\api\urban-intelligence\route.ts"
"GENERATED_OR_BACKUP","\app\api\urban-intelligence\route.ts.backup-20260907-133117"
"SOURCE_CODE","\app\api\urban-intelligence\advisor\route.ts"
"SOURCE_CODE","\app\api\urban-intelligence\analytics\route.ts"
"SOURCE_CODE","\app\api\urban-intelligence\cities\route.ts"
"GENERATED_OR_BACKUP","\app\api\urban-intelligence\cities\route.ts.backup-20260907-133117"
"SOURCE_CODE","\app\api\urban-intelligence\districts\route.ts"
"SOURCE_CODE","\app\api\urban-intelligence\growth\route.ts"
"SOURCE_CODE","\app\api\urban-intelligence\infrastructure\route.ts"
"GENERATED_OR_BACKUP","\app\api\urban-intelligence\infrastructure\route.ts.backup-20260907-133117"
"SOURCE_CODE","\app\api\urban-intelligence\metrics\route.ts"
"SOURCE_CODE","\app\api\urban-intelligence\mobility\route.ts"
"GENERATED_OR_BACKUP","\app\api\urban-intelligence\mobility\route.ts.backup-20260907-133117"
"SOURCE_CODE","\app\api\urban-intelligence\models\route.ts"
"SOURCE_CODE","\app\api\urban-intelligence\profiles\route.ts"
"SOURCE_CODE","\app\api\urban-intelligence\quality\route.ts"
"SOURCE_CODE","\app\api\urban-intelligence\scenarios\route.ts"
"SOURCE_CODE","\app\api\urban-intelligence\sustainability\route.ts"
"GENERATED_OR_BACKUP","\app\api\urban-intelligence\sustainability\route.ts.backup-20260907-133117"
"SOURCE_CODE","\app\api\user-intelligence\route.ts"
"GENERATED_OR_BACKUP","\app\api\user-intelligence\route.ts.backup-20260907-123709"
"GENERATED_OR_BACKUP","\app\api\user-intelligence\route.ts.backup-20260907-124633"
"GENERATED_OR_BACKUP","\app\api\user-intelligence\route.ts.backup-20260907-125836"
"GENERATED_OR_BACKUP","\app\api\user-intelligence\route.ts.backup-20260907-135006"
"GENERATED_OR_BACKUP","\app\api\user-intelligence\route.ts.backup-20260907-140415"
"SOURCE_CODE","\app\api\user-intelligence\ai-assistant\route.ts"
"SOURCE_CODE","\app\api\user-intelligence\analytics\route.ts"
"GENERATED_OR_BACKUP","\app\api\user-intelligence\analytics\route.ts.backup-20260907-140415"
"SOURCE_CODE","\app\api\user-intelligence\assistant\route.ts"
"GENERATED_OR_BACKUP","\app\api\user-intelligence\assistant\route.ts.backup-20260907-124633"
"GENERATED_OR_BACKUP","\app\api\user-intelligence\assistant\route.ts.backup-20260907-125836"
"GENERATED_OR_BACKUP","\app\api\user-intelligence\assistant\route.ts.backup-20260907-135006"
"GENERATED_OR_BACKUP","\app\api\user-intelligence\assistant\route.ts.backup-20260907-140415"
"SOURCE_CODE","\app\api\user-intelligence\behavior\route.ts"
"GENERATED_OR_BACKUP","\app\api\user-intelligence\behavior\route.ts.backup-20260907-123709"
"GENERATED_OR_BACKUP","\app\api\user-intelligence\behavior\route.ts.backup-20260907-124633"
"GENERATED_OR_BACKUP","\app\api\user-intelligence\behavior\route.ts.backup-20260907-125836"
"GENERATED_OR_BACKUP","\app\api\user-intelligence\behavior\route.ts.backup-20260907-135006"
"GENERATED_OR_BACKUP","\app\api\user-intelligence\behavior\route.ts.backup-20260907-140415"
"SOURCE_CODE","\app\api\user-intelligence\feedback\route.ts"
"SOURCE_CODE","\app\api\user-intelligence\goals\route.ts"
"SOURCE_CODE","\app\api\user-intelligence\interactions\route.ts"
"SOURCE_CODE","\app\api\user-intelligence\interests\route.ts"
"GENERATED_OR_BACKUP","\app\api\user-intelligence\interests\route.ts.backup-20260907-123709"
"SOURCE_CODE","\app\api\user-intelligence\journey\route.ts"
"GENERATED_OR_BACKUP","\app\api\user-intelligence\journey\route.ts.backup-20260907-135006"
"SOURCE_CODE","\app\api\user-intelligence\memory\route.ts"
"SOURCE_CODE","\app\api\user-intelligence\personalization\route.ts"
"GENERATED_OR_BACKUP","\app\api\user-intelligence\personalization\route.ts.backup-20260907-123709"
"GENERATED_OR_BACKUP","\app\api\user-intelligence\personalization\route.ts.backup-20260907-124633"
"GENERATED_OR_BACKUP","\app\api\user-intelligence\personalization\route.ts.backup-20260907-125836"
"GENERATED_OR_BACKUP","\app\api\user-intelligence\personalization\route.ts.backup-20260907-135006"
"GENERATED_OR_BACKUP","\app\api\user-intelligence\personalization\route.ts.backup-20260907-140415"
"SOURCE_CODE","\app\api\user-intelligence\predictions\route.ts"
"SOURCE_CODE","\app\api\user-intelligence\preferences\route.ts"
"GENERATED_OR_BACKUP","\app\api\user-intelligence\preferences\route.ts.backup-20260907-123709"
"GENERATED_OR_BACKUP","\app\api\user-intelligence\preferences\route.ts.backup-20260907-124633"
"GENERATED_OR_BACKUP","\app\api\user-intelligence\preferences\route.ts.backup-20260907-125836"
"GENERATED_OR_BACKUP","\app\api\user-intelligence\preferences\route.ts.backup-20260907-135006"
"GENERATED_OR_BACKUP","\app\api\user-intelligence\preferences\route.ts.backup-20260907-140415"
"SOURCE_CODE","\app\api\user-intelligence\profile\route.ts"
"GENERATED_OR_BACKUP","\app\api\user-intelligence\profile\route.ts.backup-20260907-123709"
"GENERATED_OR_BACKUP","\app\api\user-intelligence\profile\route.ts.backup-20260907-124633"
"GENERATED_OR_BACKUP","\app\api\user-intelligence\profile\route.ts.backup-20260907-125836"
"GENERATED_OR_BACKUP","\app\api\user-intelligence\profile\route.ts.backup-20260907-135006"
"GENERATED_OR_BACKUP","\app\api\user-intelligence\profile\route.ts.backup-20260907-140415"
"SOURCE_CODE","\app\api\user-intelligence\recommendations\route.ts"
"GENERATED_OR_BACKUP","\app\api\user-intelligence\recommendations\route.ts.backup-20260907-123709"
"GENERATED_OR_BACKUP","\app\api\user-intelligence\recommendations\route.ts.backup-20260907-124633"
"GENERATED_OR_BACKUP","\app\api\user-intelligence\recommendations\route.ts.backup-20260907-125836"
"GENERATED_OR_BACKUP","\app\api\user-intelligence\recommendations\route.ts.backup-20260907-135006"
"GENERATED_OR_BACKUP","\app\api\user-intelligence\recommendations\route.ts.backup-20260907-140415"
"SOURCE_CODE","\app\api\user-intelligence\segments\route.ts"
"SOURCE_CODE","\app\api\users\account\route.ts"
"SOURCE_CODE","\app\api\users\activity\route.ts"
"SOURCE_CODE","\app\api\users\dashboard\route.ts"
"SOURCE_CODE","\app\api\users\preferences\route.ts"
"SOURCE_CODE","\app\api\users\profile\route.ts"
"SOURCE_CODE","\components\admin\ContentForm.tsx"
"SOURCE_CODE","\components\admin\ContentManager.tsx"
"SOURCE_CODE","\components\admin\ReviewPanel.tsx"
"SOURCE_CODE","\components\admin\StatusBadge.tsx"
"SOURCE_CODE","\components\admin\content\ContentDashboard.tsx"
"SOURCE_CODE","\components\admin\content\ContentEditor.tsx"
"SOURCE_CODE","\components\admin\content\ContentFilters.tsx"
"SOURCE_CODE","\components\admin\content\ContentTable.tsx"
"SOURCE_CODE","\components\admin\content\index.ts"
"SOURCE_CODE","\components\admin\content\PublishingWorkflow.tsx"
"SOURCE_CODE","\components\admin\content\TranslationEditor.tsx"
"SOURCE_CODE","\components\ai-core\index.ts"
"SOURCE_CODE","\components\ai-intelligence\AIConfidence.tsx"
"GENERATED_OR_BACKUP","\components\ai-intelligence\AIInsightCard.tsx.backup-20260907-120801"
"SOURCE_CODE","\components\ai-intelligence\index.ts"
"GENERATED_OR_BACKUP","\components\ai-intelligence\index.ts.backup-20260907-120049"
"GENERATED_OR_BACKUP","\components\ai-intelligence\index.ts.backup-20260907-120801"
"SOURCE_CODE","\components\ai-intelligence\IntelligenceDashboard.tsx"
"SOURCE_CODE","\components\ai-intelligence\PredictionCard.tsx"
"SOURCE_CODE","\components\ai-intelligence\RecommendationPanel.tsx"
"SOURCE_CODE","\components\ai-intelligence\SmartAssistant.tsx"
"SOURCE_CODE","\components\ai-orchestration\index.ts"
"GENERATED_OR_BACKUP","\components\ai-orchestration\index.ts.backup-20260907-123208"
"GENERATED_OR_BACKUP","\components\ai-orchestration\index.ts.backup-20260907-124554"
"GENERATED_OR_BACKUP","\components\ai-orchestration\index.ts.backup-20260907-125247"
"SOURCE_CODE","\components\ai-search\index.ts"
"SOURCE_CODE","\components\analytics\DataSourceBadge.tsx"
"SOURCE_CODE","\components\analytics\index.ts"
"SOURCE_CODE","\components\analytics\MarketIndicator.tsx"
"SOURCE_CODE","\components\analytics\MetricCard.tsx"
"SOURCE_CODE","\components\analytics\TrendDisplay.tsx"
"GENERATED_OR_BACKUP","\components\architecture-intelligence\ArchitectCard.tsx.backup-20260907-115905"
"SOURCE_CODE","\components\architecture-intelligence\ArchitectProfile.tsx"
"GENERATED_OR_BACKUP","\components\architecture-intelligence\ArchitectureDashboard.tsx.backup-20260907-134853"
"SOURCE_CODE","\components\architecture-intelligence\ArchitectureGallery.tsx"
"SOURCE_CODE","\components\architecture-intelligence\index.ts"
"GENERATED_OR_BACKUP","\components\architecture-intelligence\index.ts.backup-20260907-115905"
"SOURCE_CODE","\components\architecture-intelligence\ProjectCard.tsx"
"GENERATED_OR_BACKUP","\components\architecture-intelligence\StyleExplorer.tsx.backup-20260907-115905"
"SOURCE_CODE","\components\auth\AccountMenu.tsx"
"SOURCE_CODE","\components\auth\AuthGuard.tsx"
"SOURCE_CODE","\components\auth\ForgotPassword.tsx"
"GENERATED_OR_BACKUP","\components\auth\ForgotPassword.tsx.backup-20260907-114206"
"SOURCE_CODE","\components\auth\index.ts"
"GENERATED_OR_BACKUP","\components\auth\index.ts.backup-20260907-113059"
"GENERATED_OR_BACKUP","\components\auth\index.ts.backup-20260907-114206"
"GENERATED_OR_BACKUP","\components\auth\index.ts.backup-20260907-115207"
"SOURCE_CODE","\components\auth\LoginForm.tsx"
"GENERATED_OR_BACKUP","\components\auth\LoginForm.tsx.backup-20260907-113059"
"GENERATED_OR_BACKUP","\components\auth\LoginForm.tsx.backup-20260907-114206"
"GENERATED_OR_BACKUP","\components\auth\LoginForm.tsx.backup-20260907-115207"
"SOURCE_CODE","\components\auth\PasswordRecovery.tsx"
"SOURCE_CODE","\components\auth\RegisterForm.tsx"
"GENERATED_OR_BACKUP","\components\auth\RegisterForm.tsx.backup-20260907-113059"
"GENERATED_OR_BACKUP","\components\auth\RegisterForm.tsx.backup-20260907-114206"
"GENERATED_OR_BACKUP","\components\auth\RegisterForm.tsx.backup-20260907-115207"
"SOURCE_CODE","\components\auth\ResetPassword.tsx"
"SOURCE_CODE","\components\auth\SocialLogin.tsx"
"GENERATED_OR_BACKUP","\components\auth\SocialLogin.tsx.backup-20260907-115207"
"SOURCE_CODE","\components\auth\SocialLoginButton.tsx"
"SOURCE_CODE","\components\auth\UserAvatar.tsx"
"GENERATED_OR_BACKUP","\components\auth\UserAvatar.tsx.backup-20260907-115207"
"SOURCE_CODE","\components\auth\VerificationForm.tsx"
"GENERATED_OR_BACKUP","\components\auth\VerificationForm.tsx.backup-20260907-115207"
"SOURCE_CODE","\components\auth\VerifyAccount.tsx"
"GENERATED_OR_BACKUP","\components\auth\VerifyAccount.tsx.backup-20260907-114206"
"SOURCE_CODE","\components\autonomous-intelligence\index.ts"
"GENERATED_OR_BACKUP","\components\autonomous-intelligence\index.ts.backup-20260907-130432"
"SOURCE_CODE","\components\city-intelligence\BuiltEnvironmentDashboard.tsx"
"SOURCE_CODE","\components\city-intelligence\BuiltEnvironmentReport.tsx"
"GENERATED_OR_BACKUP","\components\city-intelligence\CityAIInsight.tsx.backup-20260907-120619"
"SOURCE_CODE","\components\city-intelligence\CityArchitecture.tsx"
"GENERATED_OR_BACKUP","\components\city-intelligence\CityCard.tsx.backup-20260907-114619"
"GENERATED_OR_BACKUP","\components\city-intelligence\CityCard.tsx.backup-20260907-115813"
"GENERATED_OR_BACKUP","\components\city-intelligence\CityCard.tsx.backup-20260907-120619"
"SOURCE_CODE","\components\city-intelligence\CityIndicators.tsx"
"SOURCE_CODE","\components\city-intelligence\CityMap.tsx"
"SOURCE_CODE","\components\city-intelligence\CityMarketInsight.tsx"
"SOURCE_CODE","\components\city-intelligence\CityOverview.tsx"
"GENERATED_OR_BACKUP","\components\city-intelligence\CityProfile.tsx.backup-20260907-115813"
"GENERATED_OR_BACKUP","\components\city-intelligence\CityProfile.tsx.backup-20260907-120619"
"GENERATED_OR_BACKUP","\components\city-intelligence\CityRanking.tsx.backup-20260907-114619"
"GENERATED_OR_BACKUP","\components\city-intelligence\CityRanking.tsx.backup-20260907-115813"
"GENERATED_OR_BACKUP","\components\city-intelligence\CityRanking.tsx.backup-20260907-121658"
"SOURCE_CODE","\components\city-intelligence\CountryProfile.tsx"
"SOURCE_CODE","\components\city-intelligence\index.ts"
"GENERATED_OR_BACKUP","\components\city-intelligence\index.ts.backup-20260907-114619"
"GENERATED_OR_BACKUP","\components\city-intelligence\index.ts.backup-20260907-115813"
"GENERATED_OR_BACKUP","\components\city-intelligence\index.ts.backup-20260907-120619"
"GENERATED_OR_BACKUP","\components\city-intelligence\index.ts.backup-20260907-121658"
"GENERATED_OR_BACKUP","\components\city-intelligence\index.ts.backup-20260907-124114"
"GENERATED_OR_BACKUP","\components\city-intelligence\InfrastructurePanel.tsx.backup-20260907-124114"
"SOURCE_CODE","\components\city-intelligence\SustainabilityScore.tsx"
"SOURCE_CODE","\components\city-intelligence\UrbanIndicators.tsx"
"SOURCE_CODE","\components\city-intelligence\UrbanScore.tsx"
"SOURCE_CODE","\components\communication\index.ts"
"SOURCE_CODE","\components\communication-intelligence\index.ts"
"SOURCE_CODE","\components\community\BookmarkButton.tsx"
"SOURCE_CODE","\components\community\CommentBox.tsx"
"SOURCE_CODE","\components\community\index.ts"
"SOURCE_CODE","\components\community\ReactionButton.tsx"
"SOURCE_CODE","\components\content\ArticleCard.tsx"
"SOURCE_CODE","\components\content\ContentCard.tsx"
"GENERATED_OR_BACKUP","\components\content\ContentCard.tsx.backup-20260907-103937"
"SOURCE_CODE","\components\content\ContentFeed.tsx"
"SOURCE_CODE","\components\content\ContentGrid.tsx"
"SOURCE_CODE","\components\content\index.ts"
"GENERATED_OR_BACKUP","\components\content\index.ts.backup-20260907-103937"
"SOURCE_CODE","\components\content\IntelligenceCard.tsx"
"SOURCE_CODE","\components\content\KnowledgeCard.tsx"
"SOURCE_CODE","\components\content\RegulationCard.tsx"
"SOURCE_CODE","\components\content\ReportCard.tsx"
"SOURCE_CODE","\components\content\SourceBadge.tsx"
"SOURCE_CODE","\components\content-detail\ArticleDetail.tsx"
"SOURCE_CODE","\components\content-detail\ContentHero.tsx"
"SOURCE_CODE","\components\content-detail\index.ts"
"SOURCE_CODE","\components\content-detail\KnowledgeDetail.tsx"
"SOURCE_CODE","\components\content-detail\ReadingMeta.tsx"
"SOURCE_CODE","\components\content-detail\RelatedContent.tsx"
"SOURCE_CODE","\components\content-detail\ReportDetail.tsx"
"SOURCE_CODE","\components\content-detail\ShareActions.tsx"
"SOURCE_CODE","\components\content-detail\SourceAttribution.tsx"
"GENERATED_OR_BACKUP","\components\content-intelligence\AIContentAssistant.tsx.backup-20260907-122435"
"SOURCE_CODE","\components\content-intelligence\ContentPreview.tsx"
"SOURCE_CODE","\components\content-intelligence\index.ts"
"GENERATED_OR_BACKUP","\components\content-intelligence\index.ts.backup-20260907-120140"
"GENERATED_OR_BACKUP","\components\content-intelligence\index.ts.backup-20260907-120942"
"GENERATED_OR_BACKUP","\components\content-intelligence\index.ts.backup-20260907-122435"
"GENERATED_OR_BACKUP","\components\content-intelligence\index.ts.backup-20260907-124430"
"GENERATED_OR_BACKUP","\components\content-intelligence\index.ts.backup-20260907-125119"
"GENERATED_OR_BACKUP","\components\content-intelligence\LanguageSelector.tsx.backup-20260907-120140"
"SOURCE_CODE","\components\content-intelligence\MultilingualContent.tsx"
"SOURCE_CODE","\components\content-intelligence\SEOPreview.tsx"
"SOURCE_CODE","\components\content-intelligence\TranslationStatus.tsx"
"SOURCE_CODE","\components\conversational-ai\index.ts"
"SOURCE_CODE","\components\dashboard\ActivityTimeline.tsx"
"GENERATED_OR_BACKUP","\components\dashboard\ActivityTimeline.tsx.backup-20260907-112810"
"SOURCE_CODE","\components\dashboard\DashboardLayout.tsx"
"SOURCE_CODE","\components\dashboard\DashboardWidget.tsx"
"SOURCE_CODE","\components\dashboard\index.ts"
"GENERATED_OR_BACKUP","\components\dashboard\index.ts.backup-20260907-112810"
"SOURCE_CODE","\components\dashboard\InsightCard.tsx"
"SOURCE_CODE","\components\dashboard\RecommendationWidget.tsx"
"GENERATED_OR_BACKUP","\components\dashboard\RecommendationWidget.tsx.backup-20260907-112810"
"SOURCE_CODE","\components\dashboard\SavedItemsPanel.tsx"
"SOURCE_CODE","\components\dashboard\SmartDashboard.tsx"
"SOURCE_CODE","\components\dashboard\UserPreferencePanel.tsx"
"SOURCE_CODE","\components\data-intelligence\index.ts"
"GENERATED_OR_BACKUP","\components\data-intelligence\index.ts.backup-20260907-125201"
"SOURCE_CODE","\components\decision-intelligence\index.ts"
"SOURCE_CODE","\components\design-system\Badge.tsx"
"SOURCE_CODE","\components\design-system\Card.tsx"
"SOURCE_CODE","\components\design-system\Container.tsx"
"SOURCE_CODE","\components\design-system\Divider.tsx"
"SOURCE_CODE","\components\design-system\Heading.tsx"
"SOURCE_CODE","\components\design-system\index.ts"
"SOURCE_CODE","\components\design-system\Section.tsx"
"SOURCE_CODE","\components\design-system\Text.tsx"
"SOURCE_CODE","\components\digital-twin\index.ts"
"GENERATED_OR_BACKUP","\components\digital-twin\index.ts.backup-20260907-130258"
"SOURCE_CODE","\components\discovery\CategoryFilter.tsx"
"SOURCE_CODE","\components\discovery\ContentTypeFilter.tsx"
"SOURCE_CODE","\components\discovery\DiscoveryCard.tsx"
"SOURCE_CODE","\components\discovery\FilterPanel.tsx"
"SOURCE_CODE","\components\discovery\index.ts"
"GENERATED_OR_BACKUP","\components\discovery\index.ts.backup-20260907-104147"
"SOURCE_CODE","\components\discovery\ProfessionalCard.tsx"
"SOURCE_CODE","\components\discovery\RankingBadge.tsx"
"SOURCE_CODE","\components\discovery\SearchBar.tsx"
"GENERATED_OR_BACKUP","\components\discovery\SearchResults.tsx.backup-20260907-131644"
"SOURCE_CODE","\components\discovery\TagExplorer.tsx"
"SOURCE_CODE","\components\discovery\VerificationBadge.tsx"
"SOURCE_CODE","\components\editorial\AuthorBadge.tsx"
"SOURCE_CODE","\components\editorial\ContentStatusBadge.tsx"
"SOURCE_CODE","\components\editorial\index.ts"
"SOURCE_CODE","\components\editorial\VersionInfo.tsx"
"SOURCE_CODE","\components\experience\ContentExperience.tsx"
"SOURCE_CODE","\components\experience\DiscoveryExperience.tsx"
"SOURCE_CODE","\components\experience\ExperienceContainer.tsx"
"SOURCE_CODE","\components\experience\ExperienceSection.tsx"
"SOURCE_CODE","\components\experience\ExperienceShell.tsx"
"SOURCE_CODE","\components\experience\HomeExperience.tsx"
"SOURCE_CODE","\components\experience\index.ts"
"SOURCE_CODE","\components\experience\IntelligenceExperience.tsx"
"SOURCE_CODE","\components\experience\PersonalizationExperience.tsx"
"SOURCE_CODE","\components\experience\hero\HeroFoundation.tsx"
"SOURCE_CODE","\components\experience\home\HomeExperience.tsx"
"SOURCE_CODE","\components\governance\AuthorityCard.tsx"
"SOURCE_CODE","\components\governance\index.ts"
"SOURCE_CODE","\components\governance\OfficialSourceLink.tsx"
"SOURCE_CODE","\components\governance\RegulationCard.tsx"
"SOURCE_CODE","\components\home\AIInsights.tsx"
"SOURCE_CODE","\components\home\ArchitectureIntelligence.tsx"
"SOURCE_CODE","\components\home\CitiesShowcase.tsx"
"SOURCE_CODE","\components\home\FeaturedKnowledge.tsx"
"SOURCE_CODE","\components\home\HeroSection.tsx"
"GENERATED_OR_BACKUP","\components\home\index.ts.backup-20260907-025051"
"SOURCE_CODE","\components\home\IntelligenceIntro.tsx"
"SOURCE_CODE","\components\home\MarketIntelligence.tsx"
"SOURCE_CODE","\components\home\ReportsShowcase.tsx"
"SOURCE_CODE","\components\i18n\DirectionProvider.tsx"
"SOURCE_CODE","\components\i18n\index.ts"
"SOURCE_CODE","\components\i18n\LanguageSelector.tsx"
"SOURCE_CODE","\components\i18n\TranslationBadge.tsx"
"SOURCE_CODE","\components\intelligence\AIInsightCard.tsx"
"SOURCE_CODE","\components\intelligence\AIInsightPanel.tsx"
"SOURCE_CODE","\components\intelligence\AIRecommendationCard.tsx"
"SOURCE_CODE","\components\intelligence\index.ts"
"GENERATED_OR_BACKUP","\components\intelligence\index.ts.backup-20260907-105810"
"SOURCE_CODE","\components\intelligence\InsightCard.tsx"
"SOURCE_CODE","\components\intelligence\IntelligenceSignal.tsx"
"SOURCE_CODE","\components\intelligence\KnowledgeGraphPreview.tsx"
"SOURCE_CODE","\components\intelligence\MarketInsightCard.tsx"
"GENERATED_OR_BACKUP","\components\intelligence\MarketSnapshot.tsx"
"SOURCE_CODE","\components\intelligence\PersonalizedFeed.tsx"
"SOURCE_CODE","\components\intelligence\RecommendationCard.tsx"
"SOURCE_CODE","\components\intelligence\SmartSuggestion.tsx"
"SOURCE_CODE","\components\investment\index.ts"
"SOURCE_CODE","\components\investment\InvestmentCard.tsx"
"SOURCE_CODE","\components\investment\InvestorBadge.tsx"
"SOURCE_CODE","\components\investment\RiskIndicator.tsx"
"SOURCE_CODE","\components\investment-intelligence\index.ts"
"GENERATED_OR_BACKUP","\components\investment-intelligence\index.ts.backup-20260907-122940"
"GENERATED_OR_BACKUP","\components\investment-intelligence\index.ts.backup-20260907-124307"
"GENERATED_OR_BACKUP","\components\investment-intelligence\index.ts.backup-20260907-124952"
"GENERATED_OR_BACKUP","\components\investment-intelligence\index.ts.backup-20260907-130001"
"SOURCE_CODE","\components\knowledge\EntityBadge.tsx"
"SOURCE_CODE","\components\knowledge\EntityCard.tsx"
"GENERATED_OR_BACKUP","\components\knowledge\EntityCard.tsx.backup-20260907-112628"
"SOURCE_CODE","\components\knowledge\index.ts"
"GENERATED_OR_BACKUP","\components\knowledge\index.ts.backup-20260907-112628"
"SOURCE_CODE","\components\knowledge\KnowledgePanel.tsx"
"SOURCE_CODE","\components\knowledge\RelatedEntities.tsx"
"SOURCE_CODE","\components\knowledge\RelationMap.tsx"
"SOURCE_CODE","\components\knowledge\RelationshipBadge.tsx"
"GENERATED_OR_BACKUP","\components\knowledge-graph\EntityCard.tsx.backup-20260907-120000"
"SOURCE_CODE","\components\knowledge-graph\GraphInsight.tsx"
"SOURCE_CODE","\components\knowledge-graph\index.ts"
"GENERATED_OR_BACKUP","\components\knowledge-graph\index.ts.backup-20260907-120000"
"GENERATED_OR_BACKUP","\components\knowledge-graph\index.ts.backup-20260907-120851"
"GENERATED_OR_BACKUP","\components\knowledge-graph\index.ts.backup-20260907-122206"
"GENERATED_OR_BACKUP","\components\knowledge-graph\index.ts.backup-20260907-125326"
"GENERATED_OR_BACKUP","\components\knowledge-graph\index.ts.backup-20260907-130337"
"GENERATED_OR_BACKUP","\components\knowledge-graph\KnowledgeExplorer.tsx.backup-20260907-120000"
"GENERATED_OR_BACKUP","\components\knowledge-graph\KnowledgeMap.tsx.backup-20260907-120851"
"SOURCE_CODE","\components\knowledge-graph\RelationView.tsx"
"GENERATED_OR_BACKUP","\components\knowledge-graph\SemanticSearch.tsx.backup-20260907-125326"
"SOURCE_CODE","\components\knowledge-graph-intelligence\index.ts"
"SOURCE_CODE","\components\layout\MainNavigation.tsx"
"SOURCE_CODE","\components\layout\SiteFooter.tsx"
"SOURCE_CODE","\components\layout\SiteHeader.tsx"
"GENERATED_OR_BACKUP","\components\market-intelligence\ForecastPanel.tsx.backup-20260907-122046"
"SOURCE_CODE","\components\market-intelligence\index.ts"
"GENERATED_OR_BACKUP","\components\market-intelligence\index.ts.backup-20260907-115731"
"GENERATED_OR_BACKUP","\components\market-intelligence\index.ts.backup-20260907-120714"
"GENERATED_OR_BACKUP","\components\market-intelligence\index.ts.backup-20260907-122046"
"GENERATED_OR_BACKUP","\components\market-intelligence\index.ts.backup-20260907-124016"
"GENERATED_OR_BACKUP","\components\market-intelligence\index.ts.backup-20260907-125914"
"SOURCE_CODE","\components\market-intelligence\InvestmentScore.tsx"
"GENERATED_OR_BACKUP","\components\market-intelligence\InvestmentScore.tsx.backup-20260907-115731"
"GENERATED_OR_BACKUP","\components\market-intelligence\MarketCard.tsx.backup-20260907-120714"
"GENERATED_OR_BACKUP","\components\market-intelligence\MarketDashboard.tsx.backup-20260907-120714"
"GENERATED_OR_BACKUP","\components\market-intelligence\MarketInsight.tsx.backup-20260907-122046"
"SOURCE_CODE","\components\market-intelligence\MarketOverview.tsx"
"SOURCE_CODE","\components\market-intelligence\MarketReport.tsx"
"SOURCE_CODE","\components\market-intelligence\MarketReportCard.tsx"
"SOURCE_CODE","\components\market-intelligence\PriceChart.tsx"
"GENERATED_OR_BACKUP","\components\market-intelligence\PriceChart.tsx.backup-20260907-115731"
"SOURCE_CODE","\components\market-intelligence\TrendIndicator.tsx"
"GENERATED_OR_BACKUP","\components\market-intelligence\TrendIndicator.tsx.backup-20260907-115731"
"SOURCE_CODE","\components\marketplace\index.ts"
"GENERATED_OR_BACKUP","\components\marketplace\index.ts.backup-20260907-120531"
"GENERATED_OR_BACKUP","\components\marketplace\index.ts.backup-20260907-123424"
"SOURCE_CODE","\components\marketplace-intelligence\index.ts"
"GENERATED_OR_BACKUP","\components\marketplace-intelligence\index.ts.backup-20260907-124906"
"SOURCE_CODE","\components\moderation\ApprovalBadge.tsx"
"SOURCE_CODE","\components\moderation\index.ts"
"SOURCE_CODE","\components\moderation\ModerationPanel.tsx"
"SOURCE_CODE","\components\moderation\QualityScore.tsx"
"SOURCE_CODE","\components\moderation\ReviewCard.tsx"
"SOURCE_CODE","\components\moderation\WorkflowStatus.tsx"
"SOURCE_CODE","\components\navigation\Breadcrumbs.tsx"
"GENERATED_OR_BACKUP","\components\navigation\DesktopNavigation.tsx.backup-20260907-030013"
"GENERATED_OR_BACKUP","\components\navigation\DesktopNavigation.tsx.backup-20260907-030422"
"SOURCE_CODE","\components\navigation\Header.tsx"
"SOURCE_CODE","\components\navigation\index.ts"
"GENERATED_OR_BACKUP","\components\navigation\LanguageSwitcher.tsx.backup-20260907-030013"
"GENERATED_OR_BACKUP","\components\navigation\LanguageSwitcher.tsx.backup-20260907-030422"
"GENERATED_OR_BACKUP","\components\navigation\MobileNavigation.tsx.backup-20260907-030013"
"GENERATED_OR_BACKUP","\components\navigation\MobileNavigation.tsx.backup-20260907-030422"
"SOURCE_CODE","\components\navigation\SearchTrigger.tsx"
"SOURCE_CODE","\components\notification\index.ts"
"SOURCE_CODE","\components\notification\NotificationBadge.tsx"
"SOURCE_CODE","\components\notification\NotificationCenter.tsx"
"SOURCE_CODE","\components\notification\NotificationItem.tsx"
"SOURCE_CODE","\components\notification\NotificationPanel.tsx"
"SOURCE_CODE","\components\notification\NotificationSettings.tsx"
"SOURCE_CODE","\components\notifications\index.ts"
"SOURCE_CODE","\components\notifications\NotificationBell.tsx"
"SOURCE_CODE","\components\notifications\NotificationItem.tsx"
"SOURCE_CODE","\components\notifications\NotificationList.tsx"
"SOURCE_CODE","\components\personalization\index.ts"
"SOURCE_CODE","\components\personalization\InterestSelector.tsx"
"SOURCE_CODE","\components\personalization\PersonalizedFeed.tsx"
"SOURCE_CODE","\components\personalization\ReadingHistory.tsx"
"SOURCE_CODE","\components\personalization\RecentlyViewed.tsx"
"SOURCE_CODE","\components\personalization\RecommendationCard.tsx"
"SOURCE_CODE","\components\personalization\SaveContentButton.tsx"
"SOURCE_CODE","\components\personalization\UserPreferences.tsx"
"SOURCE_CODE","\components\predictive-intelligence\index.ts"
"SOURCE_CODE","\components\professional\FeaturedProfessionals.tsx"
"SOURCE_CODE","\components\professional\index.ts"
"SOURCE_CODE","\components\professional\ProfessionalCard.tsx"
"SOURCE_CODE","\components\professional\ProfessionalDirectory.tsx"
"SOURCE_CODE","\components\professional\ProfessionalProfile.tsx"
"SOURCE_CODE","\components\professional\RatingDisplay.tsx"
"SOURCE_CODE","\components\professional\VerificationBadge.tsx"
"SOURCE_CODE","\components\professional-directory\CompanyCard.tsx"
"SOURCE_CODE","\components\professional-directory\index.ts"
"SOURCE_CODE","\components\professional-directory\ProfessionalCard.tsx"
"SOURCE_CODE","\components\professional-directory\RankingBadge.tsx"
"SOURCE_CODE","\components\professional-directory\VerificationBadge.tsx"
"SOURCE_CODE","\components\professional-ecosystem\index.ts"
"GENERATED_OR_BACKUP","\components\professional-ecosystem\index.ts.backup-20260907-120322"
"GENERATED_OR_BACKUP","\components\professional-ecosystem\index.ts.backup-20260907-121035"
"GENERATED_OR_BACKUP","\components\professional-ecosystem\ProfessionalCard.tsx.backup-20260907-120322"
"GENERATED_OR_BACKUP","\components\professional-ecosystem\ProfessionalProfile.tsx.backup-20260907-120322"
"SOURCE_CODE","\components\professional-ecosystem\ProfessionalSearch.tsx"
"SOURCE_CODE","\components\professional-ecosystem\RankingList.tsx"
"GENERATED_OR_BACKUP","\components\professional-ecosystem\ReputationScore.tsx.backup-20260907-120322"
"SOURCE_CODE","\components\professional-ecosystem\ServiceMarketplace.tsx"
"GENERATED_OR_BACKUP","\components\professional-ecosystem\VerificationBadge.tsx.backup-20260907-120322"
"SOURCE_CODE","\components\professional-intelligence\index.ts"
"GENERATED_OR_BACKUP","\components\professional-intelligence\index.ts.backup-20260907-124353"
"GENERATED_OR_BACKUP","\components\professional-intelligence\index.ts.backup-20260907-125030"
"SOURCE_CODE","\components\professional-marketplace\CategoryFilter.tsx"
"SOURCE_CODE","\components\professional-marketplace\FeaturedProfessionals.tsx"
"SOURCE_CODE","\components\professional-marketplace\index.ts"
"SOURCE_CODE","\components\professional-marketplace\PortfolioGallery.tsx"
"SOURCE_CODE","\components\professional-marketplace\ProfessionalCard.tsx"
"SOURCE_CODE","\components\professional-marketplace\ProfessionalProfile.tsx"
"SOURCE_CODE","\components\professional-marketplace\RatingBadge.tsx"
"SOURCE_CODE","\components\professional-marketplace\VerifiedBadge.tsx"
"SOURCE_CODE","\components\professionals\index.ts"
"SOURCE_CODE","\components\professionals\ProfessionalBadge.tsx"
"SOURCE_CODE","\components\professionals\ProfessionalCard.tsx"
"SOURCE_CODE","\components\professionals\VerificationBadge.tsx"
"SOURCE_CODE","\components\profile\ActivityFeed.tsx"
"SOURCE_CODE","\components\profile\ActivitySummary.tsx"
"SOURCE_CODE","\components\profile\DashboardCard.tsx"
"SOURCE_CODE","\components\profile\index.ts"
"GENERATED_OR_BACKUP","\components\profile\index.ts.backup-20260907-112906"
"SOURCE_CODE","\components\profile\InterestSelector.tsx"
"SOURCE_CODE","\components\profile\ProfessionalProfile.tsx"
"SOURCE_CODE","\components\profile\ProfileCard.tsx"
"GENERATED_OR_BACKUP","\components\profile\ProfileCard.tsx.backup-20260907-112905"
"SOURCE_CODE","\components\profile\ProfileHeader.tsx"
"SOURCE_CODE","\components\profile\ProfileSettings.tsx"
"SOURCE_CODE","\components\profile-platform\AccountSettings.tsx"
"SOURCE_CODE","\components\profile-platform\ActivityTimeline.tsx"
"SOURCE_CODE","\components\profile-platform\DashboardLayout.tsx"
"SOURCE_CODE","\components\profile-platform\index.ts"
"SOURCE_CODE","\components\profile-platform\OrganizationProfile.tsx"
"SOURCE_CODE","\components\profile-platform\PreferenceSettings.tsx"
"SOURCE_CODE","\components\profile-platform\ProfessionalProfileCard.tsx"
"SOURCE_CODE","\components\profile-platform\ProfileEditor.tsx"
"SOURCE_CODE","\components\profile-platform\UserProfileCard.tsx"
"SOURCE_CODE","\components\property\PropertyCard.tsx"
"SOURCE_CODE","\components\property\PropertyGrid.tsx"
"SOURCE_CODE","\components\property-intelligence\index.ts"
"GENERATED_OR_BACKUP","\components\property-intelligence\index.ts.backup-20260907-114404"
"GENERATED_OR_BACKUP","\components\property-intelligence\index.ts.backup-20260907-115634"
"GENERATED_OR_BACKUP","\components\property-intelligence\index.ts.backup-20260907-120411"
"GENERATED_OR_BACKUP","\components\property-intelligence\index.ts.backup-20260907-121221"
"GENERATED_OR_BACKUP","\components\property-intelligence\index.ts.backup-20260907-123310"
"GENERATED_OR_BACKUP","\components\property-intelligence\index.ts.backup-20260907-124218"
"GENERATED_OR_BACKUP","\components\property-intelligence\index.ts.backup-20260907-130048"
"GENERATED_OR_BACKUP","\components\property-intelligence\PropertyAIInsight.tsx.backup-20260907-120411"
"SOURCE_CODE","\components\property-intelligence\PropertyAnalysis.tsx"
"SOURCE_CODE","\components\property-intelligence\PropertyBadge.tsx"
"GENERATED_OR_BACKUP","\components\property-intelligence\PropertyCard.tsx.backup-20260907-114404"
"GENERATED_OR_BACKUP","\components\property-intelligence\PropertyCard.tsx.backup-20260907-115634"
"GENERATED_OR_BACKUP","\components\property-intelligence\PropertyCard.tsx.backup-20260907-120411"
"GENERATED_OR_BACKUP","\components\property-intelligence\PropertyComparison.tsx.backup-20260907-121221"
"SOURCE_CODE","\components\property-intelligence\PropertyDetail.tsx"
"SOURCE_CODE","\components\property-intelligence\PropertyDetails.tsx"
"GENERATED_OR_BACKUP","\components\property-intelligence\PropertyFeatureList.tsx.backup-20260907-121221"
"GENERATED_OR_BACKUP","\components\property-intelligence\PropertyFeatures.tsx.backup-20260907-120411"
"SOURCE_CODE","\components\property-intelligence\PropertyFilters.tsx"
"SOURCE_CODE","\components\property-intelligence\PropertyMap.tsx"
"GENERATED_OR_BACKUP","\components\property-intelligence\PropertyScore.tsx.backup-20260907-114404"
"GENERATED_OR_BACKUP","\components\property-intelligence\PropertyScore.tsx.backup-20260907-115634"
"GENERATED_OR_BACKUP","\components\property-intelligence\PropertyScore.tsx.backup-20260907-120411"
"GENERATED_OR_BACKUP","\components\property-intelligence\PropertySearch.tsx.backup-20260907-115634"
"GENERATED_OR_BACKUP","\components\property-intelligence\PropertySearch.tsx.backup-20260907-120411"
"SOURCE_CODE","\components\property-intelligence\RecommendedProperties.tsx"
"SOURCE_CODE","\components\quality\index.ts"
"SOURCE_CODE","\components\quality\QualityBadge.tsx"
"SOURCE_CODE","\components\quality\StatusIndicator.tsx"
"SOURCE_CODE","\components\real-estate\index.ts"
"SOURCE_CODE","\components\real-estate\InvestmentScore.tsx"
"SOURCE_CODE","\components\real-estate\MarketDashboard.tsx"
"GENERATED_OR_BACKUP","\components\real-estate\MarketSnapshot.tsx"
"SOURCE_CODE","\components\real-estate\MarketTrend.tsx"
"SOURCE_CODE","\components\real-estate\PropertyCard.tsx"
"SOURCE_CODE","\components\real-estate\PropertyOverview.tsx"
"SOURCE_CODE","\components\real-estate-ai\AIInsightPanel.tsx"
"SOURCE_CODE","\components\real-estate-ai\index.ts"
"SOURCE_CODE","\components\real-estate-ai\InvestmentScore.tsx"
"SOURCE_CODE","\components\real-estate-ai\MarketScoreCard.tsx"
"SOURCE_CODE","\components\real-estate-ai\PredictionBadge.tsx"
"SOURCE_CODE","\components\real-estate-ai\ValuationCard.tsx"
"SOURCE_CODE","\components\recommendation\index.ts"
"SOURCE_CODE","\components\recommendation\IntelligenceBadge.tsx"
"SOURCE_CODE","\components\recommendation\InterestPanel.tsx"
"SOURCE_CODE","\components\recommendation\PersonalizedFeed.tsx"
"SOURCE_CODE","\components\recommendation\RecommendationCard.tsx"
"SOURCE_CODE","\components\recommendation\RecommendationList.tsx"
"SOURCE_CODE","\components\regulations\AuthorityCard.tsx"
"SOURCE_CODE","\components\regulations\ComplianceBadge.tsx"
"SOURCE_CODE","\components\regulations\index.ts"
"SOURCE_CODE","\components\regulations\RegulationCard.tsx"
"SOURCE_CODE","\components\regulations\RegulationExplorer.tsx"
"SOURCE_CODE","\components\regulations\RegulationProfile.tsx"
"SOURCE_CODE","\components\regulations\SourceLink.tsx"
"SOURCE_CODE","\components\release\BuildStatus.tsx"
"SOURCE_CODE","\components\release\index.ts"
"SOURCE_CODE","\components\release\ReleaseStatus.tsx"
"SOURCE_CODE","\components\reports\index.ts"
"SOURCE_CODE","\components\reports\ReportBadge.tsx"
"SOURCE_CODE","\components\reports\ReportCard.tsx"
"SOURCE_CODE","\components\reports\ReportMeta.tsx"
"SOURCE_CODE","\components\reports\ReportSummary.tsx"
"SOURCE_CODE","\components\responsive\AccessibilityWrapper.tsx"
"SOURCE_CODE","\components\responsive\AdaptiveGrid.tsx"
"SOURCE_CODE","\components\responsive\DesktopOnly.tsx"
"SOURCE_CODE","\components\responsive\FocusRing.tsx"
"SOURCE_CODE","\components\responsive\index.ts"
"SOURCE_CODE","\components\responsive\MobileOnly.tsx"
"SOURCE_CODE","\components\responsive\ResponsiveContainer.tsx"
"SOURCE_CODE","\components\responsive\ResponsiveSection.tsx"
"SOURCE_CODE","\components\search\EmptySearch.tsx"
"SOURCE_CODE","\components\search\index.ts"
"GENERATED_OR_BACKUP","\components\search\index.ts.backup-20260907-112539"
"GENERATED_OR_BACKUP","\components\search\index.ts.backup-20260907-113447"
"SOURCE_CODE","\components\search\ResultCard.tsx"
"SOURCE_CODE","\components\search\SearchBox.tsx"
"GENERATED_OR_BACKUP","\components\search\SearchBox.tsx.backup-20260907-112539"
"GENERATED_OR_BACKUP","\components\search\SearchBox.tsx.backup-20260907-113447"
"SOURCE_CODE","\components\search\SearchFilters.tsx"
"GENERATED_OR_BACKUP","\components\search\SearchFilters.tsx.backup-20260907-112539"
"GENERATED_OR_BACKUP","\components\search\SearchFilters.tsx.backup-20260907-113447"
"SOURCE_CODE","\components\search\SearchHighlight.tsx"
"SOURCE_CODE","\components\search\SearchResult.tsx"
"SOURCE_CODE","\components\search\SearchResults.tsx"
"GENERATED_OR_BACKUP","\components\search\SearchResults.tsx.backup-20260907-113447"
"SOURCE_CODE","\components\search\SearchSuggestion.tsx"
"GENERATED_OR_BACKUP","\components\search\SearchSuggestion.tsx.backup-20260907-113447"
"SOURCE_CODE","\components\search\SearchSuggestions.tsx"
"SOURCE_CODE","\components\sections\FeaturedSection.tsx"
"SOURCE_CODE","\components\sections\HeroSection.tsx"
"SOURCE_CODE","\components\security\AccessDenied.tsx"
"SOURCE_CODE","\components\security\index.ts"
"SOURCE_CODE","\components\security\PermissionGuard.tsx"
"SOURCE_CODE","\components\security\RoleBadge.tsx"
"SOURCE_CODE","\components\security\SecurityStatus.tsx"
"SOURCE_CODE","\components\source-intelligence\index.ts"
"SOURCE_CODE","\components\spatial-intelligence\index.ts"
"GENERATED_OR_BACKUP","\components\spatial-intelligence\index.ts.backup-20260907-130218"
"SOURCE_CODE","\components\system-audit\AuditReport.tsx"
"SOURCE_CODE","\components\system-audit\AuditStatus.tsx"
"SOURCE_CODE","\components\system-audit\index.ts"
"GENERATED_OR_BACKUP","\components\templates\ContentTemplate.tsx"
"GENERATED_OR_BACKUP","\components\templates\LandingTemplate.tsx"
"GENERATED_OR_BACKUP","\components\templates\PropertyTemplate.tsx"
"SOURCE_CODE","\components\transaction-intelligence\index.ts"
"SOURCE_CODE","\components\translation\index.ts"
"GENERATED_OR_BACKUP","\components\translation\index.ts.backup-20260907-114107"
"SOURCE_CODE","\components\translation\LanguageSelector.tsx"
"SOURCE_CODE","\components\translation\LanguageSwitcher.tsx"
"SOURCE_CODE","\components\translation\LocalizedContent.tsx"
"GENERATED_OR_BACKUP","\components\translation\LocalizedContent.tsx.backup-20260907-114107"
"SOURCE_CODE","\components\translation\SmartTranslator.tsx"
"SOURCE_CODE","\components\translation\TranslationBadge.tsx"
"SOURCE_CODE","\components\translation\TranslationStatus.tsx"
"GENERATED_OR_BACKUP","\components\translation\TranslationStatus.tsx.backup-20260907-114107"
"SOURCE_CODE","\components\ui\index.ts"
"SOURCE_CODE","\components\urban-intelligence\index.ts"
"SOURCE_CODE","\components\user-intelligence\index.ts"
"GENERATED_OR_BACKUP","\components\user-intelligence\index.ts.backup-20260907-123709"
"GENERATED_OR_BACKUP","\components\user-intelligence\index.ts.backup-20260907-124633"
"GENERATED_OR_BACKUP","\components\user-intelligence\index.ts.backup-20260907-125836"
"SOURCE_CODE","\components\ux\AccessibilityWrapper.tsx"
"SOURCE_CODE","\components\ux\EmptyState.tsx"
"SOURCE_CODE","\components\ux\index.ts"
"SOURCE_CODE","\components\ux\LoadingState.tsx"
"SOURCE_CODE","\components\ux\SectionHeader.tsx"
"UNKNOWN","\deployment\deployment-guide.md"
"UNKNOWN","\deployment\environment-checklist.md"
"UNKNOWN","\deployment\production-checklist.md"
"PROJECT_SUPPORT","\docs\CONTENT-INGESTION-v0.2.3.md"
"PROJECT_SUPPORT","\docs\DESIGN-SYSTEM-v0.3.0.md"
"PROJECT_SUPPORT","\docs\EXPERIENCE-ASSEMBLY-v0.1.0.md"
"PROJECT_SUPPORT","\docs\FINAL-AUDIT-v1.0.md"
"PROJECT_SUPPORT","\docs\MELKISM-ARCHITECTURE-v1.md"
"PROJECT_SUPPORT","\docs\MELKISM-MODULE-MAP-v1.md"
"PROJECT_SUPPORT","\docs\MELKISM-PRODUCTION-READY-v1.md"
"PROJECT_SUPPORT","\docs\MELKISM-ROADMAP-FUTURE.md"
"PROJECT_SUPPORT","\docs\MELKISM-SECURITY-REPORT-v1.md"
"PROJECT_SUPPORT","\docs\patch-05.2.3.2.2.9-learning-pipeline-contract-runtime.md"
"PROJECT_SUPPORT","\docs\patch-05.2.3.2.2.9.2.1-learning-runtime-regex-fix.md"
"PROJECT_SUPPORT","\docs\patch-05.2.3.2.2.9.3-learning-pipeline-cleanup.md"
"PROJECT_SUPPORT","\docs\PRODUCTION-READINESS-v1.0.md"
"PROJECT_SUPPORT","\docs\RELEASE-CANDIDATE-v1.0.md"
"PROJECT_SUPPORT","\docs\RESPONSIVE-UX-v0.1.0.md"
"PROJECT_SUPPORT","\docs\admin\CONTENT-ADMIN-PLATFORM-v1.03.md"
"PROJECT_SUPPORT","\docs\agent-intelligence\GLOBAL-AUTONOMOUS-AI-AGENT-MULTI-AGENT-INTELLIGENCE-v2.69.md"
"PROJECT_SUPPORT","\docs\agentic-ai\GLOBAL-AGENTIC-AI-OPERATING-SYSTEM-MULTI-AGENT-ORCHESTRATION-v2.51.md"
"PROJECT_SUPPORT","\docs\ai\AI-CORE-INTELLIGENCE-PLATFORM-v2.20.md"
"PROJECT_SUPPORT","\docs\ai-agents\GLOBAL-AI-AGENT-ORCHESTRATION-AUTONOMOUS-INTELLIGENCE-v2.30.md"
"PROJECT_SUPPORT","\docs\ai-agents\GLOBAL-AUTONOMOUS-AI-AGENT-NETWORK-v2.43.md"
"PROJECT_SUPPORT","\docs\ai-agents\GLOBAL-AUTONOMOUS-AI-AGENTS-MULTI-AGENT-REAL-ESTATE-INTELLIGENCE-v2.78.md"
"GENERATED_OR_BACKUP","\docs\ai-agents\GLOBAL-AUTONOMOUS-AI-AGENTS-MULTI-AGENT-REAL-ESTATE-INTELLIGENCE-v2.78.md.backup-20260907-140716"
"PROJECT_SUPPORT","\docs\ai-cloud\GLOBAL-AI-CLOUD-DISTRIBUTED-EDGE-INTELLIGENCE-v2.47.md"
"PROJECT_SUPPORT","\docs\ai-copilot\GLOBAL-AUTONOMOUS-DECISION-AI-COPILOT-v2.36.md"
"PROJECT_SUPPORT","\docs\ai-core\GLOBAL-AI-OPERATING-SYSTEM-v2.00.md"
"PROJECT_SUPPORT","\docs\ai-core\GLOBAL-MULTIMODAL-AI-CORE-PLATFORM-v2.08.md"
"PROJECT_SUPPORT","\docs\ai-ecosystem\GLOBAL-AI-ECOSYSTEM-MARKETPLACE-PLUGIN-ARCHITECTURE-v2.46.md"
"PROJECT_SUPPORT","\docs\ai-governance\GLOBAL-AI-GOVERNANCE-SAFETY-ETHICS-CONTROL-v2.53.md"
"PROJECT_SUPPORT","\docs\ai-governance\GLOBAL-AI-GOVERNANCE-TRUST-RESPONSIBLE-AI-v2.45.md"
"PROJECT_SUPPORT","\docs\ai-governance\GLOBAL-AUTONOMOUS-OPERATIONS-AI-GOVERNANCE-v2.37.md"
"PROJECT_SUPPORT","\docs\ai-intelligence\AI-INTELLIGENCE-ENGINE-DECISION-SUPPORT-v1.27.md"
"PROJECT_SUPPORT","\docs\ai-intelligence\AI-INTELLIGENCE-SEMANTIC-UNDERSTANDING-v1.37.md"
"PROJECT_SUPPORT","\docs\ai-intelligence\AI-REAL-ESTATE-INTELLIGENCE-ENGINE-v1.46.md"
"PROJECT_SUPPORT","\docs\ai-orchestration\GLOBAL-AI-ORCHESTRATION-AGENT-GOVERNANCE-INTELLIGENT-WORKFLOW-AUTOMATION-v2.79.md"
"PROJECT_SUPPORT","\docs\ai-orchestration\GLOBAL-AI-ORCHESTRATION-AI-OPERATING-CORE-v1.83.md"
"PROJECT_SUPPORT","\docs\ai-orchestration\GLOBAL-AI-ORCHESTRATION-AUTONOMOUS-INTELLIGENCE-v1.74.md"
"PROJECT_SUPPORT","\docs\ai-orchestration\GLOBAL-AI-ORCHESTRATION-MELKISM-INTELLIGENCE-OS-v1.57.md"
"GENERATED_OR_BACKUP","\docs\ai-orchestration\GLOBAL-AI-ORCHESTRATION-MELKISM-INTELLIGENCE-OS-v1.57.md.backup-20260907-123208"
"PROJECT_SUPPORT","\docs\ai-reasoning\GLOBAL-ADVANCED-AI-REASONING-DECISION-INTELLIGENCE-v2.80.md"
"PROJECT_SUPPORT","\docs\ai-research\GLOBAL-AI-RESEARCH-LAB-SCIENTIFIC-INTELLIGENCE-v2.41.md"
"PROJECT_SUPPORT","\docs\ai-research\GLOBAL-AUTONOMOUS-AI-RESEARCH-CONTINUOUS-LEARNING-v2.50.md"
"PROJECT_SUPPORT","\docs\ai-search\GLOBAL-AI-SEARCH-INTELLIGENT-DISCOVERY-ENGINE-v1.63.md"
"PROJECT_SUPPORT","\docs\analytics\BUSINESS-MARKET-INTELLIGENCE-PLATFORM-v2.14.md"
"PROJECT_SUPPORT","\docs\architecture-intelligence\ARCHITECTURE-GLOBAL-DESIGN-KNOWLEDGE-v1.18.md"
"PROJECT_SUPPORT","\docs\architecture-intelligence\ARCHITECTURE-INTELLIGENCE-BUILT-ENVIRONMENT-v1.35.md"
"PROJECT_SUPPORT","\docs\architecture-intelligence\GLOBAL-ARCHITECTURE-BUILT-ENVIRONMENT-AI-ENGINE-v2.55.md"
"PROJECT_SUPPORT","\docs\auth\AUTHENTICATION-FOUNDATION-v1.10.md"
"PROJECT_SUPPORT","\docs\auth\AUTHENTICATION-IDENTITY-v0.88.md"
"PROJECT_SUPPORT","\docs\auth\AUTHENTICATION-USER-IDENTITY-PLATFORM-v1.30.md"
"PROJECT_SUPPORT","\docs\auth\IDENTITY-DATABASE-PLATFORM-v1.11.md"
"PROJECT_SUPPORT","\docs\authentication\AUTHENTICATION-USER-IDENTITY-PLATFORM-v1.21.md"
"PROJECT_SUPPORT","\docs\autonomous-intelligence\GLOBAL-AUTONOMOUS-AI-INTELLIGENCE-PLATFORM-v1.85.md"
"PROJECT_SUPPORT","\docs\autonomous-intelligence\GLOBAL-AUTONOMOUS-INTELLIGENCE-AI-v1.99.md"
"PROJECT_SUPPORT","\docs\city-intelligence\CITY-GLOBAL-BUILT-ENVIRONMENT-v1.17.md"
"PROJECT_SUPPORT","\docs\city-intelligence\CITY-INTELLIGENCE-BUILT-ENVIRONMENT-PLATFORM-v1.25.md"
"PROJECT_SUPPORT","\docs\city-intelligence\CITY-INTELLIGENCE-URBAN-KNOWLEDGE-PLATFORM-v1.34.md"
"PROJECT_SUPPORT","\docs\city-intelligence\GLOBAL-CITY-INTELLIGENCE-AI-URBAN-KNOWLEDGE-v1.54.md"
"PROJECT_SUPPORT","\docs\city-intelligence\GLOBAL-CITY-INTELLIGENCE-SMART-CITY-AI-ADVISOR-v1.68.md"
"PROJECT_SUPPORT","\docs\city-intelligence\GLOBAL-CITY-INTELLIGENCE-URBAN-PLATFORM-v1.44.md"
"PROJECT_SUPPORT","\docs\climate-intelligence\GLOBAL-CLIMATE-INTELLIGENCE-DEEP-SUSTAINABILITY-PLANETARY-BUILT-ENVIRONMENT-v2.75.md"
"PROJECT_SUPPORT","\docs\climate-intelligence\GLOBAL-CLIMATE-SUSTAINABILITY-ENVIRONMENTAL-INTELLIGENCE-v2.65.md"
"PROJECT_SUPPORT","\docs\cloud\CLOUD-PRODUCTION-READINESS-PLATFORM-v2.18.md"
"PROJECT_SUPPORT","\docs\collaboration\COLLABORATION-WORKFLOW-PLATFORM-v2.15.md"
"PROJECT_SUPPORT","\docs\communication\TRANSACTION-COMMUNICATION-AI-REAL-ESTATE-INTERACTION-v1.65.md"
"PROJECT_SUPPORT","\docs\communication-intelligence\GLOBAL-COMMUNICATION-INTELLIGENCE-AI-MESSAGING-v1.76.md"
"PROJECT_SUPPORT","\docs\community\COMMUNITY-ENGAGEMENT-v0.87.md"
"PROJECT_SUPPORT","\docs\content\CONTENT-EXPERIENCE-v0.77.md"
"PROJECT_SUPPORT","\docs\content-engine\CONTENT-OPERATIONS-v1.01.md"
"PROJECT_SUPPORT","\docs\content-intelligence\CONTENT-INTELLIGENCE-MULTILINGUAL-PLATFORM-v1.38.md"
"PROJECT_SUPPORT","\docs\content-intelligence\GLOBAL-CONTENT-INTELLIGENCE-AI-KNOWLEDGE-MEDIA-v1.58.md"
"PROJECT_SUPPORT","\docs\content-intelligence\GLOBAL-CONTENT-INTELLIGENCE-AI-KNOWLEDGE-PLATFORM-v1.72.md"
"PROJECT_SUPPORT","\docs\content-intelligence\GLOBAL-CONTENT-INTELLIGENCE-AI-KNOWLEDGE-PLATFORM-v1.81.md"
"PROJECT_SUPPORT","\docs\content-intelligence\GLOBAL-CONTENT-INTELLIGENCE-AI-KNOWLEDGE-PUBLISHING-v1.48.md"
"PROJECT_SUPPORT","\docs\content-intelligence\GLOBAL-CONTENT-MULTILINGUAL-PLATFORM-v1.28.md"
"PROJECT_SUPPORT","\docs\content-management\CONTENT-MANAGEMENT-v0.80.md"
"PROJECT_SUPPORT","\docs\content-platform\KNOWLEDGE-PUBLISHING-PLATFORM-v2.16.md"
"PROJECT_SUPPORT","\docs\continuous-learning\GLOBAL-AUTONOMOUS-LEARNING-CONTINUOUS-INTELLIGENCE-AI-EVOLUTION-v2.73.md"
"PROJECT_SUPPORT","\docs\conversational-ai\GLOBAL-CONVERSATIONAL-AI-ASSISTANT-PLATFORM-v1.90.md"
"PROJECT_SUPPORT","\docs\dashboard\SMART-DASHBOARD-PLATFORM-v1.07.md"
"PROJECT_SUPPORT","\docs\dashboard\SMART-DASHBOARD-v0.92.md"
"PROJECT_SUPPORT","\docs\data-intelligence\DATA-INTELLIGENCE-BUSINESS-INTELLIGENCE-PLATFORM-v2.23.md"
"PROJECT_SUPPORT","\docs\data-intelligence\DATA-INTELLIGENCE-v0.83.md"
"PROJECT_SUPPORT","\docs\data-intelligence\GLOBAL-DATA-INTELLIGENCE-AI-DATA-PLATFORM-v1.82.md"
"PROJECT_SUPPORT","\docs\data-intelligence\GLOBAL-DATA-INTELLIGENCE-ANALYTICS-BUSINESS-INTELLIGENCE-v2.32.md"
"PROJECT_SUPPORT","\docs\data-intelligence\GLOBAL-DATA-INTELLIGENCE-DATA-LAKE-AI-ANALYTICS-v1.66.md"
"PROJECT_SUPPORT","\docs\data-marketplace\GLOBAL-DATA-KNOWLEDGE-INTELLIGENCE-MARKETPLACE-v2.56.md"
"PROJECT_SUPPORT","\docs\data-platform\GLOBAL-DATA-INTELLIGENCE-FABRIC-v2.09.md"
"PROJECT_SUPPORT","\docs\decision-intelligence\GLOBAL-AI-AUTONOMOUS-DECISION-COGNITIVE-REASONING-v2.52.md"
"PROJECT_SUPPORT","\docs\decision-intelligence\GLOBAL-AI-DECISION-COGNITIVE-INTELLIGENCE-v2.44.md"
"PROJECT_SUPPORT","\docs\decision-intelligence\GLOBAL-AI-DECISION-STRATEGY-EXECUTIVE-INTELLIGENCE-v2.68.md"
"PROJECT_SUPPORT","\docs\decision-intelligence\GLOBAL-DECISION-INTELLIGENCE-EXPLAINABLE-AI-v1.89.md"
"PROJECT_SUPPORT","\docs\deployment\PRODUCTION-INFRASTRUCTURE-v6.37.0.md"
"PROJECT_SUPPORT","\docs\design-system\DESIGN-SYSTEM-v2.md"
"PROJECT_SUPPORT","\docs\digital-twin\GLOBAL-AI-DIGITAL-TWIN-SIMULATION-PREDICTIVE-ENVIRONMENT-v2.48.md"
"PROJECT_SUPPORT","\docs\digital-twin\GLOBAL-DIGITAL-TWIN-BUILT-ENVIRONMENT-AI-v1.86.md"
"PROJECT_SUPPORT","\docs\digital-twin\GLOBAL-DIGITAL-TWIN-INTELLIGENCE-AI-v1.97.md"
"PROJECT_SUPPORT","\docs\digital-twin\GLOBAL-DIGITAL-TWIN-PLATFORM-v2.06.md"
"PROJECT_SUPPORT","\docs\digital-twin\GLOBAL-DIGITAL-TWIN-SIMULATION-FUTURE-MODELING-v2.40.md"
"PROJECT_SUPPORT","\docs\digital-twin\GLOBAL-DIGITAL-TWIN-SIMULATION-PREDICTIVE-INTELLIGENCE-v2.31.md"
"PROJECT_SUPPORT","\docs\digital-twin-intelligence\GLOBAL-DIGITAL-TWIN-BUILT-ENVIRONMENT-SIMULATION-v2.64.md"
"PROJECT_SUPPORT","\docs\digital-twin-intelligence\GLOBAL-DIGITAL-TWIN-INTELLIGENCE-SMART-BUILT-ENVIRONMENT-OS-v2.74.md"
"PROJECT_SUPPORT","\docs\discovery\DISCOVERY-PLATFORM-v0.78.md"
"PROJECT_SUPPORT","\docs\discovery\INTELLIGENT-DISCOVERY-ENGINE-v2.13.md"
"PROJECT_SUPPORT","\docs\enterprise-platform\GLOBAL-ENTERPRISE-PLATFORM-ORGANIZATION-INTELLIGENCE-v2.58.md"
"PROJECT_SUPPORT","\docs\experience\USER-EXPERIENCE-INTELLIGENCE-PLATFORM-v2.22.md"
"PROJECT_SUPPORT","\docs\financial-intelligence\GLOBAL-FINANCIAL-INTELLIGENCE-INVESTMENT-PLATFORM-v2.59.md"
"PROJECT_SUPPORT","\docs\geospatial-intelligence\GLOBAL-GEOSPATIAL-SMART-CITY-PLATFORM-v2.05.md"
"PROJECT_SUPPORT","\docs\governance\REAL-ESTATE-GOVERNANCE-v0.95.md"
"PROJECT_SUPPORT","\docs\homepage\HOMEPAGE-EXPERIENCE-v1.md"
"PROJECT_SUPPORT","\docs\i18n\MULTILINGUAL-INTELLIGENCE-v0.93.md"
"PROJECT_SUPPORT","\docs\infrastructure\GLOBAL-CLOUD-DEVOPS-OBSERVABILITY-PLATFORM-v2.28.md"
"PROJECT_SUPPORT","\docs\integration\GLOBAL-INTEGRATION-API-GATEWAY-PLATFORM-CONNECTIVITY-v2.27.md"
"PROJECT_SUPPORT","\docs\integration\OPEN-INTEGRATION-ECOSYSTEM-PLATFORM-v2.17.md"
"GENERATED_OR_BACKUP","\docs\integration\OPEN-INTEGRATION-ECOSYSTEM-PLATFORM-v2.17.md.backup-20260907-131951"
"PROJECT_SUPPORT","\docs\intelligence\AI-PERSONALIZATION-v0.91.md"
"PROJECT_SUPPORT","\docs\intelligent-operations\GLOBAL-AUTOMATION-WORKFLOW-INTELLIGENT-OPERATIONS-v2.62.md"
"PROJECT_SUPPORT","\docs\investment\INVESTMENT-INTELLIGENCE-v0.85.md"
"PROJECT_SUPPORT","\docs\investment-intelligence\GLOBAL-INVESTMENT-INTELLIGENCE-AI-PORTFOLIO-ADVISOR-v1.70.md"
"PROJECT_SUPPORT","\docs\investment-intelligence\GLOBAL-INVESTMENT-INTELLIGENCE-AI-REAL-ESTATE-ENGINE-v1.79.md"
"PROJECT_SUPPORT","\docs\investment-intelligence\GLOBAL-INVESTMENT-INTELLIGENCE-AI-REAL-ESTATE-PLATFORM-v1.60.md"
"PROJECT_SUPPORT","\docs\investment-intelligence\GLOBAL-INVESTMENT-INTELLIGENCE-REAL-ESTATE-AI-v1.93.md"
"PROJECT_SUPPORT","\docs\investment-intelligence\GLOBAL-REAL-ESTATE-INVESTMENT-INTELLIGENCE-v1.50.md"
"PROJECT_SUPPORT","\docs\knowledge\GLOBAL-KNOWLEDGE-GRAPH-SEMANTIC-SEARCH-PLATFORM-v2.25.md"
"PROJECT_SUPPORT","\docs\knowledge\KNOWLEDGE-GRAPH-PLATFORM-v1.05.md"
"PROJECT_SUPPORT","\docs\knowledge\KNOWLEDGE-GRAPH-v0.81.md"
"PROJECT_SUPPORT","\docs\knowledge-fabric\GLOBAL-KNOWLEDGE-GRAPH-SEMANTIC-WEB-UNIVERSAL-INTELLIGENCE-FABRIC-v2.72.md"
"PROJECT_SUPPORT","\docs\knowledge-graph\GLOBAL-AI-KNOWLEDGE-GRAPH-SEMANTIC-INTELLIGENCE-v2.49.md"
"PROJECT_SUPPORT","\docs\knowledge-graph\GLOBAL-KNOWLEDGE-GRAPH-AI-REAL-ESTATE-NETWORK-v2.0.md"
"PROJECT_SUPPORT","\docs\knowledge-graph\GLOBAL-KNOWLEDGE-GRAPH-AI-SEMANTIC-ENGINE-v1.84.md"
"PROJECT_SUPPORT","\docs\knowledge-graph\GLOBAL-KNOWLEDGE-GRAPH-INTELLIGENCE-AI-v1.98.md"
"PROJECT_SUPPORT","\docs\knowledge-graph\GLOBAL-KNOWLEDGE-GRAPH-INTELLIGENCE-NETWORK-v2.07.md"
"PROJECT_SUPPORT","\docs\knowledge-graph\GLOBAL-KNOWLEDGE-GRAPH-INTELLIGENT-RELATIONSHIP-PLATFORM-v1.47.md"
"PROJECT_SUPPORT","\docs\knowledge-graph\GLOBAL-KNOWLEDGE-GRAPH-SEMANTIC-INTELLIGENCE-v2.35.md"
"PROJECT_SUPPORT","\docs\knowledge-graph\GLOBAL-KNOWLEDGE-GRAPH-SEMANTIC-REASONING-v2.42.md"
"PROJECT_SUPPORT","\docs\knowledge-graph\GLOBAL-REAL-ESTATE-KNOWLEDGE-GRAPH-3.0-v2.81.md"
"PROJECT_SUPPORT","\docs\knowledge-graph\KNOWLEDGE-GRAPH-GLOBAL-BUILT-ENVIRONMENT-v1.36.md"
"PROJECT_SUPPORT","\docs\knowledge-graph\KNOWLEDGE-GRAPH-SEMANTIC-ENGINE-v1.26.md"
"PROJECT_SUPPORT","\docs\knowledge-graph-intelligence\GLOBAL-KNOWLEDGE-GRAPH-AI-REASONING-PLATFORM-v1.73.md"
"PROJECT_SUPPORT","\docs\knowledge-intelligence\GLOBAL-KNOWLEDGE-GRAPH-SEMANTIC-INTELLIGENCE-v2.63.md"
"PROJECT_SUPPORT","\docs\localization-intelligence\GLOBAL-LOCALIZATION-MULTI-LANGUAGE-CULTURAL-INTELLIGENCE-v2.60.md"
"PROJECT_SUPPORT","\docs\market-intelligence\GLOBAL-MARKET-INTELLIGENCE-AI-ECONOMIC-ANALYTICS-v1.55.md"
"PROJECT_SUPPORT","\docs\market-intelligence\GLOBAL-MARKET-INTELLIGENCE-AI-REAL-ESTATE-ANALYTICS-v1.67.md"
"PROJECT_SUPPORT","\docs\market-intelligence\GLOBAL-MARKET-INTELLIGENCE-ECONOMIC-FORECASTING-REAL-ESTATE-FUTURE-ANALYTICS-v2.76.md"
"PROJECT_SUPPORT","\docs\market-intelligence\GLOBAL-MARKET-INTELLIGENCE-ECONOMIC-REAL-ESTATE-FORECASTING-v2.67.md"
"PROJECT_SUPPORT","\docs\market-intelligence\GLOBAL-MARKET-INTELLIGENCE-REAL-ESTATE-AI-v1.92.md"
"PROJECT_SUPPORT","\docs\market-intelligence\GLOBAL-MARKET-INTELLIGENCE-REAL-ESTATE-ANALYTICS-v1.45.md"
"PROJECT_SUPPORT","\docs\market-intelligence\GLOBAL-MARKET-INTELLIGENCE-REALTIME-PREDICTIVE-ANALYTICS-v2.39.md"
"PROJECT_SUPPORT","\docs\market-intelligence\MARKET-INTELLIGENCE-ANALYTICS-PLATFORM-v1.24.md"
"PROJECT_SUPPORT","\docs\market-intelligence\MARKET-INTELLIGENCE-ANALYTICS-PLATFORM-v1.33.md"
"PROJECT_SUPPORT","\docs\marketplace\COMPLETE-MARKETPLACE-PLATFORM-v2.10.md"
"PROJECT_SUPPORT","\docs\marketplace\GLOBAL-MARKETPLACE-AI-REAL-ESTATE-TRANSACTION-v1.62.md"
"PROJECT_SUPPORT","\docs\marketplace\GLOBAL-MARKETPLACE-COMMERCE-PLATFORM-v2.24.md"
"PROJECT_SUPPORT","\docs\marketplace\REAL-ESTATE-TRANSACTION-MARKETPLACE-v1.42.md"
"GENERATED_OR_BACKUP","\docs\marketplace\REAL-ESTATE-TRANSACTION-MARKETPLACE-v1.42.md.backup-20260907-120531"
"PROJECT_SUPPORT","\docs\marketplace-intelligence\GLOBAL-MARKETPLACE-INTELLIGENCE-AI-REAL-ESTATE-EXCHANGE-v1.78.md"
"PROJECT_SUPPORT","\docs\marketplace-intelligence\GLOBAL-MARKETPLACE-INTELLIGENCE-AI-TRANSACTION-v1.52.md"
"PROJECT_SUPPORT","\docs\marketplace-intelligence\GLOBAL-MARKETPLACE-INTELLIGENCE-PROPERTY-ECONOMY-v2.33.md"
"PROJECT_SUPPORT","\docs\mobile\GLOBAL-MOBILE-PWA-OMNICHANNEL-PLATFORM-v2.26.md"
"PROJECT_SUPPORT","\docs\moderation\CONTENT-MODERATION-QA-v1.13.md"
"PROJECT_SUPPORT","\docs\navigation\NAVIGATION-UX-v1.md"
"PROJECT_SUPPORT","\docs\notification\NOTIFICATION-INTELLIGENCE-PLATFORM-v1.09.md"
"PROJECT_SUPPORT","\docs\notifications\NOTIFICATION-PERSONAL-INTELLIGENCE-v0.90.md"
"PROJECT_SUPPORT","\docs\open-platform\GLOBAL-DIGITAL-ECOSYSTEM-OPEN-API-ECONOMY-v2.38.md"
"PROJECT_SUPPORT","\docs\performance\PERFORMANCE-SCALABILITY-PLATFORM-v2.19.md"
"PROJECT_SUPPORT","\docs\phase-05.2.10\G-runtime-audit\typescript-errors.txt"
"PROJECT_SUPPORT","\docs\platform\GLOBAL-PRODUCTION-ARCHITECTURE-v2.01.md"
"PROJECT_SUPPORT","\docs\predictive-intelligence\GLOBAL-PREDICTIVE-INTELLIGENCE-FORECASTING-AI-v1.88.md"
"PROJECT_SUPPORT","\docs\product-experience\USER-EXPERIENCE-PLATFORM-v2.11.md"
"PROJECT_SUPPORT","\docs\production\PRODUCTION-READINESS-v0.99.md"
"PROJECT_SUPPORT","\docs\professional\PROFESSIONAL-DIRECTORY-PLATFORM-v1.15.md"
"PROJECT_SUPPORT","\docs\professional-directory\GLOBAL-PROFESSIONAL-DIRECTORY-v0.96.md"
"PROJECT_SUPPORT","\docs\professional-ecosystem\PROFESSIONAL-ECOSYSTEM-EXPERT-NETWORK-v1.40.md"
"PROJECT_SUPPORT","\docs\professional-ecosystem\PROFESSIONAL-ECOSYSTEM-EXPERT-NETWORK-v1.49.md"
"PROJECT_SUPPORT","\docs\professional-ecosystem\PROFESSIONAL-MARKETPLACE-PLATFORM-v1.29.md"
"PROJECT_SUPPORT","\docs\professional-intelligence\GLOBAL-PROFESSIONAL-ECOSYSTEM-AI-BUILT-ENVIRONMENT-v1.59.md"
"PROJECT_SUPPORT","\docs\professional-intelligence\GLOBAL-PROFESSIONAL-INTELLIGENCE-AI-NETWORK-v1.71.md"
"PROJECT_SUPPORT","\docs\professional-intelligence\GLOBAL-PROFESSIONAL-INTELLIGENCE-AI-NETWORK-v1.80.md"
"PROJECT_SUPPORT","\docs\professional-marketplace\PROFESSIONAL-ECOSYSTEM-PLATFORM-v1.22.md"
"PROJECT_SUPPORT","\docs\professionals\PROFESSIONAL-NETWORK-v0.86.md"
"PROJECT_SUPPORT","\docs\profile\PROFILE-DASHBOARD-v0.89.md"
"PROJECT_SUPPORT","\docs\profile\PROFILE-INTELLIGENCE-PLATFORM-v1.08.md"
"PROJECT_SUPPORT","\docs\profile-platform\USER-PROFILE-DASHBOARD-PLATFORM-v1.31.md"
"PROJECT_SUPPORT","\docs\property-intelligence\GLOBAL-PROPERTY-INTELLIGENCE-AI-REAL-ESTATE-ENTITY-v2.0.md"
"PROJECT_SUPPORT","\docs\property-intelligence\GLOBAL-PROPERTY-INTELLIGENCE-AI-v1.94.md"
"PROJECT_SUPPORT","\docs\property-intelligence\GLOBAL-PROPERTY-INTELLIGENCE-AI-VALUATION-ADVISOR-v1.69.md"
"PROJECT_SUPPORT","\docs\property-intelligence\GLOBAL-PROPERTY-INTELLIGENCE-AI-VALUATION-v2.0.md"
"PROJECT_SUPPORT","\docs\property-intelligence\GLOBAL-PROPERTY-INTELLIGENCE-ENGINE-v2.03.md"
"PROJECT_SUPPORT","\docs\property-intelligence\PROPERTY-INTELLIGENCE-SMART-REAL-ESTATE-v1.32.md"
"PROJECT_SUPPORT","\docs\property-intelligence\PROPERTY-INTELLIGENCE-v0.97.md"
"PROJECT_SUPPORT","\docs\property-intelligence\PROPERTY-MARKETPLACE-CORE-v1.41.md"
"PROJECT_SUPPORT","\docs\property-intelligence\SMART-PROPERTY-INTELLIGENCE-PLATFORM-v1.23.md"
"PROJECT_SUPPORT","\docs\property-platform\validation\phase-285-target-lint-20260907-153957.txt"
"PROJECT_SUPPORT","\docs\real-estate\REAL-ESTATE-INTELLIGENCE-PLATFORM-v1.16.md"
"PROJECT_SUPPORT","\docs\real-estate-ai\AI-REAL-ESTATE-ANALYTICS-v0.98.md"
"PROJECT_SUPPORT","\docs\real-estate-intelligence\GLOBAL-REAL-ESTATE-AI-INTELLIGENCE-ENGINE-v2.54.md"
"PROJECT_SUPPORT","\docs\recommendation\AI-RECOMMENDATION-ENGINE-v1.06.md"
"PROJECT_SUPPORT","\docs\regulations\GLOBAL-REGULATIONS-KNOWLEDGE-PLATFORM-v1.19.md"
"PROJECT_SUPPORT","\docs\release\LAUNCH-CHECKLIST.md"
"PROJECT_SUPPORT","\docs\release\MELKISM-v2.0.0-RELEASE.md"
"PROJECT_SUPPORT","\docs\release\OPERATIONS-GUIDE.md"
"PROJECT_SUPPORT","\docs\release\ROADMAP-NEXT.md"
"PROJECT_SUPPORT","\docs\reports\REPORTS-PLATFORM-v0.84.md"
"PROJECT_SUPPORT","\docs\research-intelligence\GLOBAL-AI-RESEARCH-SCIENTIFIC-KNOWLEDGE-DISCOVERY-v2.66.md"
"PROJECT_SUPPORT","\docs\runtime\v6.17\server.stderr.log"
"PROJECT_SUPPORT","\docs\search\ADVANCED-SEARCH-v0.82.md"
"PROJECT_SUPPORT","\docs\search\SEARCH-EXPERIENCE-PLATFORM-v1.14.md"
"PROJECT_SUPPORT","\docs\search\SEMANTIC-SEARCH-ENGINE-v1.04.md"
"PROJECT_SUPPORT","\docs\security\GLOBAL-SECURITY-IDENTITY-PRIVACY-TRUST-PLATFORM-v2.29.md"
"PROJECT_SUPPORT","\docs\security\SECURITY-ACCESS-CONTROL-v1.12.md"
"PROJECT_SUPPORT","\docs\security\SECURITY-IDENTITY-TRUST-COMPLIANCE-PLATFORM-v2.21.md"
"PROJECT_SUPPORT","\docs\security\SECURITY-IDENTITY-TRUST-PLATFORM-v2.12.md"
"PROJECT_SUPPORT","\docs\security-audit\runtime\v6.16-server.stderr.log"
"PROJECT_SUPPORT","\docs\security-intelligence\GLOBAL-SECURITY-IDENTITY-TRUST-INTELLIGENCE-v2.61.md"
"PROJECT_SUPPORT","\docs\smart-search\GLOBAL-SMART-SEARCH-DISCOVERY-v2.04.md"
"PROJECT_SUPPORT","\docs\source-intelligence\SOURCE-REGULATION-KNOWLEDGE-AUTHORITY-v1.39.md"
"PROJECT_SUPPORT","\docs\spatial-intelligence\GLOBAL-IMMERSIVE-SPATIAL-COMPUTING-METAVERSE-BUILT-ENVIRONMENT-v2.70.md"
"PROJECT_SUPPORT","\docs\spatial-intelligence\GLOBAL-SPATIAL-INTELLIGENCE-AI-v1.96.md"
"PROJECT_SUPPORT","\docs\spatial-intelligence\GLOBAL-SPATIAL-INTELLIGENCE-GIS-AI-PLATFORM-v1.87.md"
"PROJECT_SUPPORT","\docs\transaction-intelligence\GLOBAL-TRANSACTION-INTELLIGENCE-AI-REAL-ESTATE-ENGINE-v1.77.md"
"PROJECT_SUPPORT","\docs\translation\SMART-MULTILINGUAL-INTELLIGENCE-v1.20.md"
"PROJECT_SUPPORT","\docs\translation\SMART-TRANSLATION-ENGINE-v0.94.md"
"PROJECT_SUPPORT","\docs\trust-intelligence\GLOBAL-TRUST-SECURITY-PRIVACY-AI-GOVERNANCE-v2.71.md"
"GENERATED_OR_BACKUP","\docs\trust-intelligence\GLOBAL-TRUST-SECURITY-PRIVACY-AI-GOVERNANCE-v2.71.md.backup-20260907-135943"
"PROJECT_SUPPORT","\docs\urban-intelligence\GLOBAL-URBAN-INTELLIGENCE-AI-v1.95.md"
"PROJECT_SUPPORT","\docs\urban-intelligence\GLOBAL-URBAN-INTELLIGENCE-SMART-CITY-PLATFORM-v2.34.md"
"PROJECT_SUPPORT","\docs\user-intelligence\GLOBAL-HUMAN-CENTERED-AI-PERSONALIZED-REAL-ESTATE-EXPERIENCE-v2.77.md"
"PROJECT_SUPPORT","\docs\user-intelligence\GLOBAL-USER-INTELLIGENCE-AI-PERSONALIZATION-v1.53.md"
"PROJECT_SUPPORT","\docs\user-intelligence\GLOBAL-USER-INTELLIGENCE-PERSONAL-AI-ASSISTANT-v1.75.md"
"PROJECT_SUPPORT","\docs\user-intelligence\GLOBAL-USER-INTELLIGENCE-PERSONALIZATION-AI-v1.91.md"
"PROJECT_SUPPORT","\docs\user-intelligence\GLOBAL-USER-INTELLIGENCE-PERSONALIZATION-ENGINE-v2.57.md"
"PROJECT_SUPPORT","\docs\user-intelligence\USER-INTELLIGENCE-PERSONAL-AI-ASSISTANT-v1.64.md"
"PROJECT_SUPPORT","\docs\user-platform\GLOBAL-USER-MARKETPLACE-FOUNDATION-v2.02.md"
"PROJECT_SUPPORT","\docs\ux\UX-GUIDELINES-v0.79.md"
"UNKNOWN","\infra\production\monitoring\README.md"
"PROJECT_SUPPORT","\infra\production\release\v6.37.0-manifest.json"
"UNKNOWN","\intelligence\access-control-engine-v1\index.ts"
"UNKNOWN","\intelligence\access-control-engine-v1\contracts\security.contracts.ts"
"UNKNOWN","\intelligence\access-control-engine-v1\models\security.model.ts"
"UNKNOWN","\intelligence\access-control-engine-v1\runtime\controller.ts"
"UNKNOWN","\intelligence\access-control-engine-v1\security\processor.ts"
"UNKNOWN","\intelligence\access-control-engine-v1\types\security.types.ts"
"UNKNOWN","\intelligence\access-control-security-layer-v1\index.ts"
"UNKNOWN","\intelligence\access-control-security-layer-v1\contracts\security.contracts.ts"
"UNKNOWN","\intelligence\access-control-security-layer-v1\models\security.model.ts"
"UNKNOWN","\intelligence\access-control-security-layer-v1\runtime\controller.ts"
"UNKNOWN","\intelligence\access-control-security-layer-v1\security\processor.ts"
"UNKNOWN","\intelligence\access-control-security-layer-v1\types\security.types.ts"
"UNKNOWN","\intelligence\action-coordination-engine-v1\index.ts"
"UNKNOWN","\intelligence\action-coordination-engine-v1\action\processor.ts"
"UNKNOWN","\intelligence\action-coordination-engine-v1\contracts\action.contracts.ts"
"UNKNOWN","\intelligence\action-coordination-engine-v1\models\action.model.ts"
"UNKNOWN","\intelligence\action-coordination-engine-v1\runtime\controller.ts"
"UNKNOWN","\intelligence\action-coordination-engine-v1\types\action.types.ts"
"UNKNOWN","\intelligence\action-orchestration-engine-v1\index.ts"
"UNKNOWN","\intelligence\action-orchestration-engine-v1\contracts\execution.contracts.ts"
"UNKNOWN","\intelligence\action-orchestration-engine-v1\execution\processor.ts"
"UNKNOWN","\intelligence\action-orchestration-engine-v1\models\execution.model.ts"
"UNKNOWN","\intelligence\action-orchestration-engine-v1\runtime\controller.ts"
"UNKNOWN","\intelligence\action-orchestration-engine-v1\types\execution.types.ts"
"UNKNOWN","\intelligence\action-priority-engine-v1\index.ts"
"UNKNOWN","\intelligence\action-priority-engine-v1\action\processor.ts"
"UNKNOWN","\intelligence\action-priority-engine-v1\contracts\action.contracts.ts"
"UNKNOWN","\intelligence\action-priority-engine-v1\models\action.model.ts"
"UNKNOWN","\intelligence\action-priority-engine-v1\runtime\controller.ts"
"UNKNOWN","\intelligence\action-priority-engine-v1\types\action.types.ts"
"UNKNOWN","\intelligence\action-validation-engine-v1\index.ts"
"UNKNOWN","\intelligence\action-validation-engine-v1\action\processor.ts"
"UNKNOWN","\intelligence\action-validation-engine-v1\contracts\action.contracts.ts"
"UNKNOWN","\intelligence\action-validation-engine-v1\models\action.model.ts"
"UNKNOWN","\intelligence\action-validation-engine-v1\runtime\controller.ts"
"UNKNOWN","\intelligence\action-validation-engine-v1\types\action.types.ts"
"UNKNOWN","\intelligence\adaptation-discovery-engine-v1\index.ts"
"UNKNOWN","\intelligence\adaptation-discovery-engine-v1\contracts\evolution.contracts.ts"
"UNKNOWN","\intelligence\adaptation-discovery-engine-v1\evolution\processor.ts"
"UNKNOWN","\intelligence\adaptation-discovery-engine-v1\models\evolution.model.ts"
"UNKNOWN","\intelligence\adaptation-discovery-engine-v1\runtime\controller.ts"
"UNKNOWN","\intelligence\adaptation-discovery-engine-v1\types\evolution.types.ts"
"UNKNOWN","\intelligence\adaptation-evaluation-engine-v1\index.ts"
"GENERATED_OR_BACKUP","\intelligence\adaptation-evaluation-engine-v1\index.ts.backup-20260907-004120"
"UNKNOWN","\intelligence\adaptation-evaluation-engine-v1\adaptation\processor.ts"
"GENERATED_OR_BACKUP","\intelligence\adaptation-evaluation-engine-v1\adaptation\processor.ts.backup-20260907-004120"
"UNKNOWN","\intelligence\adaptation-evaluation-engine-v1\contracts\adaptation.contracts.ts"
"GENERATED_OR_BACKUP","\intelligence\adaptation-evaluation-engine-v1\contracts\adaptation.contracts.ts.backup-20260907-004120"
"UNKNOWN","\intelligence\adaptation-evaluation-engine-v1\models\adaptation.model.ts"
"GENERATED_OR_BACKUP","\intelligence\adaptation-evaluation-engine-v1\models\adaptation.model.ts.backup-20260907-004120"
"UNKNOWN","\intelligence\adaptation-evaluation-engine-v1\runtime\controller.ts"
"GENERATED_OR_BACKUP","\intelligence\adaptation-evaluation-engine-v1\runtime\controller.ts.backup-20260907-004120"
"UNKNOWN","\intelligence\adaptation-evaluation-engine-v1\types\adaptation.types.ts"
"GENERATED_OR_BACKUP","\intelligence\adaptation-evaluation-engine-v1\types\adaptation.types.ts.backup-20260907-004120"
"UNKNOWN","\intelligence\adaptation-intelligence-engine-v1\index.ts"
"GENERATED_OR_BACKUP","\intelligence\adaptation-intelligence-engine-v1\index.ts.backup-20260907-004120"
"UNKNOWN","\intelligence\adaptation-intelligence-engine-v1\adaptation\processor.ts"
"GENERATED_OR_BACKUP","\intelligence\adaptation-intelligence-engine-v1\adaptation\processor.ts.backup-20260907-004120"
"UNKNOWN","\intelligence\adaptation-intelligence-engine-v1\contracts\adaptation.contracts.ts"
"GENERATED_OR_BACKUP","\intelligence\adaptation-intelligence-engine-v1\contracts\adaptation.contracts.ts.backup-20260907-004120"
"UNKNOWN","\intelligence\adaptation-intelligence-engine-v1\models\adaptation.model.ts"
"GENERATED_OR_BACKUP","\intelligence\adaptation-intelligence-engine-v1\models\adaptation.model.ts.backup-20260907-004120"
"UNKNOWN","\intelligence\adaptation-intelligence-engine-v1\runtime\controller.ts"
"GENERATED_OR_BACKUP","\intelligence\adaptation-intelligence-engine-v1\runtime\controller.ts.backup-20260907-004120"
"UNKNOWN","\intelligence\adaptation-intelligence-engine-v1\types\adaptation.types.ts"
"GENERATED_OR_BACKUP","\intelligence\adaptation-intelligence-engine-v1\types\adaptation.types.ts.backup-20260907-004120"
"UNKNOWN","\intelligence\adaptation-optimization-engine-v1\index.ts"
"GENERATED_OR_BACKUP","\intelligence\adaptation-optimization-engine-v1\index.ts.backup-20260907-004120"
"UNKNOWN","\intelligence\adaptation-optimization-engine-v1\adaptation\processor.ts"
"GENERATED_OR_BACKUP","\intelligence\adaptation-optimization-engine-v1\adaptation\processor.ts.backup-20260907-004120"
"UNKNOWN","\intelligence\adaptation-optimization-engine-v1\contracts\adaptation.contracts.ts"
"GENERATED_OR_BACKUP","\intelligence\adaptation-optimization-engine-v1\contracts\adaptation.contracts.ts.backup-20260907-004120"
"UNKNOWN","\intelligence\adaptation-optimization-engine-v1\models\adaptation.model.ts"
"GENERATED_OR_BACKUP","\intelligence\adaptation-optimization-engine-v1\models\adaptation.model.ts.backup-20260907-004120"
"UNKNOWN","\intelligence\adaptation-optimization-engine-v1\runtime\controller.ts"
"GENERATED_OR_BACKUP","\intelligence\adaptation-optimization-engine-v1\runtime\controller.ts.backup-20260907-004120"
"UNKNOWN","\intelligence\adaptation-optimization-engine-v1\types\adaptation.types.ts"
"GENERATED_OR_BACKUP","\intelligence\adaptation-optimization-engine-v1\types\adaptation.types.ts.backup-20260907-004120"
"UNKNOWN","\intelligence\adaptation-pattern-intelligence-engine-v1\index.ts"
"UNKNOWN","\intelligence\adaptation-pattern-intelligence-engine-v1\adaptation\processor.ts"
"UNKNOWN","\intelligence\adaptation-pattern-intelligence-engine-v1\contracts\adaptation.contracts.ts"
"UNKNOWN","\intelligence\adaptation-pattern-intelligence-engine-v1\models\adaptation.model.ts"
"UNKNOWN","\intelligence\adaptation-pattern-intelligence-engine-v1\runtime\controller.ts"
"UNKNOWN","\intelligence\adaptation-pattern-intelligence-engine-v1\types\adaptation.types.ts"
"UNKNOWN","\intelligence\adaptive-control-engine-v1\index.ts"
"UNKNOWN","\intelligence\adaptive-control-engine-v1\contracts\regulation.contracts.ts"
"UNKNOWN","\intelligence\adaptive-control-engine-v1\models\regulation.model.ts"
"UNKNOWN","\intelligence\adaptive-control-engine-v1\regulation\processor.ts"
"UNKNOWN","\intelligence\adaptive-control-engine-v1\runtime\controller.ts"
"UNKNOWN","\intelligence\adaptive-control-engine-v1\types\regulation.types.ts"
"UNKNOWN","\intelligence\adaptive-correction-engine-v1\index.ts"
"UNKNOWN","\intelligence\adaptive-correction-engine-v1\contracts\control.contracts.ts"
"UNKNOWN","\intelligence\adaptive-correction-engine-v1\control\processor.ts"
"UNKNOWN","\intelligence\adaptive-correction-engine-v1\models\control.model.ts"
"UNKNOWN","\intelligence\adaptive-correction-engine-v1\runtime\controller.ts"
"UNKNOWN","\intelligence\adaptive-correction-engine-v1\types\control.types.ts"
"UNKNOWN","\intelligence\adaptive-evolution-optimizer-v1\index.ts"
"UNKNOWN","\intelligence\adaptive-evolution-optimizer-v1\contracts\evolution.contracts.ts"
"UNKNOWN","\intelligence\adaptive-evolution-optimizer-v1\evolution\processor.ts"
"UNKNOWN","\intelligence\adaptive-evolution-optimizer-v1\models\evolution.model.ts"
"UNKNOWN","\intelligence\adaptive-evolution-optimizer-v1\runtime\controller.ts"
"UNKNOWN","\intelligence\adaptive-evolution-optimizer-v1\types\evolution.types.ts"
"UNKNOWN","\intelligence\adaptive-evolution-registry-v1\index.ts"
"UNKNOWN","\intelligence\adaptive-governance-engine-v1\index.ts"
"UNKNOWN","\intelligence\adaptive-governance-engine-v1\contracts\optimization.contracts.ts"
"UNKNOWN","\intelligence\adaptive-governance-engine-v1\models\optimization.model.ts"
"UNKNOWN","\intelligence\adaptive-governance-engine-v1\optimization\processor.ts"
"UNKNOWN","\intelligence\adaptive-governance-engine-v1\runtime\controller.ts"
"UNKNOWN","\intelligence\adaptive-governance-engine-v1\types\optimization.types.ts"
"UNKNOWN","\intelligence\adaptive-governance-platform-v1\index.ts"
"UNKNOWN","\intelligence\adaptive-governance-platform-v1\contracts\governance.contracts.ts"
"UNKNOWN","\intelligence\adaptive-governance-platform-v1\governance\processor.ts"
"UNKNOWN","\intelligence\adaptive-governance-platform-v1\models\governance.model.ts"
"UNKNOWN","\intelligence\adaptive-governance-platform-v1\runtime\controller.ts"
"UNKNOWN","\intelligence\adaptive-governance-platform-v1\types\governance.types.ts"
"UNKNOWN","\intelligence\adaptive-governance-registry-v1\index.ts"
"UNKNOWN","\intelligence\adaptive-growth-engine-v1\index.ts"
"UNKNOWN","\intelligence\adaptive-growth-engine-v1\contracts\evolution.contracts.ts"
"UNKNOWN","\intelligence\adaptive-growth-engine-v1\evolution\processor.ts"
"UNKNOWN","\intelligence\adaptive-growth-engine-v1\models\evolution.model.ts"
"UNKNOWN","\intelligence\adaptive-growth-engine-v1\runtime\controller.ts"
"UNKNOWN","\intelligence\adaptive-growth-engine-v1\types\evolution.types.ts"
"UNKNOWN","\intelligence\adaptive-improvement-engine-v1\index.ts"
"UNKNOWN","\intelligence\adaptive-improvement-engine-v1\contracts\optimization.contracts.ts"
"UNKNOWN","\intelligence\adaptive-improvement-engine-v1\contracts\reasoning.contracts.ts"
"UNKNOWN","\intelligence\adaptive-improvement-engine-v1\engine\processor.ts"
"UNKNOWN","\intelligence\adaptive-improvement-engine-v1\models\domain.model.ts"
"UNKNOWN","\intelligence\adaptive-improvement-engine-v1\models\optimization.model.ts"
"UNKNOWN","\intelligence\adaptive-improvement-engine-v1\optimization\processor.ts"
"UNKNOWN","\intelligence\adaptive-improvement-engine-v1\runtime\controller.ts"
"UNKNOWN","\intelligence\adaptive-improvement-engine-v1\types\optimization.types.ts"
"UNKNOWN","\intelligence\adaptive-improvement-engine-v1\types\reasoning.types.ts"
"UNKNOWN","\intelligence\adaptive-improvement-runtime-v1\index.ts"
"UNKNOWN","\intelligence\adaptive-improvement-runtime-v1\contracts\evolution.contracts.ts"
"UNKNOWN","\intelligence\adaptive-improvement-runtime-v1\evolution\processor.ts"
"UNKNOWN","\intelligence\adaptive-improvement-runtime-v1\models\evolution.model.ts"
"UNKNOWN","\intelligence\adaptive-improvement-runtime-v1\optimization\analyzer.ts"
"UNKNOWN","\intelligence\adaptive-improvement-runtime-v1\types\evolution.types.ts"
"UNKNOWN","\intelligence\adaptive-intelligence-engine-v1\index.ts"
"UNKNOWN","\intelligence\adaptive-intelligence-engine-v1\contracts\evolution.contracts.ts"
"UNKNOWN","\intelligence\adaptive-intelligence-engine-v1\evolution\processor.ts"
"UNKNOWN","\intelligence\adaptive-intelligence-engine-v1\models\evolution.model.ts"
"UNKNOWN","\intelligence\adaptive-intelligence-engine-v1\runtime\controller.ts"
"UNKNOWN","\intelligence\adaptive-intelligence-engine-v1\types\evolution.types.ts"
"UNKNOWN","\intelligence\adaptive-intelligence-evolution-v1\index.ts"
"UNKNOWN","\intelligence\adaptive-intelligence-evolution-v1\architecture\processor.ts"
"UNKNOWN","\intelligence\adaptive-intelligence-evolution-v1\contracts\architecture.contracts.ts"
"UNKNOWN","\intelligence\adaptive-intelligence-evolution-v1\models\architecture.model.ts"
"UNKNOWN","\intelligence\adaptive-intelligence-evolution-v1\runtime\controller.ts"
"UNKNOWN","\intelligence\adaptive-intelligence-evolution-v1\types\architecture.types.ts"
"UNKNOWN","\intelligence\adaptive-intelligence-platform-v1\index.ts"
"UNKNOWN","\intelligence\adaptive-intelligence-platform-v1\analysis\pattern.ts"
"UNKNOWN","\intelligence\adaptive-intelligence-platform-v1\contracts\reasoning.contracts.ts"
"UNKNOWN","\intelligence\adaptive-intelligence-platform-v1\models\reasoning.model.ts"
"UNKNOWN","\intelligence\adaptive-intelligence-platform-v1\reasoning\processor.ts"
"UNKNOWN","\intelligence\adaptive-intelligence-platform-v1\types\reasoning.types.ts"
"UNKNOWN","\intelligence\adaptive-intelligence-runtime-v1\index.ts"
"UNKNOWN","\intelligence\adaptive-intelligence-runtime-v1\contracts\evolution.contracts.ts"
"UNKNOWN","\intelligence\adaptive-intelligence-runtime-v1\evolution\processor.ts"
"UNKNOWN","\intelligence\adaptive-intelligence-runtime-v1\models\evolution.model.ts"
"UNKNOWN","\intelligence\adaptive-intelligence-runtime-v1\runtime\controller.ts"
"UNKNOWN","\intelligence\adaptive-intelligence-runtime-v1\types\evolution.types.ts"
"UNKNOWN","\intelligence\adaptive-learning-engine-v1\index.ts"
"GENERATED_OR_BACKUP","\intelligence\adaptive-learning-engine-v1\index.ts.backup-20260907-010048"
"UNKNOWN","\intelligence\adaptive-learning-engine-v1\contracts\learning.contracts.ts"
"UNKNOWN","\intelligence\adaptive-learning-engine-v1\contracts\optimization.contracts.ts"
"UNKNOWN","\intelligence\adaptive-learning-engine-v1\learning\processor.ts"
"UNKNOWN","\intelligence\adaptive-learning-engine-v1\models\learning.model.ts"
"UNKNOWN","\intelligence\adaptive-learning-engine-v1\models\optimization.model.ts"
"UNKNOWN","\intelligence\adaptive-learning-engine-v1\optimization\processor.ts"
"UNKNOWN","\intelligence\adaptive-learning-engine-v1\runtime\controller.ts"
"GENERATED_OR_BACKUP","\intelligence\adaptive-learning-engine-v1\runtime\controller.ts.backup-20260907-010048"
"UNKNOWN","\intelligence\adaptive-learning-engine-v1\types\learning.types.ts"
"UNKNOWN","\intelligence\adaptive-learning-engine-v1\types\optimization.types.ts"
"UNKNOWN","\intelligence\adaptive-learning-evolution-engine-v1\index.ts"
"UNKNOWN","\intelligence\adaptive-learning-evolution-engine-v1\contracts\evolution.contracts.ts"
"UNKNOWN","\intelligence\adaptive-learning-evolution-engine-v1\evolution\processor.ts"
"UNKNOWN","\intelligence\adaptive-learning-evolution-engine-v1\models\evolution.model.ts"
"UNKNOWN","\intelligence\adaptive-learning-evolution-engine-v1\runtime\controller.ts"
"UNKNOWN","\intelligence\adaptive-learning-evolution-engine-v1\types\evolution.types.ts"
"UNKNOWN","\intelligence\adaptive-memory-optimization-layer-v2\index.ts"
"UNKNOWN","\intelligence\adaptive-memory-optimization-layer-v2\contracts\index.ts"
"UNKNOWN","\intelligence\adaptive-memory-optimization-layer-v2\contracts\memory-intelligence.types.ts"
"UNKNOWN","\intelligence\adaptive-memory-optimization-layer-v2\engine\index.ts"
"UNKNOWN","\intelligence\adaptive-memory-optimization-layer-v2\engine\processor.ts"
"UNKNOWN","\intelligence\adaptive-memory-optimization-layer-v2\models\index.ts"
"UNKNOWN","\intelligence\adaptive-memory-optimization-layer-v2\models\memory.model.ts"
"UNKNOWN","\intelligence\adaptive-memory-optimization-layer-v2\types\index.ts"
"UNKNOWN","\intelligence\adaptive-memory-optimization-v1\index.ts"
"UNKNOWN","\intelligence\adaptive-memory-optimization-v1\contracts\integration.contracts.ts"
"UNKNOWN","\intelligence\adaptive-memory-optimization-v1\engine\processor.ts"
"UNKNOWN","\intelligence\adaptive-memory-optimization-v1\models\domain.model.ts"
"UNKNOWN","\intelligence\adaptive-memory-optimization-v1\types\integration.types.ts"
"UNKNOWN","\intelligence\adaptive-optimization-runtime-v1\index.ts"
"UNKNOWN","\intelligence\adaptive-optimization-runtime-v1\contracts\evolution.contracts.ts"
"UNKNOWN","\intelligence\adaptive-optimization-runtime-v1\evolution\processor.ts"
"UNKNOWN","\intelligence\adaptive-optimization-runtime-v1\models\evolution.model.ts"
"UNKNOWN","\intelligence\adaptive-optimization-runtime-v1\optimization\optimizer.ts"
"UNKNOWN","\intelligence\adaptive-optimization-runtime-v1\types\evolution.types.ts"
"UNKNOWN","\intelligence\adaptive-parameter-learning-engine-v1\index.ts"
"UNKNOWN","\intelligence\adaptive-parameter-learning-engine-v1\contracts\optimization.contracts.ts"
"UNKNOWN","\intelligence\adaptive-parameter-learning-engine-v1\models\optimization.model.ts"
"UNKNOWN","\intelligence\adaptive-parameter-learning-engine-v1\optimization\processor.ts"
"UNKNOWN","\intelligence\adaptive-parameter-learning-engine-v1\runtime\controller.ts"
"UNKNOWN","\intelligence\adaptive-parameter-learning-engine-v1\types\optimization.types.ts"
"UNKNOWN","\intelligence\adaptive-policy-intelligence-engine-v1\index.ts"
"UNKNOWN","\intelligence\adaptive-policy-intelligence-engine-v1\contracts\governance.contracts.ts"
"UNKNOWN","\intelligence\adaptive-policy-intelligence-engine-v1\governance\processor.ts"
"UNKNOWN","\intelligence\adaptive-policy-intelligence-engine-v1\models\governance.model.ts"
"UNKNOWN","\intelligence\adaptive-policy-intelligence-engine-v1\runtime\controller.ts"
"UNKNOWN","\intelligence\adaptive-policy-intelligence-engine-v1\types\governance.types.ts"
"UNKNOWN","\intelligence\adaptive-policy-optimizer-v1\index.ts"
"UNKNOWN","\intelligence\adaptive-policy-optimizer-v1\contracts\governance.contracts.ts"
"UNKNOWN","\intelligence\adaptive-policy-optimizer-v1\governance\processor.ts"
"UNKNOWN","\intelligence\adaptive-policy-optimizer-v1\models\governance.model.ts"
"UNKNOWN","\intelligence\adaptive-policy-optimizer-v1\runtime\controller.ts"
"UNKNOWN","\intelligence\adaptive-policy-optimizer-v1\types\governance.types.ts"
"UNKNOWN","\intelligence\adaptive-reasoning-core-v1\index.ts"
"UNKNOWN","\intelligence\adaptive-reasoning-core-v1\analysis\pattern.ts"
"UNKNOWN","\intelligence\adaptive-reasoning-core-v1\contracts\reasoning.contracts.ts"
"UNKNOWN","\intelligence\adaptive-reasoning-core-v1\models\reasoning.model.ts"
"UNKNOWN","\intelligence\adaptive-reasoning-core-v1\reasoning\processor.ts"
"UNKNOWN","\intelligence\adaptive-reasoning-core-v1\types\reasoning.types.ts"
"UNKNOWN","\intelligence\adaptive-reasoning-orchestrator-v1\index.ts"
"UNKNOWN","\intelligence\adaptive-reasoning-orchestrator-v1\contracts\orchestration.contracts.ts"
"UNKNOWN","\intelligence\adaptive-reasoning-orchestrator-v1\engine\processor.ts"
"UNKNOWN","\intelligence\adaptive-reasoning-orchestrator-v1\models\domain.model.ts"
"UNKNOWN","\intelligence\adaptive-reasoning-orchestrator-v1\types\orchestration.types.ts"
"UNKNOWN","\intelligence\adaptive-reasoning-registry-v1\index.ts"
"UNKNOWN","\intelligence\adaptive-resource-manager-v1\index.ts"
"UNKNOWN","\intelligence\adaptive-resource-manager-v1\contracts\optimization.contracts.ts"
"UNKNOWN","\intelligence\adaptive-resource-manager-v1\models\optimization.model.ts"
"UNKNOWN","\intelligence\adaptive-resource-manager-v1\optimization\processor.ts"
"UNKNOWN","\intelligence\adaptive-resource-manager-v1\runtime\controller.ts"
"UNKNOWN","\intelligence\adaptive-resource-manager-v1\types\optimization.types.ts"
"UNKNOWN","\intelligence\adaptive-runtime-control-engine-v1\index.ts"
"UNKNOWN","\intelligence\adaptive-runtime-control-engine-v1\contracts\runtime.contracts.ts"
"UNKNOWN","\intelligence\adaptive-runtime-control-engine-v1\execution\processor.ts"
"UNKNOWN","\intelligence\adaptive-runtime-control-engine-v1\models\runtime.model.ts"
"UNKNOWN","\intelligence\adaptive-runtime-control-engine-v1\runtime\controller.ts"
"UNKNOWN","\intelligence\adaptive-runtime-control-engine-v1\types\runtime.types.ts"
"UNKNOWN","\intelligence\adaptive-synthesis-engine-v1\index.ts"
"UNKNOWN","\intelligence\adaptive-synthesis-engine-v1\contracts\synthesis.contracts.ts"
"UNKNOWN","\intelligence\adaptive-synthesis-engine-v1\models\synthesis.model.ts"
"UNKNOWN","\intelligence\adaptive-synthesis-engine-v1\runtime\controller.ts"
"UNKNOWN","\intelligence\adaptive-synthesis-engine-v1\synthesis\processor.ts"
"UNKNOWN","\intelligence\adaptive-synthesis-engine-v1\types\synthesis.types.ts"
"UNKNOWN","\intelligence\agent-capability-catalog-v1\index.ts"
"UNKNOWN","\intelligence\agent-capability-catalog-v1\contracts\marketplace.contracts.ts"
"UNKNOWN","\intelligence\agent-capability-catalog-v1\marketplace\processor.ts"
"UNKNOWN","\intelligence\agent-capability-catalog-v1\models\marketplace.model.ts"
"UNKNOWN","\intelligence\agent-capability-catalog-v1\runtime\controller.ts"
"UNKNOWN","\intelligence\agent-capability-catalog-v1\types\marketplace.types.ts"
"UNKNOWN","\intelligence\agent-capability-manager-v1\index.ts"
"UNKNOWN","\intelligence\agent-capability-manager-v1\agent\processor.ts"
"UNKNOWN","\intelligence\agent-capability-manager-v1\contracts\agent.contracts.ts"
"UNKNOWN","\intelligence\agent-capability-manager-v1\models\agent.model.ts"
"UNKNOWN","\intelligence\agent-capability-manager-v1\runtime\controller.ts"
"UNKNOWN","\intelligence\agent-capability-manager-v1\types\agent.types.ts"
"UNKNOWN","\intelligence\agent-capability-registry-v1\index.ts"
"UNKNOWN","\intelligence\agent-capability-registry-v1\contracts\marketplace.contracts.ts"
"UNKNOWN","\intelligence\agent-capability-registry-v1\marketplace\processor.ts"
"UNKNOWN","\intelligence\agent-capability-registry-v1\models\marketplace.model.ts"
"UNKNOWN","\intelligence\agent-capability-registry-v1\runtime\controller.ts"
"UNKNOWN","\intelligence\agent-capability-registry-v1\types\marketplace.types.ts"
"UNKNOWN","\intelligence\agent-collaboration-engine-v1\index.ts"
"GENERATED_OR_BACKUP","\intelligence\agent-collaboration-engine-v1\index.ts.backup-20260907-022333"
"UNKNOWN","\intelligence\agent-collaboration-engine-v1\collaboration\processor.ts"
"UNKNOWN","\intelligence\agent-collaboration-engine-v1\contracts\collaboration.contracts.ts"
"UNKNOWN","\intelligence\agent-collaboration-engine-v1\contracts\ecosystem.contracts.ts"
"UNKNOWN","\intelligence\agent-collaboration-engine-v1\ecosystem\processor.ts"
"UNKNOWN","\intelligence\agent-collaboration-engine-v1\models\collaboration.model.ts"
"UNKNOWN","\intelligence\agent-collaboration-engine-v1\models\ecosystem.model.ts"
"UNKNOWN","\intelligence\agent-collaboration-engine-v1\runtime\controller.ts"
"GENERATED_OR_BACKUP","\intelligence\agent-collaboration-engine-v1\runtime\controller.ts.backup-20260907-022333"
"UNKNOWN","\intelligence\agent-collaboration-engine-v1\types\collaboration.types.ts"
"UNKNOWN","\intelligence\agent-collaboration-engine-v1\types\ecosystem.types.ts"
"UNKNOWN","\intelligence\agent-collaboration-framework-v1\index.ts"
"UNKNOWN","\intelligence\agent-collaboration-framework-v1\agent\processor.ts"
"UNKNOWN","\intelligence\agent-collaboration-framework-v1\contracts\agent.contracts.ts"
"UNKNOWN","\intelligence\agent-collaboration-framework-v1\models\agent.model.ts"
"UNKNOWN","\intelligence\agent-collaboration-framework-v1\runtime\controller.ts"
"UNKNOWN","\intelligence\agent-collaboration-framework-v1\types\agent.types.ts"
"UNKNOWN","\intelligence\agent-communication-engine-v1\index.ts"
"UNKNOWN","\intelligence\agent-communication-engine-v1\agents\processor.ts"
"UNKNOWN","\intelligence\agent-communication-engine-v1\contracts\agent.contracts.ts"
"UNKNOWN","\intelligence\agent-communication-engine-v1\models\agent.model.ts"
"UNKNOWN","\intelligence\agent-communication-engine-v1\runtime\controller.ts"
"UNKNOWN","\intelligence\agent-communication-engine-v1\types\agent.types.ts"
"UNKNOWN","\intelligence\agent-communication-protocol-v1\index.ts"
"UNKNOWN","\intelligence\agent-communication-protocol-v1\contracts\coordination.contracts.ts"
"UNKNOWN","\intelligence\agent-communication-protocol-v1\coordination\processor.ts"
"UNKNOWN","\intelligence\agent-communication-protocol-v1\models\coordination.model.ts"
"UNKNOWN","\intelligence\agent-communication-protocol-v1\runtime\controller.ts"
"UNKNOWN","\intelligence\agent-communication-protocol-v1\types\coordination.types.ts"
"UNKNOWN","\intelligence\agent-coordination-engine-v1\index.ts"
"UNKNOWN","\intelligence\agent-coordination-engine-v1\contracts\orchestration.contracts.ts"
"UNKNOWN","\intelligence\agent-coordination-engine-v1\models\orchestration.model.ts"
"UNKNOWN","\intelligence\agent-coordination-engine-v1\orchestration\processor.ts"
"UNKNOWN","\intelligence\agent-coordination-engine-v1\runtime\controller.ts"
"UNKNOWN","\intelligence\agent-coordination-engine-v1\types\orchestration.types.ts"
"UNKNOWN","\intelligence\agent-discovery-engine-v1\index.ts"
"UNKNOWN","\intelligence\agent-discovery-engine-v1\contracts\marketplace.contracts.ts"
"UNKNOWN","\intelligence\agent-discovery-engine-v1\marketplace\processor.ts"
"UNKNOWN","\intelligence\agent-discovery-engine-v1\models\marketplace.model.ts"
"UNKNOWN","\intelligence\agent-discovery-engine-v1\runtime\controller.ts"
"UNKNOWN","\intelligence\agent-discovery-engine-v1\types\marketplace.types.ts"
"UNKNOWN","\intelligence\agent-federation-coordination-v1\index.ts"
"UNKNOWN","\intelligence\agent-federation-coordination-v1\contracts\federation.contracts.ts"
"UNKNOWN","\intelligence\agent-federation-coordination-v1\federation\processor.ts"
"UNKNOWN","\intelligence\agent-federation-coordination-v1\models\federation.model.ts"
"UNKNOWN","\intelligence\agent-federation-coordination-v1\runtime\controller.ts"
"UNKNOWN","\intelligence\agent-federation-coordination-v1\types\federation.types.ts"
"UNKNOWN","\intelligence\agent-harmony-engine-v1\index.ts"
"UNKNOWN","\intelligence\agent-harmony-engine-v1\contracts\coordination.contracts.ts"
"UNKNOWN","\intelligence\agent-harmony-engine-v1\coordination\processor.ts"
"UNKNOWN","\intelligence\agent-harmony-engine-v1\models\coordination.model.ts"
"UNKNOWN","\intelligence\agent-harmony-engine-v1\runtime\controller.ts"
"UNKNOWN","\intelligence\agent-harmony-engine-v1\types\coordination.types.ts"
"UNKNOWN","\intelligence\agent-lifecycle-manager-v1\index.ts"
"UNKNOWN","\intelligence\agent-lifecycle-manager-v1\contracts\os.contracts.ts"
"UNKNOWN","\intelligence\agent-lifecycle-manager-v1\kernel\processor.ts"
"UNKNOWN","\intelligence\agent-lifecycle-manager-v1\models\os.model.ts"
"UNKNOWN","\intelligence\agent-lifecycle-manager-v1\runtime\controller.ts"
"UNKNOWN","\intelligence\agent-lifecycle-manager-v1\types\os.types.ts"
"UNKNOWN","\intelligence\agent-marketplace-platform-v1\index.ts"
"UNKNOWN","\intelligence\agent-marketplace-platform-v1\contracts\marketplace.contracts.ts"
"UNKNOWN","\intelligence\agent-marketplace-platform-v1\marketplace\processor.ts"
"UNKNOWN","\intelligence\agent-marketplace-platform-v1\models\marketplace.model.ts"
"UNKNOWN","\intelligence\agent-marketplace-platform-v1\runtime\controller.ts"
"UNKNOWN","\intelligence\agent-marketplace-platform-v1\types\marketplace.types.ts"
"UNKNOWN","\intelligence\agent-marketplace-registry-v1\index.ts"
"UNKNOWN","\intelligence\agent-orchestration-layer-v1\index.ts"
"UNKNOWN","\intelligence\agent-orchestration-layer-v1\contracts\workflow.contracts.ts"
"UNKNOWN","\intelligence\agent-orchestration-layer-v1\models\workflow.model.ts"
"UNKNOWN","\intelligence\agent-orchestration-layer-v1\runtime\controller.ts"
"UNKNOWN","\intelligence\agent-orchestration-layer-v1\types\workflow.types.ts"
"UNKNOWN","\intelligence\agent-orchestration-layer-v1\workflow\processor.ts"
"UNKNOWN","\intelligence\agent-provider-manager-v1\index.ts"
"UNKNOWN","\intelligence\agent-provider-manager-v1\contracts\marketplace.contracts.ts"
"UNKNOWN","\intelligence\agent-provider-manager-v1\marketplace\processor.ts"
"UNKNOWN","\intelligence\agent-provider-manager-v1\models\marketplace.model.ts"
"UNKNOWN","\intelligence\agent-provider-manager-v1\runtime\controller.ts"
"UNKNOWN","\intelligence\agent-provider-manager-v1\types\marketplace.types.ts"
"UNKNOWN","\intelligence\agent-registry-engine-v1\index.ts"
"GENERATED_OR_BACKUP","\intelligence\agent-registry-engine-v1\index.ts.backup-20260907-021538"
"UNKNOWN","\intelligence\agent-registry-engine-v1\agent\processor.ts"
"UNKNOWN","\intelligence\agent-registry-engine-v1\agents\processor.ts"
"UNKNOWN","\intelligence\agent-registry-engine-v1\contracts\agent.contracts.ts"
"GENERATED_OR_BACKUP","\intelligence\agent-registry-engine-v1\contracts\agent.contracts.ts.backup-20260907-021538"
"UNKNOWN","\intelligence\agent-registry-engine-v1\models\agent.model.ts"
"GENERATED_OR_BACKUP","\intelligence\agent-registry-engine-v1\models\agent.model.ts.backup-20260907-021538"
"UNKNOWN","\intelligence\agent-registry-engine-v1\runtime\controller.ts"
"GENERATED_OR_BACKUP","\intelligence\agent-registry-engine-v1\runtime\controller.ts.backup-20260907-021538"
"UNKNOWN","\intelligence\agent-registry-engine-v1\types\agent.types.ts"
"GENERATED_OR_BACKUP","\intelligence\agent-registry-engine-v1\types\agent.types.ts.backup-20260907-021538"
"UNKNOWN","\intelligence\agent-role-orchestrator-v1\index.ts"
"UNKNOWN","\intelligence\agent-role-orchestrator-v1\civilization\processor.ts"
"UNKNOWN","\intelligence\agent-role-orchestrator-v1\contracts\civilization.contracts.ts"
"UNKNOWN","\intelligence\agent-role-orchestrator-v1\models\civilization.model.ts"
"UNKNOWN","\intelligence\agent-role-orchestrator-v1\runtime\controller.ts"
"UNKNOWN","\intelligence\agent-role-orchestrator-v1\types\civilization.types.ts"
"UNKNOWN","\intelligence\agent-role-registry-v1\index.ts"
"UNKNOWN","\intelligence\agent-role-registry-v1\contracts\coordination.contracts.ts"
"UNKNOWN","\intelligence\agent-role-registry-v1\coordination\processor.ts"
"UNKNOWN","\intelligence\agent-role-registry-v1\models\coordination.model.ts"
"UNKNOWN","\intelligence\agent-role-registry-v1\runtime\controller.ts"
"UNKNOWN","\intelligence\agent-role-registry-v1\types\coordination.types.ts"
"UNKNOWN","\intelligence\agent-runtime-orchestrator-v1\index.ts"
"UNKNOWN","\intelligence\agent-runtime-orchestrator-v1\agent\processor.ts"
"UNKNOWN","\intelligence\agent-runtime-orchestrator-v1\contracts\agent.contracts.ts"
"UNKNOWN","\intelligence\agent-runtime-orchestrator-v1\models\agent.model.ts"
"UNKNOWN","\intelligence\agent-runtime-orchestrator-v1\runtime\controller.ts"
"UNKNOWN","\intelligence\agent-runtime-orchestrator-v1\types\agent.types.ts"
"UNKNOWN","\intelligence\agent-service-contract-v1\index.ts"
"UNKNOWN","\intelligence\agent-service-contract-v1\contracts\marketplace.contracts.ts"
"UNKNOWN","\intelligence\agent-service-contract-v1\marketplace\processor.ts"
"UNKNOWN","\intelligence\agent-service-contract-v1\models\marketplace.model.ts"
"UNKNOWN","\intelligence\agent-service-contract-v1\runtime\controller.ts"
"UNKNOWN","\intelligence\agent-service-contract-v1\types\marketplace.types.ts"
"UNKNOWN","\intelligence\agent-society-manager-v1\index.ts"
"UNKNOWN","\intelligence\agent-society-manager-v1\civilization\processor.ts"
"UNKNOWN","\intelligence\agent-society-manager-v1\contracts\civilization.contracts.ts"
"UNKNOWN","\intelligence\agent-society-manager-v1\models\civilization.model.ts"
"UNKNOWN","\intelligence\agent-society-manager-v1\runtime\controller.ts"
"UNKNOWN","\intelligence\agent-society-manager-v1\types\civilization.types.ts"
"UNKNOWN","\intelligence\agent-synchronization-engine-v1\index.ts"
"UNKNOWN","\intelligence\agent-synchronization-engine-v1\contracts\synchronization.contracts.ts"
"UNKNOWN","\intelligence\agent-synchronization-engine-v1\models\synchronization.model.ts"
"UNKNOWN","\intelligence\agent-synchronization-engine-v1\runtime\controller.ts"
"UNKNOWN","\intelligence\agent-synchronization-engine-v1\synchronization\processor.ts"
"UNKNOWN","\intelligence\agent-synchronization-engine-v1\types\synchronization.types.ts"
"UNKNOWN","\intelligence\agent-task-execution-engine-v1\index.ts"
"UNKNOWN","\intelligence\agent-task-execution-engine-v1\agent\processor.ts"
"UNKNOWN","\intelligence\agent-task-execution-engine-v1\contracts\agent.contracts.ts"
"UNKNOWN","\intelligence\agent-task-execution-engine-v1\models\agent.model.ts"
"UNKNOWN","\intelligence\agent-task-execution-engine-v1\runtime\controller.ts"
"UNKNOWN","\intelligence\agent-task-execution-engine-v1\types\agent.types.ts"
"UNKNOWN","\intelligence\agi-compatible-intelligence-core-v1\index.ts"
"UNKNOWN","\intelligence\agi-compatible-intelligence-core-v1\agi\processor.ts"
"UNKNOWN","\intelligence\agi-compatible-intelligence-core-v1\contracts\agi.contracts.ts"
"UNKNOWN","\intelligence\agi-compatible-intelligence-core-v1\models\agi.model.ts"
"UNKNOWN","\intelligence\agi-compatible-intelligence-core-v1\runtime\controller.ts"
"UNKNOWN","\intelligence\agi-compatible-intelligence-core-v1\types\agi.types.ts"
"UNKNOWN","\intelligence\agi-compatible-intelligence-registry-v1\index.ts"
"UNKNOWN","\intelligence\agi-runtime-foundation-v1\index.ts"
"UNKNOWN","\intelligence\agi-runtime-foundation-v1\agi\processor.ts"
"UNKNOWN","\intelligence\agi-runtime-foundation-v1\contracts\agi.contracts.ts"
"UNKNOWN","\intelligence\agi-runtime-foundation-v1\models\agi.model.ts"
"UNKNOWN","\intelligence\agi-runtime-foundation-v1\runtime\controller.ts"
"UNKNOWN","\intelligence\agi-runtime-foundation-v1\types\agi.types.ts"
"UNKNOWN","\intelligence\ai-architecture-research-core-v1\index.ts"
"UNKNOWN","\intelligence\ai-architecture-research-core-v1\contracts\research.contracts.ts"
"UNKNOWN","\intelligence\ai-architecture-research-core-v1\models\research.model.ts"
"UNKNOWN","\intelligence\ai-architecture-research-core-v1\research\processor.ts"
"UNKNOWN","\intelligence\ai-architecture-research-core-v1\runtime\controller.ts"
"UNKNOWN","\intelligence\ai-architecture-research-core-v1\types\research.types.ts"
"UNKNOWN","\intelligence\ai-architecture-research-platform-v1\index.ts"
"UNKNOWN","\intelligence\ai-architecture-research-platform-v1\contracts\research.contracts.ts"
"UNKNOWN","\intelligence\ai-architecture-research-platform-v1\models\research.model.ts"
"UNKNOWN","\intelligence\ai-architecture-research-platform-v1\research\processor.ts"
"UNKNOWN","\intelligence\ai-architecture-research-platform-v1\runtime\controller.ts"
"UNKNOWN","\intelligence\ai-architecture-research-platform-v1\types\research.types.ts"
"UNKNOWN","\intelligence\ai-architecture-research-registry-v1\index.ts"
"UNKNOWN","\intelligence\ai-design-analysis-engine-v1\index.ts"
"UNKNOWN","\intelligence\ai-design-analysis-engine-v1\contracts\research.contracts.ts"
"UNKNOWN","\intelligence\ai-design-analysis-engine-v1\models\research.model.ts"
"UNKNOWN","\intelligence\ai-design-analysis-engine-v1\research\processor.ts"
"UNKNOWN","\intelligence\ai-design-analysis-engine-v1\runtime\controller.ts"
"UNKNOWN","\intelligence\ai-design-analysis-engine-v1\types\research.types.ts"
"UNKNOWN","\intelligence\ai-evaluation-orchestrator-v1\index.ts"
"UNKNOWN","\intelligence\ai-evaluation-orchestrator-v1\ai\processor.ts"
"UNKNOWN","\intelligence\ai-evaluation-orchestrator-v1\contracts\ai.contracts.ts"
"UNKNOWN","\intelligence\ai-evaluation-orchestrator-v1\models\ai.model.ts"
"UNKNOWN","\intelligence\ai-evaluation-orchestrator-v1\runtime\controller.ts"
"UNKNOWN","\intelligence\ai-evaluation-orchestrator-v1\types\ai.types.ts"
"UNKNOWN","\intelligence\ai-feature-activation-layer-v1\index.ts"
"UNKNOWN","\intelligence\ai-feature-activation-layer-v1\contracts\product.contracts.ts"
"UNKNOWN","\intelligence\ai-feature-activation-layer-v1\models\product.model.ts"
"UNKNOWN","\intelligence\ai-feature-activation-layer-v1\product\processor.ts"
"UNKNOWN","\intelligence\ai-feature-activation-layer-v1\runtime\controller.ts"
"UNKNOWN","\intelligence\ai-feature-activation-layer-v1\types\product.types.ts"
"UNKNOWN","\intelligence\ai-module-marketplace-layer-v1\index.ts"
"UNKNOWN","\intelligence\ai-module-marketplace-layer-v1\contracts\marketplace.contracts.ts"
"UNKNOWN","\intelligence\ai-module-marketplace-layer-v1\marketplace\processor.ts"
"UNKNOWN","\intelligence\ai-module-marketplace-layer-v1\models\marketplace.model.ts"
"UNKNOWN","\intelligence\ai-module-marketplace-layer-v1\runtime\controller.ts"
"UNKNOWN","\intelligence\ai-module-marketplace-layer-v1\types\marketplace.types.ts"
"UNKNOWN","\intelligence\ai-orchestration-core-v1\index.ts"
"UNKNOWN","\intelligence\ai-orchestration-core-v1\ai\processor.ts"
"UNKNOWN","\intelligence\ai-orchestration-core-v1\contracts\ai.contracts.ts"
"UNKNOWN","\intelligence\ai-orchestration-core-v1\models\ai.model.ts"
"UNKNOWN","\intelligence\ai-orchestration-core-v1\runtime\controller.ts"
"UNKNOWN","\intelligence\ai-orchestration-core-v1\types\ai.types.ts"
"UNKNOWN","\intelligence\ai-orchestration-registry-v1\index.ts"
"UNKNOWN","\intelligence\ai-service-gateway-engine-v1\index.ts"
"UNKNOWN","\intelligence\ai-service-gateway-engine-v1\contracts\service.contracts.ts"
"UNKNOWN","\intelligence\ai-service-gateway-engine-v1\models\service.model.ts"
"UNKNOWN","\intelligence\ai-service-gateway-engine-v1\runtime\controller.ts"
"UNKNOWN","\intelligence\ai-service-gateway-engine-v1\services\processor.ts"
"UNKNOWN","\intelligence\ai-service-gateway-engine-v1\types\service.types.ts"
"UNKNOWN","\intelligence\analytics-service-engine-v1\index.ts"
"UNKNOWN","\intelligence\analytics-service-engine-v1\contracts\service.contracts.ts"
"UNKNOWN","\intelligence\analytics-service-engine-v1\models\service.model.ts"
"UNKNOWN","\intelligence\analytics-service-engine-v1\runtime\controller.ts"
"UNKNOWN","\intelligence\analytics-service-engine-v1\services\processor.ts"
"UNKNOWN","\intelligence\analytics-service-engine-v1\types\service.types.ts"
"UNKNOWN","\intelligence\api-ecosystem-engine-v1\index.ts"
"UNKNOWN","\intelligence\api-ecosystem-engine-v1\contracts\ecosystem.contracts.ts"
"UNKNOWN","\intelligence\api-ecosystem-engine-v1\ecosystem\processor.ts"
"UNKNOWN","\intelligence\api-ecosystem-engine-v1\models\ecosystem.model.ts"
"UNKNOWN","\intelligence\api-ecosystem-engine-v1\runtime\controller.ts"
"UNKNOWN","\intelligence\api-ecosystem-engine-v1\types\ecosystem.types.ts"
"UNKNOWN","\intelligence\api-federation-registry-v1\index.ts"
"UNKNOWN","\intelligence\api-federation-registry-v1\api\processor.ts"
"UNKNOWN","\intelligence\api-federation-registry-v1\contracts\api.contracts.ts"
"UNKNOWN","\intelligence\api-federation-registry-v1\models\api.model.ts"
"UNKNOWN","\intelligence\api-federation-registry-v1\runtime\controller.ts"
"UNKNOWN","\intelligence\api-federation-registry-v1\types\api.types.ts"
"UNKNOWN","\intelligence\architectural-knowledge-exchange-v1\index.ts"
"UNKNOWN","\intelligence\architectural-knowledge-exchange-v1\architecture\processor.ts"
"UNKNOWN","\intelligence\architectural-knowledge-exchange-v1\contracts\architecture.contracts.ts"
"UNKNOWN","\intelligence\architectural-knowledge-exchange-v1\models\architecture.model.ts"
"UNKNOWN","\intelligence\architectural-knowledge-exchange-v1\runtime\controller.ts"
"UNKNOWN","\intelligence\architectural-knowledge-exchange-v1\types\architecture.types.ts"
"UNKNOWN","\intelligence\architectural-research-dataset-layer-v1\index.ts"
"UNKNOWN","\intelligence\architectural-research-dataset-layer-v1\contracts\research.contracts.ts"
"UNKNOWN","\intelligence\architectural-research-dataset-layer-v1\models\research.model.ts"
"UNKNOWN","\intelligence\architectural-research-dataset-layer-v1\research\processor.ts"
"UNKNOWN","\intelligence\architectural-research-dataset-layer-v1\runtime\controller.ts"
"UNKNOWN","\intelligence\architectural-research-dataset-layer-v1\types\research.types.ts"
"UNKNOWN","\intelligence\architectural-scenario-simulation-engine-v1\index.ts"
"UNKNOWN","\intelligence\architectural-scenario-simulation-engine-v1\architecture\processor.ts"
"UNKNOWN","\intelligence\architectural-scenario-simulation-engine-v1\contracts\architecture.contracts.ts"
"UNKNOWN","\intelligence\architectural-scenario-simulation-engine-v1\models\architecture.model.ts"
"UNKNOWN","\intelligence\architectural-scenario-simulation-engine-v1\runtime\controller.ts"
"UNKNOWN","\intelligence\architectural-scenario-simulation-engine-v1\types\architecture.types.ts"
"UNKNOWN","\intelligence\architecture-improvement-engine-v1\index.ts"
"UNKNOWN","\intelligence\architecture-improvement-engine-v1\contracts\evolution.contracts.ts"
"UNKNOWN","\intelligence\architecture-improvement-engine-v1\evolution\processor.ts"
"UNKNOWN","\intelligence\architecture-improvement-engine-v1\models\evolution.model.ts"
"UNKNOWN","\intelligence\architecture-improvement-engine-v1\runtime\controller.ts"
"UNKNOWN","\intelligence\architecture-improvement-engine-v1\types\evolution.types.ts"
"UNKNOWN","\intelligence\architecture-integrity-validator-v1\index.ts"
"UNKNOWN","\intelligence\architecture-integrity-validator-v1\contracts\validation.contracts.ts"
"UNKNOWN","\intelligence\architecture-integrity-validator-v1\models\validation.model.ts"
"UNKNOWN","\intelligence\architecture-integrity-validator-v1\runtime\controller.ts"
"UNKNOWN","\intelligence\architecture-integrity-validator-v1\types\validation.types.ts"
"UNKNOWN","\intelligence\architecture-integrity-validator-v1\validation\processor.ts"
"UNKNOWN","\intelligence\architecture-intelligence-connector-v1\index.ts"
"UNKNOWN","\intelligence\architecture-intelligence-connector-v1\contracts\realestate.contracts.ts"
"UNKNOWN","\intelligence\architecture-intelligence-connector-v1\models\realestate.model.ts"
"UNKNOWN","\intelligence\architecture-intelligence-connector-v1\real-estate\processor.ts"
"UNKNOWN","\intelligence\architecture-intelligence-connector-v1\runtime\controller.ts"
"UNKNOWN","\intelligence\architecture-intelligence-connector-v1\types\realestate.types.ts"
"UNKNOWN","\intelligence\architecture-intelligence-grid-v1\index.ts"
"UNKNOWN","\intelligence\architecture-intelligence-grid-v1\contracts\grid.contracts.ts"
"UNKNOWN","\intelligence\architecture-intelligence-grid-v1\grid\processor.ts"
"UNKNOWN","\intelligence\architecture-intelligence-grid-v1\models\grid.model.ts"
"UNKNOWN","\intelligence\architecture-intelligence-grid-v1\runtime\controller.ts"
"UNKNOWN","\intelligence\architecture-intelligence-grid-v1\types\grid.types.ts"
"UNKNOWN","\intelligence\architecture-intelligence-network-v1\index.ts"
"UNKNOWN","\intelligence\architecture-intelligence-network-v1\contracts\network.contracts.ts"
"UNKNOWN","\intelligence\architecture-intelligence-network-v1\models\network.model.ts"
"UNKNOWN","\intelligence\architecture-intelligence-network-v1\network\processor.ts"
"UNKNOWN","\intelligence\architecture-intelligence-network-v1\runtime\controller.ts"
"UNKNOWN","\intelligence\architecture-intelligence-network-v1\types\network.types.ts"
"UNKNOWN","\intelligence\architecture-intelligence-registry-v1\index.ts"
"UNKNOWN","\intelligence\architecture-intelligence-registry-v1\contracts\builtenvironment.contracts.ts"
"UNKNOWN","\intelligence\architecture-intelligence-registry-v1\intelligence\processor.ts"
"UNKNOWN","\intelligence\architecture-intelligence-registry-v1\models\builtenvironment.model.ts"
"UNKNOWN","\intelligence\architecture-intelligence-registry-v1\runtime\controller.ts"
"UNKNOWN","\intelligence\architecture-intelligence-registry-v1\types\builtenvironment.types.ts"
"UNKNOWN","\intelligence\architecture-knowledge-network-v1\index.ts"
"UNKNOWN","\intelligence\architecture-knowledge-network-v1\architecture\processor.ts"
"UNKNOWN","\intelligence\architecture-knowledge-network-v1\contracts\architecture.contracts.ts"
"UNKNOWN","\intelligence\architecture-knowledge-network-v1\models\architecture.model.ts"
"UNKNOWN","\intelligence\architecture-knowledge-network-v1\runtime\controller.ts"
"UNKNOWN","\intelligence\architecture-knowledge-network-v1\types\architecture.types.ts"
"UNKNOWN","\intelligence\architecture-research-knowledge-registry-v1\index.ts"
"UNKNOWN","\intelligence\architecture-research-knowledge-registry-v1\contracts\research.contracts.ts"
"UNKNOWN","\intelligence\architecture-research-knowledge-registry-v1\models\research.model.ts"
"UNKNOWN","\intelligence\architecture-research-knowledge-registry-v1\research\processor.ts"
"UNKNOWN","\intelligence\architecture-research-knowledge-registry-v1\runtime\controller.ts"
"UNKNOWN","\intelligence\architecture-research-knowledge-registry-v1\types\research.types.ts"
"UNKNOWN","\intelligence\architecture-trend-intelligence-engine-v1\index.ts"
"UNKNOWN","\intelligence\architecture-trend-intelligence-engine-v1\architecture\processor.ts"
"UNKNOWN","\intelligence\architecture-trend-intelligence-engine-v1\contracts\architecture.contracts.ts"
"UNKNOWN","\intelligence\architecture-trend-intelligence-engine-v1\models\architecture.model.ts"
"UNKNOWN","\intelligence\architecture-trend-intelligence-engine-v1\runtime\controller.ts"
"UNKNOWN","\intelligence\architecture-trend-intelligence-engine-v1\types\architecture.types.ts"
"UNKNOWN","\intelligence\audit-compliance-engine-v1\index.ts"
"UNKNOWN","\intelligence\audit-compliance-engine-v1\contracts\governance.contracts.ts"
"UNKNOWN","\intelligence\audit-compliance-engine-v1\governance\processor.ts"
"UNKNOWN","\intelligence\audit-compliance-engine-v1\models\governance.model.ts"
"UNKNOWN","\intelligence\audit-compliance-engine-v1\runtime\controller.ts"
"UNKNOWN","\intelligence\audit-compliance-engine-v1\types\governance.types.ts"
"UNKNOWN","\intelligence\audit-evaluation-engine-v1\index.ts"
"UNKNOWN","\intelligence\audit-evaluation-engine-v1\audit\processor.ts"
"UNKNOWN","\intelligence\audit-evaluation-engine-v1\contracts\audit.contracts.ts"
"UNKNOWN","\intelligence\audit-evaluation-engine-v1\models\audit.model.ts"
"UNKNOWN","\intelligence\audit-evaluation-engine-v1\runtime\controller.ts"
"UNKNOWN","\intelligence\audit-evaluation-engine-v1\types\audit.types.ts"
"UNKNOWN","\intelligence\audit-intelligence-engine-v1\index.ts"
"UNKNOWN","\intelligence\audit-intelligence-engine-v1\contracts\security.contracts.ts"
"UNKNOWN","\intelligence\audit-intelligence-engine-v1\models\security.model.ts"
"UNKNOWN","\intelligence\audit-intelligence-engine-v1\runtime\controller.ts"
"UNKNOWN","\intelligence\audit-intelligence-engine-v1\security\processor.ts"
"UNKNOWN","\intelligence\audit-intelligence-engine-v1\types\security.types.ts"
"UNKNOWN","\intelligence\authority-management-engine-v1\index.ts"
"UNKNOWN","\intelligence\authority-management-engine-v1\contracts\sovereignty.contracts.ts"
"UNKNOWN","\intelligence\authority-management-engine-v1\models\sovereignty.model.ts"
"UNKNOWN","\intelligence\authority-management-engine-v1\runtime\controller.ts"
"UNKNOWN","\intelligence\authority-management-engine-v1\sovereignty\processor.ts"
"UNKNOWN","\intelligence\authority-management-engine-v1\types\sovereignty.types.ts"
"UNKNOWN","\intelligence\autonomous-action-planner-v1\index.ts"
"UNKNOWN","\intelligence\autonomous-action-planner-v1\contracts\execution.contracts.ts"
"UNKNOWN","\intelligence\autonomous-action-planner-v1\execution\processor.ts"
"UNKNOWN","\intelligence\autonomous-action-planner-v1\models\execution.model.ts"
"UNKNOWN","\intelligence\autonomous-action-planner-v1\runtime\controller.ts"
"UNKNOWN","\intelligence\autonomous-action-planner-v1\types\execution.types.ts"
"UNKNOWN","\intelligence\autonomous-action-platform-v1\index.ts"
"UNKNOWN","\intelligence\autonomous-action-platform-v1\action\processor.ts"
"UNKNOWN","\intelligence\autonomous-action-platform-v1\contracts\action.contracts.ts"
"UNKNOWN","\intelligence\autonomous-action-platform-v1\models\action.model.ts"
"UNKNOWN","\intelligence\autonomous-action-platform-v1\runtime\controller.ts"
"UNKNOWN","\intelligence\autonomous-action-platform-v1\types\action.types.ts"
"UNKNOWN","\intelligence\autonomous-action-runtime-v1\index.ts"
"UNKNOWN","\intelligence\autonomous-action-runtime-v1\action\processor.ts"
"UNKNOWN","\intelligence\autonomous-action-runtime-v1\contracts\decision.contracts.ts"
"UNKNOWN","\intelligence\autonomous-action-runtime-v1\decision\processor.ts"
"UNKNOWN","\intelligence\autonomous-action-runtime-v1\models\decision.model.ts"
"UNKNOWN","\intelligence\autonomous-action-runtime-v1\types\decision.types.ts"
"UNKNOWN","\intelligence\autonomous-adaptation-platform-v1\index.ts"
"UNKNOWN","\intelligence\autonomous-adaptation-platform-v1\adaptation\processor.ts"
"UNKNOWN","\intelligence\autonomous-adaptation-platform-v1\contracts\adaptation.contracts.ts"
"UNKNOWN","\intelligence\autonomous-adaptation-platform-v1\models\adaptation.model.ts"
"UNKNOWN","\intelligence\autonomous-adaptation-platform-v1\runtime\controller.ts"
"UNKNOWN","\intelligence\autonomous-adaptation-platform-v1\types\adaptation.types.ts"
"UNKNOWN","\intelligence\autonomous-adaptation-runtime-v1\index.ts"
"UNKNOWN","\intelligence\autonomous-adaptation-runtime-v1\contracts\evolution.contracts.ts"
"UNKNOWN","\intelligence\autonomous-adaptation-runtime-v1\evolution\processor.ts"
"UNKNOWN","\intelligence\autonomous-adaptation-runtime-v1\models\evolution.model.ts"
"UNKNOWN","\intelligence\autonomous-adaptation-runtime-v1\runtime\controller.ts"
"UNKNOWN","\intelligence\autonomous-adaptation-runtime-v1\types\evolution.types.ts"
"UNKNOWN","\intelligence\autonomous-adaptive-evolution-core-v1\index.ts"
"UNKNOWN","\intelligence\autonomous-adaptive-evolution-core-v1\contracts\evolution.contracts.ts"
"UNKNOWN","\intelligence\autonomous-adaptive-evolution-core-v1\evolution\processor.ts"
"UNKNOWN","\intelligence\autonomous-adaptive-evolution-core-v1\models\evolution.model.ts"
"UNKNOWN","\intelligence\autonomous-adaptive-evolution-core-v1\runtime\controller.ts"
"UNKNOWN","\intelligence\autonomous-adaptive-evolution-core-v1\types\evolution.types.ts"
"UNKNOWN","\intelligence\autonomous-adaptive-governance-core-v1\index.ts"
"UNKNOWN","\intelligence\autonomous-adaptive-governance-core-v1\contracts\governance.contracts.ts"
"UNKNOWN","\intelligence\autonomous-adaptive-governance-core-v1\governance\processor.ts"
"UNKNOWN","\intelligence\autonomous-adaptive-governance-core-v1\models\governance.model.ts"
"UNKNOWN","\intelligence\autonomous-adaptive-governance-core-v1\runtime\controller.ts"
"UNKNOWN","\intelligence\autonomous-adaptive-governance-core-v1\types\governance.types.ts"
"UNKNOWN","\intelligence\autonomous-agent-core-v1\index.ts"
"UNKNOWN","\intelligence\autonomous-agent-core-v1\agent\processor.ts"
"UNKNOWN","\intelligence\autonomous-agent-core-v1\contracts\agent.contracts.ts"
"UNKNOWN","\intelligence\autonomous-agent-core-v1\models\agent.model.ts"
"UNKNOWN","\intelligence\autonomous-agent-core-v1\runtime\controller.ts"
"UNKNOWN","\intelligence\autonomous-agent-core-v1\types\agent.types.ts"
"UNKNOWN","\intelligence\autonomous-agent-registry-v1\index.ts"
"UNKNOWN","\intelligence\autonomous-awareness-platform-v1\index.ts"
"UNKNOWN","\intelligence\autonomous-awareness-platform-v1\awareness\processor.ts"
"UNKNOWN","\intelligence\autonomous-awareness-platform-v1\contracts\awareness.contracts.ts"
"UNKNOWN","\intelligence\autonomous-awareness-platform-v1\models\awareness.model.ts"
"UNKNOWN","\intelligence\autonomous-awareness-platform-v1\runtime\controller.ts"
"UNKNOWN","\intelligence\autonomous-awareness-platform-v1\types\awareness.types.ts"
"UNKNOWN","\intelligence\autonomous-civilization-intelligence-core-v1\index.ts"
"UNKNOWN","\intelligence\autonomous-civilization-intelligence-core-v1\civilization\processor.ts"
"UNKNOWN","\intelligence\autonomous-civilization-intelligence-core-v1\contracts\civilization.contracts.ts"
"UNKNOWN","\intelligence\autonomous-civilization-intelligence-core-v1\models\civilization.model.ts"
"UNKNOWN","\intelligence\autonomous-civilization-intelligence-core-v1\runtime\controller.ts"
"UNKNOWN","\intelligence\autonomous-civilization-intelligence-core-v1\types\civilization.types.ts"
"UNKNOWN","\intelligence\autonomous-civilization-intelligence-registry-v1\index.ts"
"UNKNOWN","\intelligence\autonomous-cognitive-decision-core-v1\index.ts"
"UNKNOWN","\intelligence\autonomous-cognitive-decision-core-v1\action\processor.ts"
"UNKNOWN","\intelligence\autonomous-cognitive-decision-core-v1\contracts\decision.contracts.ts"
"UNKNOWN","\intelligence\autonomous-cognitive-decision-core-v1\decision\processor.ts"
"UNKNOWN","\intelligence\autonomous-cognitive-decision-core-v1\models\decision.model.ts"
"UNKNOWN","\intelligence\autonomous-cognitive-decision-core-v1\types\decision.types.ts"
"UNKNOWN","\intelligence\autonomous-cognitive-decision-platform-v1\index.ts"
"UNKNOWN","\intelligence\autonomous-cognitive-decision-platform-v1\action\processor.ts"
"UNKNOWN","\intelligence\autonomous-cognitive-decision-platform-v1\contracts\decision.contracts.ts"
"UNKNOWN","\intelligence\autonomous-cognitive-decision-platform-v1\decision\processor.ts"
"UNKNOWN","\intelligence\autonomous-cognitive-decision-platform-v1\models\decision.model.ts"
"UNKNOWN","\intelligence\autonomous-cognitive-decision-platform-v1\types\decision.types.ts"
"UNKNOWN","\intelligence\autonomous-cognitive-decision-registry-v1\index.ts"
"UNKNOWN","\intelligence\autonomous-cognitive-ecosystem-platform-v1\index.ts"
"UNKNOWN","\intelligence\autonomous-cognitive-ecosystem-platform-v1\contracts\integration.contracts.ts"
"UNKNOWN","\intelligence\autonomous-cognitive-ecosystem-platform-v1\integration\processor.ts"
"UNKNOWN","\intelligence\autonomous-cognitive-ecosystem-platform-v1\models\integration.model.ts"
"UNKNOWN","\intelligence\autonomous-cognitive-ecosystem-platform-v1\runtime\bridge.ts"
"UNKNOWN","\intelligence\autonomous-cognitive-ecosystem-platform-v1\types\integration.types.ts"
"UNKNOWN","\intelligence\autonomous-cognitive-kernel-core-v1\index.ts"
"UNKNOWN","\intelligence\autonomous-cognitive-kernel-core-v1\contracts\kernel.contracts.ts"
"UNKNOWN","\intelligence\autonomous-cognitive-kernel-core-v1\kernel\processor.ts"
"UNKNOWN","\intelligence\autonomous-cognitive-kernel-core-v1\models\kernel.model.ts"
"UNKNOWN","\intelligence\autonomous-cognitive-kernel-core-v1\runtime\controller.ts"
"UNKNOWN","\intelligence\autonomous-cognitive-kernel-core-v1\types\kernel.types.ts"
"UNKNOWN","\intelligence\autonomous-cognitive-kernel-registry-v1\index.ts"
"UNKNOWN","\intelligence\autonomous-cognitive-operating-system-v1\index.ts"
"UNKNOWN","\intelligence\autonomous-cognitive-operating-system-v1\contracts\kernel.contracts.ts"
"UNKNOWN","\intelligence\autonomous-cognitive-operating-system-v1\kernel\processor.ts"
"UNKNOWN","\intelligence\autonomous-cognitive-operating-system-v1\models\kernel.model.ts"
"UNKNOWN","\intelligence\autonomous-cognitive-operating-system-v1\runtime\controller.ts"
"UNKNOWN","\intelligence\autonomous-cognitive-operating-system-v1\types\kernel.types.ts"
"UNKNOWN","\intelligence\autonomous-collective-action-core-v1\index.ts"
"UNKNOWN","\intelligence\autonomous-collective-action-core-v1\action\processor.ts"
"UNKNOWN","\intelligence\autonomous-collective-action-core-v1\contracts\action.contracts.ts"
"UNKNOWN","\intelligence\autonomous-collective-action-core-v1\models\action.model.ts"
"UNKNOWN","\intelligence\autonomous-collective-action-core-v1\runtime\controller.ts"
"UNKNOWN","\intelligence\autonomous-collective-action-core-v1\types\action.types.ts"
"UNKNOWN","\intelligence\autonomous-collective-action-registry-v1\index.ts"
"UNKNOWN","\intelligence\autonomous-collective-decision-core-v1\index.ts"
"UNKNOWN","\intelligence\autonomous-collective-decision-core-v1\contracts\decision.contracts.ts"
"UNKNOWN","\intelligence\autonomous-collective-decision-core-v1\decision\processor.ts"
"UNKNOWN","\intelligence\autonomous-collective-decision-core-v1\models\decision.model.ts"
"UNKNOWN","\intelligence\autonomous-collective-decision-core-v1\runtime\controller.ts"
"UNKNOWN","\intelligence\autonomous-collective-decision-core-v1\types\decision.types.ts"
"UNKNOWN","\intelligence\autonomous-collective-decision-registry-v1\index.ts"
"UNKNOWN","\intelligence\autonomous-collective-evolution-core-v1\index.ts"
"UNKNOWN","\intelligence\autonomous-collective-evolution-core-v1\contracts\evolution.contracts.ts"
"UNKNOWN","\intelligence\autonomous-collective-evolution-core-v1\evolution\processor.ts"
"UNKNOWN","\intelligence\autonomous-collective-evolution-core-v1\models\evolution.model.ts"
"UNKNOWN","\intelligence\autonomous-collective-evolution-core-v1\runtime\controller.ts"
"UNKNOWN","\intelligence\autonomous-collective-evolution-core-v1\types\evolution.types.ts"
"UNKNOWN","\intelligence\autonomous-collective-evolution-registry-v1\index.ts"
"UNKNOWN","\intelligence\autonomous-collective-intelligence-platform-v1\index.ts"
"UNKNOWN","\intelligence\autonomous-collective-intelligence-platform-v1\contracts\reasoning.contracts.ts"
"UNKNOWN","\intelligence\autonomous-collective-intelligence-platform-v1\models\reasoning.model.ts"
"UNKNOWN","\intelligence\autonomous-collective-intelligence-platform-v1\reasoning\processor.ts"
"UNKNOWN","\intelligence\autonomous-collective-intelligence-platform-v1\runtime\controller.ts"
"UNKNOWN","\intelligence\autonomous-collective-intelligence-platform-v1\types\reasoning.types.ts"
"UNKNOWN","\intelligence\autonomous-collective-learning-core-v1\index.ts"
"UNKNOWN","\intelligence\autonomous-collective-learning-core-v1\contracts\learning.contracts.ts"
"UNKNOWN","\intelligence\autonomous-collective-learning-core-v1\learning\processor.ts"
"UNKNOWN","\intelligence\autonomous-collective-learning-core-v1\models\learning.model.ts"
"UNKNOWN","\intelligence\autonomous-collective-learning-core-v1\runtime\controller.ts"
"UNKNOWN","\intelligence\autonomous-collective-learning-core-v1\types\learning.types.ts"
"UNKNOWN","\intelligence\autonomous-collective-learning-registry-v1\index.ts"
"UNKNOWN","\intelligence\autonomous-collective-memory-core-v1\index.ts"
"UNKNOWN","\intelligence\autonomous-collective-memory-core-v1\contracts\collective-memory.contracts.ts"
"UNKNOWN","\intelligence\autonomous-collective-memory-core-v1\memory\processor.ts"
"UNKNOWN","\intelligence\autonomous-collective-memory-core-v1\models\collective-memory.model.ts"
"UNKNOWN","\intelligence\autonomous-collective-memory-core-v1\runtime\controller.ts"
"UNKNOWN","\intelligence\autonomous-collective-memory-core-v1\types\collective-memory.types.ts"
"UNKNOWN","\intelligence\autonomous-collective-memory-registry-v1\index.ts"
"UNKNOWN","\intelligence\autonomous-collective-reasoning-core-v1\index.ts"
"UNKNOWN","\intelligence\autonomous-collective-reasoning-core-v1\contracts\reasoning.contracts.ts"
"UNKNOWN","\intelligence\autonomous-collective-reasoning-core-v1\models\reasoning.model.ts"
"UNKNOWN","\intelligence\autonomous-collective-reasoning-core-v1\reasoning\processor.ts"
"UNKNOWN","\intelligence\autonomous-collective-reasoning-core-v1\runtime\controller.ts"
"UNKNOWN","\intelligence\autonomous-collective-reasoning-core-v1\types\reasoning.types.ts"
"UNKNOWN","\intelligence\autonomous-collective-reasoning-registry-v1\index.ts"
"UNKNOWN","\intelligence\autonomous-compliance-engine-v1\index.ts"
"UNKNOWN","\intelligence\autonomous-compliance-engine-v1\contracts\governance.contracts.ts"
"UNKNOWN","\intelligence\autonomous-compliance-engine-v1\governance\processor.ts"
"UNKNOWN","\intelligence\autonomous-compliance-engine-v1\models\governance.model.ts"
"UNKNOWN","\intelligence\autonomous-compliance-engine-v1\runtime\controller.ts"
"UNKNOWN","\intelligence\autonomous-compliance-engine-v1\types\governance.types.ts"
"UNKNOWN","\intelligence\autonomous-conscious-evolution-core-v1\index.ts"
"UNKNOWN","\intelligence\autonomous-conscious-evolution-core-v1\contracts\evolution.contracts.ts"
"UNKNOWN","\intelligence\autonomous-conscious-evolution-core-v1\evolution\processor.ts"
"UNKNOWN","\intelligence\autonomous-conscious-evolution-core-v1\models\evolution.model.ts"
"UNKNOWN","\intelligence\autonomous-conscious-evolution-core-v1\runtime\controller.ts"
"UNKNOWN","\intelligence\autonomous-conscious-evolution-core-v1\types\evolution.types.ts"
"UNKNOWN","\intelligence\autonomous-context-engine-v1\index.ts"
"UNKNOWN","\intelligence\autonomous-context-engine-v1\contracts\os.contracts.ts"
"UNKNOWN","\intelligence\autonomous-context-engine-v1\kernel\processor.ts"
"UNKNOWN","\intelligence\autonomous-context-engine-v1\models\os.model.ts"
"UNKNOWN","\intelligence\autonomous-context-engine-v1\runtime\controller.ts"
"UNKNOWN","\intelligence\autonomous-context-engine-v1\types\os.types.ts"
"UNKNOWN","\intelligence\autonomous-continuity-platform-v1\index.ts"
"UNKNOWN","\intelligence\autonomous-continuity-platform-v1\contracts\identity.contracts.ts"
"UNKNOWN","\intelligence\autonomous-continuity-platform-v1\identity\processor.ts"
"UNKNOWN","\intelligence\autonomous-continuity-platform-v1\models\identity.model.ts"
"UNKNOWN","\intelligence\autonomous-continuity-platform-v1\runtime\controller.ts"
"UNKNOWN","\intelligence\autonomous-continuity-platform-v1\types\identity.types.ts"
"UNKNOWN","\intelligence\autonomous-control-orchestrator-v1\index.ts"
"UNKNOWN","\intelligence\autonomous-control-orchestrator-v1\contracts\control.contracts.ts"
"UNKNOWN","\intelligence\autonomous-control-orchestrator-v1\control\processor.ts"
"UNKNOWN","\intelligence\autonomous-control-orchestrator-v1\models\control.model.ts"
"UNKNOWN","\intelligence\autonomous-control-orchestrator-v1\runtime\controller.ts"
"UNKNOWN","\intelligence\autonomous-control-orchestrator-v1\types\control.types.ts"
"UNKNOWN","\intelligence\autonomous-convergence-operating-core-v1\index.ts"
"UNKNOWN","\intelligence\autonomous-convergence-operating-core-v1\contracts\convergence.contracts.ts"
"UNKNOWN","\intelligence\autonomous-convergence-operating-core-v1\convergence\processor.ts"
"UNKNOWN","\intelligence\autonomous-convergence-operating-core-v1\models\convergence.model.ts"
"UNKNOWN","\intelligence\autonomous-convergence-operating-core-v1\runtime\controller.ts"
"UNKNOWN","\intelligence\autonomous-convergence-operating-core-v1\types\convergence.types.ts"
"UNKNOWN","\intelligence\autonomous-convergence-platform-v1\index.ts"
"UNKNOWN","\intelligence\autonomous-convergence-platform-v1\contracts\convergence.contracts.ts"
"UNKNOWN","\intelligence\autonomous-convergence-platform-v1\convergence\processor.ts"
"UNKNOWN","\intelligence\autonomous-convergence-platform-v1\models\convergence.model.ts"
"UNKNOWN","\intelligence\autonomous-convergence-platform-v1\runtime\controller.ts"
"UNKNOWN","\intelligence\autonomous-convergence-platform-v1\types\convergence.types.ts"
"UNKNOWN","\intelligence\autonomous-coordination-platform-v1\index.ts"
"UNKNOWN","\intelligence\autonomous-coordination-platform-v1\contracts\coordination.contracts.ts"
"UNKNOWN","\intelligence\autonomous-coordination-platform-v1\coordination\processor.ts"
"UNKNOWN","\intelligence\autonomous-coordination-platform-v1\models\coordination.model.ts"
"UNKNOWN","\intelligence\autonomous-coordination-platform-v1\runtime\controller.ts"
"UNKNOWN","\intelligence\autonomous-coordination-platform-v1\types\coordination.types.ts"
"UNKNOWN","\intelligence\autonomous-coordination-runtime-v1\index.ts"
"UNKNOWN","\intelligence\autonomous-coordination-runtime-v1\contracts\coordination.contracts.ts"
"UNKNOWN","\intelligence\autonomous-coordination-runtime-v1\coordination\processor.ts"
"UNKNOWN","\intelligence\autonomous-coordination-runtime-v1\models\coordination.model.ts"
"UNKNOWN","\intelligence\autonomous-coordination-runtime-v1\routing\router.ts"
"UNKNOWN","\intelligence\autonomous-coordination-runtime-v1\types\coordination.types.ts"
"UNKNOWN","\intelligence\autonomous-decision-core-v1\index.ts"
"UNKNOWN","\intelligence\autonomous-decision-core-v1\contracts\decision.contracts.ts"
"UNKNOWN","\intelligence\autonomous-decision-core-v1\decision\processor.ts"
"UNKNOWN","\intelligence\autonomous-decision-core-v1\models\decision.model.ts"
"UNKNOWN","\intelligence\autonomous-decision-core-v1\runtime\controller.ts"
"UNKNOWN","\intelligence\autonomous-decision-core-v1\types\decision.types.ts"
"UNKNOWN","\intelligence\autonomous-decision-engine-v1\index.ts"
"UNKNOWN","\intelligence\autonomous-decision-engine-v1\autonomy\processor.ts"
"UNKNOWN","\intelligence\autonomous-decision-engine-v1\contracts\autonomy.contracts.ts"
"UNKNOWN","\intelligence\autonomous-decision-engine-v1\models\autonomy.model.ts"
"UNKNOWN","\intelligence\autonomous-decision-engine-v1\runtime\controller.ts"
"UNKNOWN","\intelligence\autonomous-decision-engine-v1\types\autonomy.types.ts"
"UNKNOWN","\intelligence\autonomous-decision-network-v1\index.ts"
"UNKNOWN","\intelligence\autonomous-decision-network-v1\contracts\ecosystem.contracts.ts"
"UNKNOWN","\intelligence\autonomous-decision-network-v1\ecosystem\processor.ts"
"UNKNOWN","\intelligence\autonomous-decision-network-v1\models\ecosystem.model.ts"
"UNKNOWN","\intelligence\autonomous-decision-network-v1\runtime\controller.ts"
"UNKNOWN","\intelligence\autonomous-decision-network-v1\types\ecosystem.types.ts"
"UNKNOWN","\intelligence\autonomous-decision-planner-v1\index.ts"
"UNKNOWN","\intelligence\autonomous-decision-planner-v1\contracts\decision.contracts.ts"
"UNKNOWN","\intelligence\autonomous-decision-planner-v1\decision\processor.ts"
"UNKNOWN","\intelligence\autonomous-decision-planner-v1\models\decision.model.ts"
"UNKNOWN","\intelligence\autonomous-decision-planner-v1\runtime\controller.ts"
"UNKNOWN","\intelligence\autonomous-decision-planner-v1\types\decision.types.ts"
"UNKNOWN","\intelligence\autonomous-decision-planning-core-v1\index.ts"
"UNKNOWN","\intelligence\autonomous-decision-planning-core-v1\contracts\decision.contracts.ts"
"UNKNOWN","\intelligence\autonomous-decision-planning-core-v1\decision\processor.ts"
"UNKNOWN","\intelligence\autonomous-decision-planning-core-v1\models\decision.model.ts"
"UNKNOWN","\intelligence\autonomous-decision-planning-core-v1\runtime\controller.ts"
"UNKNOWN","\intelligence\autonomous-decision-planning-core-v1\types\decision.types.ts"
"UNKNOWN","\intelligence\autonomous-decision-platform-v1\index.ts"
"GENERATED_OR_BACKUP","\intelligence\autonomous-decision-platform-v1\index.ts.backup-20260907-010415"
"UNKNOWN","\intelligence\autonomous-decision-platform-v1\contracts\decision.contracts.ts"
"GENERATED_OR_BACKUP","\intelligence\autonomous-decision-platform-v1\contracts\decision.contracts.ts.backup-20260907-010415"
"UNKNOWN","\intelligence\autonomous-decision-platform-v1\decision\processor.ts"
"GENERATED_OR_BACKUP","\intelligence\autonomous-decision-platform-v1\decision\processor.ts.backup-20260907-010415"
"UNKNOWN","\intelligence\autonomous-decision-platform-v1\models\decision.model.ts"
"GENERATED_OR_BACKUP","\intelligence\autonomous-decision-platform-v1\models\decision.model.ts.backup-20260907-010415"
"UNKNOWN","\intelligence\autonomous-decision-platform-v1\runtime\controller.ts"
"GENERATED_OR_BACKUP","\intelligence\autonomous-decision-platform-v1\runtime\controller.ts.backup-20260907-010415"
"UNKNOWN","\intelligence\autonomous-decision-platform-v1\types\decision.types.ts"
"GENERATED_OR_BACKUP","\intelligence\autonomous-decision-platform-v1\types\decision.types.ts.backup-20260907-010415"
"UNKNOWN","\intelligence\autonomous-ecosystem-core-v1\index.ts"
"UNKNOWN","\intelligence\autonomous-ecosystem-core-v1\contracts\ecosystem.contracts.ts"
"UNKNOWN","\intelligence\autonomous-ecosystem-core-v1\ecosystem\processor.ts"
"UNKNOWN","\intelligence\autonomous-ecosystem-core-v1\models\ecosystem.model.ts"
"UNKNOWN","\intelligence\autonomous-ecosystem-core-v1\runtime\controller.ts"
"UNKNOWN","\intelligence\autonomous-ecosystem-core-v1\types\ecosystem.types.ts"
"UNKNOWN","\intelligence\autonomous-ecosystem-registry-v1\index.ts"
"UNKNOWN","\intelligence\autonomous-evolution-core-v1\index.ts"
"UNKNOWN","\intelligence\autonomous-evolution-core-v1\contracts\evolution.contracts.ts"
"UNKNOWN","\intelligence\autonomous-evolution-core-v1\evolution\processor.ts"
"UNKNOWN","\intelligence\autonomous-evolution-core-v1\models\evolution.model.ts"
"UNKNOWN","\intelligence\autonomous-evolution-core-v1\optimization\analyzer.ts"
"UNKNOWN","\intelligence\autonomous-evolution-core-v1\optimization\optimizer.ts"
"UNKNOWN","\intelligence\autonomous-evolution-core-v1\runtime\controller.ts"
"UNKNOWN","\intelligence\autonomous-evolution-core-v1\types\evolution.types.ts"
"UNKNOWN","\intelligence\autonomous-evolution-platform-v1\index.ts"
"UNKNOWN","\intelligence\autonomous-evolution-platform-v1\contracts\evolution.contracts.ts"
"UNKNOWN","\intelligence\autonomous-evolution-platform-v1\evolution\processor.ts"
"UNKNOWN","\intelligence\autonomous-evolution-platform-v1\models\evolution.model.ts"
"UNKNOWN","\intelligence\autonomous-evolution-platform-v1\optimization\optimizer.ts"
"UNKNOWN","\intelligence\autonomous-evolution-platform-v1\runtime\controller.ts"
"UNKNOWN","\intelligence\autonomous-evolution-platform-v1\types\evolution.types.ts"
"UNKNOWN","\intelligence\autonomous-evolution-registry-v1\index.ts"
"UNKNOWN","\intelligence\autonomous-execution-strategy-core-v1\index.ts"
"UNKNOWN","\intelligence\autonomous-execution-strategy-core-v1\contracts\execution.contracts.ts"
"UNKNOWN","\intelligence\autonomous-execution-strategy-core-v1\execution\processor.ts"
"UNKNOWN","\intelligence\autonomous-execution-strategy-core-v1\models\execution.model.ts"
"UNKNOWN","\intelligence\autonomous-execution-strategy-core-v1\runtime\controller.ts"
"UNKNOWN","\intelligence\autonomous-execution-strategy-core-v1\types\execution.types.ts"
"UNKNOWN","\intelligence\autonomous-foresight-platform-v1\index.ts"
"UNKNOWN","\intelligence\autonomous-foresight-platform-v1\contracts\prediction.contracts.ts"
"UNKNOWN","\intelligence\autonomous-foresight-platform-v1\models\prediction.model.ts"
"UNKNOWN","\intelligence\autonomous-foresight-platform-v1\prediction\processor.ts"
"UNKNOWN","\intelligence\autonomous-foresight-platform-v1\runtime\controller.ts"
"UNKNOWN","\intelligence\autonomous-foresight-platform-v1\types\prediction.types.ts"
"UNKNOWN","\intelligence\autonomous-foresight-registry-v1\index.ts"
"UNKNOWN","\intelligence\autonomous-governance-core-v1\index.ts"
"GENERATED_OR_BACKUP","\intelligence\autonomous-governance-core-v1\index.ts.backup-20260907-020808"
"UNKNOWN","\intelligence\autonomous-governance-core-v1\contracts\governance.contracts.ts"
"GENERATED_OR_BACKUP","\intelligence\autonomous-governance-core-v1\contracts\governance.contracts.ts.backup-20260907-020807"
"UNKNOWN","\intelligence\autonomous-governance-core-v1\governance\processor.ts"
"GENERATED_OR_BACKUP","\intelligence\autonomous-governance-core-v1\governance\processor.ts.backup-20260907-020808"
"UNKNOWN","\intelligence\autonomous-governance-core-v1\models\governance.model.ts"
"GENERATED_OR_BACKUP","\intelligence\autonomous-governance-core-v1\models\governance.model.ts.backup-20260907-020807"
"UNKNOWN","\intelligence\autonomous-governance-core-v1\runtime\controller.ts"
"GENERATED_OR_BACKUP","\intelligence\autonomous-governance-core-v1\runtime\controller.ts.backup-20260907-020808"
"UNKNOWN","\intelligence\autonomous-governance-core-v1\types\governance.types.ts"
"GENERATED_OR_BACKUP","\intelligence\autonomous-governance-core-v1\types\governance.types.ts.backup-20260907-020808"
"UNKNOWN","\intelligence\autonomous-governance-engine-v1\index.ts"
"UNKNOWN","\intelligence\autonomous-governance-engine-v1\contracts\sovereignty.contracts.ts"
"UNKNOWN","\intelligence\autonomous-governance-engine-v1\models\sovereignty.model.ts"
"UNKNOWN","\intelligence\autonomous-governance-engine-v1\runtime\controller.ts"
"UNKNOWN","\intelligence\autonomous-governance-engine-v1\sovereignty\processor.ts"
"UNKNOWN","\intelligence\autonomous-governance-engine-v1\types\sovereignty.types.ts"
"UNKNOWN","\intelligence\autonomous-governance-kernel-core-v1\index.ts"
"UNKNOWN","\intelligence\autonomous-governance-kernel-core-v1\contracts\governance.contracts.ts"
"UNKNOWN","\intelligence\autonomous-governance-kernel-core-v1\governance\processor.ts"
"UNKNOWN","\intelligence\autonomous-governance-kernel-core-v1\models\governance.model.ts"
"UNKNOWN","\intelligence\autonomous-governance-kernel-core-v1\runtime\monitor.ts"
"UNKNOWN","\intelligence\autonomous-governance-kernel-core-v1\types\governance.types.ts"
"UNKNOWN","\intelligence\autonomous-governance-kernel-registry-v1\index.ts"
"UNKNOWN","\intelligence\autonomous-governance-platform-v1\index.ts"
"GENERATED_OR_BACKUP","\intelligence\autonomous-governance-platform-v1\index.ts.backup-20260907-004915"
"UNKNOWN","\intelligence\autonomous-governance-platform-v1\contracts\governance.contracts.ts"
"GENERATED_OR_BACKUP","\intelligence\autonomous-governance-platform-v1\contracts\governance.contracts.ts.backup-20260907-004915"
"UNKNOWN","\intelligence\autonomous-governance-platform-v1\control\monitor.ts"
"UNKNOWN","\intelligence\autonomous-governance-platform-v1\governance\processor.ts"
"GENERATED_OR_BACKUP","\intelligence\autonomous-governance-platform-v1\governance\processor.ts.backup-20260907-004915"
"UNKNOWN","\intelligence\autonomous-governance-platform-v1\models\governance.model.ts"
"GENERATED_OR_BACKUP","\intelligence\autonomous-governance-platform-v1\models\governance.model.ts.backup-20260907-004915"
"UNKNOWN","\intelligence\autonomous-governance-platform-v1\runtime\controller.ts"
"GENERATED_OR_BACKUP","\intelligence\autonomous-governance-platform-v1\runtime\controller.ts.backup-20260907-004915"
"UNKNOWN","\intelligence\autonomous-governance-platform-v1\types\governance.types.ts"
"GENERATED_OR_BACKUP","\intelligence\autonomous-governance-platform-v1\types\governance.types.ts.backup-20260907-004915"
"UNKNOWN","\intelligence\autonomous-governance-registry-v1\index.ts"
"GENERATED_OR_BACKUP","\intelligence\autonomous-governance-registry-v1\index.ts.backup-20260907-020808"
"UNKNOWN","\intelligence\autonomous-identity-registry-v1\index.ts"
"UNKNOWN","\intelligence\autonomous-improvement-planner-v1\index.ts"
"UNKNOWN","\intelligence\autonomous-improvement-planner-v1\awareness\processor.ts"
"UNKNOWN","\intelligence\autonomous-improvement-planner-v1\contracts\awareness.contracts.ts"
"UNKNOWN","\intelligence\autonomous-improvement-planner-v1\models\awareness.model.ts"
"UNKNOWN","\intelligence\autonomous-improvement-planner-v1\runtime\controller.ts"
"UNKNOWN","\intelligence\autonomous-improvement-planner-v1\types\awareness.types.ts"
"UNKNOWN","\intelligence\autonomous-integration-platform-v1\index.ts"
"UNKNOWN","\intelligence\autonomous-integration-platform-v1\contracts\integration.contracts.ts"
"UNKNOWN","\intelligence\autonomous-integration-platform-v1\integration\processor.ts"
"UNKNOWN","\intelligence\autonomous-integration-platform-v1\models\integration.model.ts"
"UNKNOWN","\intelligence\autonomous-integration-platform-v1\runtime\controller.ts"
"UNKNOWN","\intelligence\autonomous-integration-platform-v1\types\integration.types.ts"
"UNKNOWN","\intelligence\autonomous-intelligence-coordinator-v1\index.ts"
"UNKNOWN","\intelligence\autonomous-intelligence-coordinator-v1\contracts\singularity.contracts.ts"
"UNKNOWN","\intelligence\autonomous-intelligence-coordinator-v1\convergence\processor.ts"
"UNKNOWN","\intelligence\autonomous-intelligence-coordinator-v1\models\singularity.model.ts"
"UNKNOWN","\intelligence\autonomous-intelligence-coordinator-v1\runtime\controller.ts"
"UNKNOWN","\intelligence\autonomous-intelligence-coordinator-v1\types\singularity.types.ts"
"UNKNOWN","\intelligence\autonomous-intelligence-ecosystem-platform-v1\index.ts"
"UNKNOWN","\intelligence\autonomous-intelligence-ecosystem-platform-v1\contracts\ecosystem.contracts.ts"
"UNKNOWN","\intelligence\autonomous-intelligence-ecosystem-platform-v1\ecosystem\processor.ts"
"UNKNOWN","\intelligence\autonomous-intelligence-ecosystem-platform-v1\models\ecosystem.model.ts"
"UNKNOWN","\intelligence\autonomous-intelligence-ecosystem-platform-v1\runtime\controller.ts"
"UNKNOWN","\intelligence\autonomous-intelligence-ecosystem-platform-v1\types\ecosystem.types.ts"
"UNKNOWN","\intelligence\autonomous-intelligence-governance-core-v1\index.ts"
"GENERATED_OR_BACKUP","\intelligence\autonomous-intelligence-governance-core-v1\index.ts.backup-20260907-004915"
"UNKNOWN","\intelligence\autonomous-intelligence-governance-core-v1\contracts\governance.contracts.ts"
"GENERATED_OR_BACKUP","\intelligence\autonomous-intelligence-governance-core-v1\contracts\governance.contracts.ts.backup-20260907-004915"
"UNKNOWN","\intelligence\autonomous-intelligence-governance-core-v1\control\monitor.ts"
"UNKNOWN","\intelligence\autonomous-intelligence-governance-core-v1\governance\processor.ts"
"GENERATED_OR_BACKUP","\intelligence\autonomous-intelligence-governance-core-v1\governance\processor.ts.backup-20260907-004915"
"UNKNOWN","\intelligence\autonomous-intelligence-governance-core-v1\models\governance.model.ts"
"GENERATED_OR_BACKUP","\intelligence\autonomous-intelligence-governance-core-v1\models\governance.model.ts.backup-20260907-004915"
"UNKNOWN","\intelligence\autonomous-intelligence-governance-core-v1\runtime\controller.ts"
"GENERATED_OR_BACKUP","\intelligence\autonomous-intelligence-governance-core-v1\runtime\controller.ts.backup-20260907-004915"
"UNKNOWN","\intelligence\autonomous-intelligence-governance-core-v1\types\governance.types.ts"
"GENERATED_OR_BACKUP","\intelligence\autonomous-intelligence-governance-core-v1\types\governance.types.ts.backup-20260907-004915"
"UNKNOWN","\intelligence\autonomous-intelligence-governance-platform-v1\index.ts"
"UNKNOWN","\intelligence\autonomous-intelligence-governance-platform-v1\contracts\governance.contracts.ts"
"UNKNOWN","\intelligence\autonomous-intelligence-governance-platform-v1\governance\processor.ts"
"UNKNOWN","\intelligence\autonomous-intelligence-governance-platform-v1\models\governance.model.ts"
"UNKNOWN","\intelligence\autonomous-intelligence-governance-platform-v1\runtime\monitor.ts"
"UNKNOWN","\intelligence\autonomous-intelligence-governance-platform-v1\types\governance.types.ts"
"UNKNOWN","\intelligence\autonomous-intelligence-governance-registry-v1\index.ts"
"UNKNOWN","\intelligence\autonomous-intelligence-identity-core-v1\index.ts"
"UNKNOWN","\intelligence\autonomous-intelligence-identity-core-v1\contracts\identity.contracts.ts"
"UNKNOWN","\intelligence\autonomous-intelligence-identity-core-v1\identity\processor.ts"
"UNKNOWN","\intelligence\autonomous-intelligence-identity-core-v1\models\identity.model.ts"
"UNKNOWN","\intelligence\autonomous-intelligence-identity-core-v1\runtime\controller.ts"
"UNKNOWN","\intelligence\autonomous-intelligence-identity-core-v1\types\identity.types.ts"
"UNKNOWN","\intelligence\autonomous-intelligence-kernel-v1\index.ts"
"UNKNOWN","\intelligence\autonomous-intelligence-kernel-v1\contracts\os.contracts.ts"
"UNKNOWN","\intelligence\autonomous-intelligence-kernel-v1\kernel\processor.ts"
"UNKNOWN","\intelligence\autonomous-intelligence-kernel-v1\models\os.model.ts"
"UNKNOWN","\intelligence\autonomous-intelligence-kernel-v1\runtime\controller.ts"
"UNKNOWN","\intelligence\autonomous-intelligence-kernel-v1\types\os.types.ts"
"UNKNOWN","\intelligence\autonomous-intelligence-maturity-core-v1\index.ts"
"UNKNOWN","\intelligence\autonomous-intelligence-maturity-core-v1\contracts\maturity.contracts.ts"
"UNKNOWN","\intelligence\autonomous-intelligence-maturity-core-v1\maturity\processor.ts"
"UNKNOWN","\intelligence\autonomous-intelligence-maturity-core-v1\models\maturity.model.ts"
"UNKNOWN","\intelligence\autonomous-intelligence-maturity-core-v1\runtime\controller.ts"
"UNKNOWN","\intelligence\autonomous-intelligence-maturity-core-v1\types\maturity.types.ts"
"UNKNOWN","\intelligence\autonomous-intelligence-memory-orchestration-platform-v1\index.ts"
"UNKNOWN","\intelligence\autonomous-intelligence-memory-orchestration-platform-v1\contracts\orchestration.contracts.ts"
"UNKNOWN","\intelligence\autonomous-intelligence-memory-orchestration-platform-v1\engine\processor.ts"
"UNKNOWN","\intelligence\autonomous-intelligence-memory-orchestration-platform-v1\models\domain.model.ts"
"UNKNOWN","\intelligence\autonomous-intelligence-memory-orchestration-platform-v1\types\orchestration.types.ts"
"UNKNOWN","\intelligence\autonomous-intelligence-memory-orchestration-registry-v1\index.ts"
"UNKNOWN","\intelligence\autonomous-intelligence-meta-platform-v1\index.ts"
"UNKNOWN","\intelligence\autonomous-intelligence-meta-platform-v1\contracts\meta.contracts.ts"
"UNKNOWN","\intelligence\autonomous-intelligence-meta-platform-v1\models\meta.model.ts"
"UNKNOWN","\intelligence\autonomous-intelligence-meta-platform-v1\orchestration\processor.ts"
"UNKNOWN","\intelligence\autonomous-intelligence-meta-platform-v1\runtime\controller.ts"
"UNKNOWN","\intelligence\autonomous-intelligence-meta-platform-v1\types\meta.types.ts"
"UNKNOWN","\intelligence\autonomous-intelligence-os-core-v1\index.ts"
"UNKNOWN","\intelligence\autonomous-intelligence-os-core-v1\contracts\os.contracts.ts"
"UNKNOWN","\intelligence\autonomous-intelligence-os-core-v1\kernel\processor.ts"
"UNKNOWN","\intelligence\autonomous-intelligence-os-core-v1\models\os.model.ts"
"UNKNOWN","\intelligence\autonomous-intelligence-os-core-v1\runtime\controller.ts"
"UNKNOWN","\intelligence\autonomous-intelligence-os-core-v1\types\os.types.ts"
"UNKNOWN","\intelligence\autonomous-intelligence-os-registry-v1\index.ts"
"UNKNOWN","\intelligence\autonomous-intelligence-platform-v1\index.ts"
"GENERATED_OR_BACKUP","\intelligence\autonomous-intelligence-platform-v1\index.ts.backup-20260907-012846"
"UNKNOWN","\intelligence\autonomous-intelligence-platform-v1\contracts\os.contracts.ts"
"UNKNOWN","\intelligence\autonomous-intelligence-platform-v1\contracts\workflow.contracts.ts"
"UNKNOWN","\intelligence\autonomous-intelligence-platform-v1\kernel\processor.ts"
"UNKNOWN","\intelligence\autonomous-intelligence-platform-v1\models\os.model.ts"
"UNKNOWN","\intelligence\autonomous-intelligence-platform-v1\models\workflow.model.ts"
"UNKNOWN","\intelligence\autonomous-intelligence-platform-v1\runtime\controller.ts"
"GENERATED_OR_BACKUP","\intelligence\autonomous-intelligence-platform-v1\runtime\controller.ts.backup-20260907-012846"
"UNKNOWN","\intelligence\autonomous-intelligence-platform-v1\types\os.types.ts"
"UNKNOWN","\intelligence\autonomous-intelligence-platform-v1\types\workflow.types.ts"
"UNKNOWN","\intelligence\autonomous-intelligence-platform-v1\workflow\processor.ts"
"UNKNOWN","\intelligence\autonomous-intelligence-trust-core-v1\index.ts"
"UNKNOWN","\intelligence\autonomous-intelligence-trust-core-v1\contracts\trust.contracts.ts"
"UNKNOWN","\intelligence\autonomous-intelligence-trust-core-v1\models\trust.model.ts"
"UNKNOWN","\intelligence\autonomous-intelligence-trust-core-v1\runtime\controller.ts"
"UNKNOWN","\intelligence\autonomous-intelligence-trust-core-v1\types\trust.types.ts"
"UNKNOWN","\intelligence\autonomous-intelligence-trust-core-v1\verification\processor.ts"
"UNKNOWN","\intelligence\autonomous-knowledge-civilization-core-v1\index.ts"
"UNKNOWN","\intelligence\autonomous-knowledge-civilization-core-v1\contracts\knowledge.contracts.ts"
"UNKNOWN","\intelligence\autonomous-knowledge-civilization-core-v1\knowledge\processor.ts"
"UNKNOWN","\intelligence\autonomous-knowledge-civilization-core-v1\models\knowledge.model.ts"
"UNKNOWN","\intelligence\autonomous-knowledge-civilization-core-v1\runtime\controller.ts"
"UNKNOWN","\intelligence\autonomous-knowledge-civilization-core-v1\types\knowledge.types.ts"
"UNKNOWN","\intelligence\autonomous-knowledge-civilization-registry-v1\index.ts"
"UNKNOWN","\intelligence\autonomous-knowledge-evolution-core-v1\index.ts"
"UNKNOWN","\intelligence\autonomous-knowledge-evolution-core-v1\contracts\evolution.contracts.ts"
"UNKNOWN","\intelligence\autonomous-knowledge-evolution-core-v1\evolution\processor.ts"
"UNKNOWN","\intelligence\autonomous-knowledge-evolution-core-v1\models\evolution.model.ts"
"UNKNOWN","\intelligence\autonomous-knowledge-evolution-core-v1\runtime\controller.ts"
"UNKNOWN","\intelligence\autonomous-knowledge-evolution-core-v1\types\evolution.types.ts"
"UNKNOWN","\intelligence\autonomous-knowledge-runtime-v1\index.ts"
"UNKNOWN","\intelligence\autonomous-knowledge-runtime-v1\contracts\knowledge.contracts.ts"
"UNKNOWN","\intelligence\autonomous-knowledge-runtime-v1\knowledge\processor.ts"
"UNKNOWN","\intelligence\autonomous-knowledge-runtime-v1\models\knowledge.model.ts"
"UNKNOWN","\intelligence\autonomous-knowledge-runtime-v1\runtime\controller.ts"
"UNKNOWN","\intelligence\autonomous-knowledge-runtime-v1\types\knowledge.types.ts"
"UNKNOWN","\intelligence\autonomous-learning-coordinator-v1\index.ts"
"UNKNOWN","\intelligence\autonomous-learning-coordinator-v1\contracts\orchestration.contracts.ts"
"UNKNOWN","\intelligence\autonomous-learning-coordinator-v1\engine\processor.ts"
"UNKNOWN","\intelligence\autonomous-learning-coordinator-v1\models\domain.model.ts"
"UNKNOWN","\intelligence\autonomous-learning-coordinator-v1\types\orchestration.types.ts"
"UNKNOWN","\intelligence\autonomous-learning-platform-v1\index.ts"
"UNKNOWN","\intelligence\autonomous-learning-platform-v1\contracts\learning.contracts.ts"
"UNKNOWN","\intelligence\autonomous-learning-platform-v1\learning\processor.ts"
"UNKNOWN","\intelligence\autonomous-learning-platform-v1\models\learning.model.ts"
"UNKNOWN","\intelligence\autonomous-learning-platform-v1\runtime\controller.ts"
"UNKNOWN","\intelligence\autonomous-learning-platform-v1\types\learning.types.ts"
"UNKNOWN","\intelligence\autonomous-maturity-platform-v1\index.ts"
"UNKNOWN","\intelligence\autonomous-maturity-platform-v1\contracts\maturity.contracts.ts"
"UNKNOWN","\intelligence\autonomous-maturity-platform-v1\maturity\processor.ts"
"UNKNOWN","\intelligence\autonomous-maturity-platform-v1\models\maturity.model.ts"
"UNKNOWN","\intelligence\autonomous-maturity-platform-v1\runtime\controller.ts"
"UNKNOWN","\intelligence\autonomous-maturity-platform-v1\types\maturity.types.ts"
"UNKNOWN","\intelligence\autonomous-memory-intelligence-core-v2\index.ts"
"UNKNOWN","\intelligence\autonomous-memory-intelligence-core-v2\contracts\index.ts"
"UNKNOWN","\intelligence\autonomous-memory-intelligence-core-v2\contracts\memory-intelligence.types.ts"
"UNKNOWN","\intelligence\autonomous-memory-intelligence-core-v2\engine\index.ts"
"UNKNOWN","\intelligence\autonomous-memory-intelligence-core-v2\engine\processor.ts"
"UNKNOWN","\intelligence\autonomous-memory-intelligence-core-v2\models\index.ts"
"UNKNOWN","\intelligence\autonomous-memory-intelligence-core-v2\models\memory.model.ts"
"UNKNOWN","\intelligence\autonomous-memory-intelligence-core-v2\types\index.ts"
"UNKNOWN","\intelligence\autonomous-memory-intelligence-platform-v1\index.ts"
"UNKNOWN","\intelligence\autonomous-memory-intelligence-platform-v1\contracts\integration.contracts.ts"
"UNKNOWN","\intelligence\autonomous-memory-intelligence-platform-v1\engine\processor.ts"
"UNKNOWN","\intelligence\autonomous-memory-intelligence-platform-v1\models\domain.model.ts"
"UNKNOWN","\intelligence\autonomous-memory-intelligence-platform-v1\types\integration.types.ts"
"UNKNOWN","\intelligence\autonomous-memory-intelligence-registry-v1\index.ts"
"UNKNOWN","\intelligence\autonomous-memory-network-platform-v1\index.ts"
"UNKNOWN","\intelligence\autonomous-memory-network-platform-v1\contracts\collective-memory.contracts.ts"
"UNKNOWN","\intelligence\autonomous-memory-network-platform-v1\memory\processor.ts"
"UNKNOWN","\intelligence\autonomous-memory-network-platform-v1\models\collective-memory.model.ts"
"UNKNOWN","\intelligence\autonomous-memory-network-platform-v1\runtime\controller.ts"
"UNKNOWN","\intelligence\autonomous-memory-network-platform-v1\types\collective-memory.types.ts"
"UNKNOWN","\intelligence\autonomous-memory-orchestration-core-v1\index.ts"
"UNKNOWN","\intelligence\autonomous-memory-orchestration-core-v1\contracts\orchestration.contracts.ts"
"UNKNOWN","\intelligence\autonomous-memory-orchestration-core-v1\engine\processor.ts"
"UNKNOWN","\intelligence\autonomous-memory-orchestration-core-v1\models\domain.model.ts"
"UNKNOWN","\intelligence\autonomous-memory-orchestration-core-v1\types\orchestration.types.ts"
"UNKNOWN","\intelligence\autonomous-memory-reasoning-bridge-v1\index.ts"
"UNKNOWN","\intelligence\autonomous-memory-reasoning-bridge-v1\contracts\integration.contracts.ts"
"UNKNOWN","\intelligence\autonomous-memory-reasoning-bridge-v1\engine\processor.ts"
"UNKNOWN","\intelligence\autonomous-memory-reasoning-bridge-v1\models\domain.model.ts"
"UNKNOWN","\intelligence\autonomous-memory-reasoning-bridge-v1\types\integration.types.ts"
"UNKNOWN","\intelligence\autonomous-meta-adaptation-core-v1\index.ts"
"GENERATED_OR_BACKUP","\intelligence\autonomous-meta-adaptation-core-v1\index.ts.backup-20260907-002921"
"GENERATED_OR_BACKUP","\intelligence\autonomous-meta-adaptation-core-v1\index.ts.backup-20260907-004120"
"UNKNOWN","\intelligence\autonomous-meta-adaptation-core-v1\adaptation\processor.ts"
"GENERATED_OR_BACKUP","\intelligence\autonomous-meta-adaptation-core-v1\adaptation\processor.ts.backup-20260907-002921"
"GENERATED_OR_BACKUP","\intelligence\autonomous-meta-adaptation-core-v1\adaptation\processor.ts.backup-20260907-004120"
"UNKNOWN","\intelligence\autonomous-meta-adaptation-core-v1\contracts\adaptation.contracts.ts"
"GENERATED_OR_BACKUP","\intelligence\autonomous-meta-adaptation-core-v1\contracts\adaptation.contracts.ts.backup-20260907-002921"
"GENERATED_OR_BACKUP","\intelligence\autonomous-meta-adaptation-core-v1\contracts\adaptation.contracts.ts.backup-20260907-004120"
"UNKNOWN","\intelligence\autonomous-meta-adaptation-core-v1\models\adaptation.model.ts"
"GENERATED_OR_BACKUP","\intelligence\autonomous-meta-adaptation-core-v1\models\adaptation.model.ts.backup-20260907-002921"
"GENERATED_OR_BACKUP","\intelligence\autonomous-meta-adaptation-core-v1\models\adaptation.model.ts.backup-20260907-004120"
"UNKNOWN","\intelligence\autonomous-meta-adaptation-core-v1\runtime\controller.ts"
"GENERATED_OR_BACKUP","\intelligence\autonomous-meta-adaptation-core-v1\runtime\controller.ts.backup-20260907-002921"
"GENERATED_OR_BACKUP","\intelligence\autonomous-meta-adaptation-core-v1\runtime\controller.ts.backup-20260907-004120"
"UNKNOWN","\intelligence\autonomous-meta-adaptation-core-v1\types\adaptation.types.ts"
"GENERATED_OR_BACKUP","\intelligence\autonomous-meta-adaptation-core-v1\types\adaptation.types.ts.backup-20260907-002921"
"GENERATED_OR_BACKUP","\intelligence\autonomous-meta-adaptation-core-v1\types\adaptation.types.ts.backup-20260907-004120"
"UNKNOWN","\intelligence\autonomous-meta-adaptation-platform-v1\index.ts"
"GENERATED_OR_BACKUP","\intelligence\autonomous-meta-adaptation-platform-v1\index.ts.backup-20260907-004120"
"UNKNOWN","\intelligence\autonomous-meta-adaptation-platform-v1\adaptation\processor.ts"
"GENERATED_OR_BACKUP","\intelligence\autonomous-meta-adaptation-platform-v1\adaptation\processor.ts.backup-20260907-004120"
"UNKNOWN","\intelligence\autonomous-meta-adaptation-platform-v1\contracts\adaptation.contracts.ts"
"GENERATED_OR_BACKUP","\intelligence\autonomous-meta-adaptation-platform-v1\contracts\adaptation.contracts.ts.backup-20260907-004120"
"UNKNOWN","\intelligence\autonomous-meta-adaptation-platform-v1\models\adaptation.model.ts"
"GENERATED_OR_BACKUP","\intelligence\autonomous-meta-adaptation-platform-v1\models\adaptation.model.ts.backup-20260907-004120"
"UNKNOWN","\intelligence\autonomous-meta-adaptation-platform-v1\runtime\controller.ts"
"GENERATED_OR_BACKUP","\intelligence\autonomous-meta-adaptation-platform-v1\runtime\controller.ts.backup-20260907-004120"
"UNKNOWN","\intelligence\autonomous-meta-adaptation-platform-v1\types\adaptation.types.ts"
"GENERATED_OR_BACKUP","\intelligence\autonomous-meta-adaptation-platform-v1\types\adaptation.types.ts.backup-20260907-004120"
"UNKNOWN","\intelligence\autonomous-meta-adaptation-registry-v1\index.ts"
"GENERATED_OR_BACKUP","\intelligence\autonomous-meta-adaptation-registry-v1\index.ts.backup-20260907-002922"
"GENERATED_OR_BACKUP","\intelligence\autonomous-meta-adaptation-registry-v1\index.ts.backup-20260907-004120"
"UNKNOWN","\intelligence\autonomous-meta-autonomy-core-v1\index.ts"
"UNKNOWN","\intelligence\autonomous-meta-autonomy-core-v1\autonomy\processor.ts"
"UNKNOWN","\intelligence\autonomous-meta-autonomy-core-v1\contracts\autonomy.contracts.ts"
"UNKNOWN","\intelligence\autonomous-meta-autonomy-core-v1\models\autonomy.model.ts"
"UNKNOWN","\intelligence\autonomous-meta-autonomy-core-v1\runtime\controller.ts"
"UNKNOWN","\intelligence\autonomous-meta-autonomy-core-v1\types\autonomy.types.ts"
"UNKNOWN","\intelligence\autonomous-meta-autonomy-platform-v1\index.ts"
"UNKNOWN","\intelligence\autonomous-meta-autonomy-platform-v1\autonomy\processor.ts"
"UNKNOWN","\intelligence\autonomous-meta-autonomy-platform-v1\contracts\autonomy.contracts.ts"
"UNKNOWN","\intelligence\autonomous-meta-autonomy-platform-v1\models\autonomy.model.ts"
"UNKNOWN","\intelligence\autonomous-meta-autonomy-platform-v1\runtime\controller.ts"
"UNKNOWN","\intelligence\autonomous-meta-autonomy-platform-v1\types\autonomy.types.ts"
"UNKNOWN","\intelligence\autonomous-meta-autonomy-registry-v1\index.ts"
"UNKNOWN","\intelligence\autonomous-meta-awareness-core-v1\index.ts"
"UNKNOWN","\intelligence\autonomous-meta-awareness-core-v1\awareness\processor.ts"
"UNKNOWN","\intelligence\autonomous-meta-awareness-core-v1\contracts\awareness.contracts.ts"
"UNKNOWN","\intelligence\autonomous-meta-awareness-core-v1\models\awareness.model.ts"
"UNKNOWN","\intelligence\autonomous-meta-awareness-core-v1\runtime\controller.ts"
"UNKNOWN","\intelligence\autonomous-meta-awareness-core-v1\types\awareness.types.ts"
"UNKNOWN","\intelligence\autonomous-meta-awareness-platform-v1\index.ts"
"UNKNOWN","\intelligence\autonomous-meta-awareness-platform-v1\awareness\processor.ts"
"UNKNOWN","\intelligence\autonomous-meta-awareness-platform-v1\contracts\awareness.contracts.ts"
"UNKNOWN","\intelligence\autonomous-meta-awareness-platform-v1\models\awareness.model.ts"
"UNKNOWN","\intelligence\autonomous-meta-awareness-platform-v1\runtime\controller.ts"
"UNKNOWN","\intelligence\autonomous-meta-awareness-platform-v1\types\awareness.types.ts"
"UNKNOWN","\intelligence\autonomous-meta-awareness-registry-v1\index.ts"
"UNKNOWN","\intelligence\autonomous-meta-cognitive-core-v1\index.ts"
"UNKNOWN","\intelligence\autonomous-meta-cognitive-core-v1\cognition\processor.ts"
"UNKNOWN","\intelligence\autonomous-meta-cognitive-core-v1\contracts\cognitive.contracts.ts"
"UNKNOWN","\intelligence\autonomous-meta-cognitive-core-v1\models\cognitive.model.ts"
"UNKNOWN","\intelligence\autonomous-meta-cognitive-core-v1\runtime\controller.ts"
"UNKNOWN","\intelligence\autonomous-meta-cognitive-core-v1\types\cognitive.types.ts"
"UNKNOWN","\intelligence\autonomous-meta-cognitive-platform-v1\index.ts"
"UNKNOWN","\intelligence\autonomous-meta-cognitive-platform-v1\cognition\processor.ts"
"UNKNOWN","\intelligence\autonomous-meta-cognitive-platform-v1\contracts\cognitive.contracts.ts"
"UNKNOWN","\intelligence\autonomous-meta-cognitive-platform-v1\models\cognitive.model.ts"
"UNKNOWN","\intelligence\autonomous-meta-cognitive-platform-v1\runtime\controller.ts"
"UNKNOWN","\intelligence\autonomous-meta-cognitive-platform-v1\types\cognitive.types.ts"
"UNKNOWN","\intelligence\autonomous-meta-cognitive-registry-v1\index.ts"
"UNKNOWN","\intelligence\autonomous-meta-consciousness-core-v1\index.ts"
"UNKNOWN","\intelligence\autonomous-meta-consciousness-core-v1\consciousness\processor.ts"
"UNKNOWN","\intelligence\autonomous-meta-consciousness-core-v1\contracts\consciousness.contracts.ts"
"UNKNOWN","\intelligence\autonomous-meta-consciousness-core-v1\models\consciousness.model.ts"
"UNKNOWN","\intelligence\autonomous-meta-consciousness-core-v1\runtime\controller.ts"
"UNKNOWN","\intelligence\autonomous-meta-consciousness-core-v1\types\consciousness.types.ts"
"UNKNOWN","\intelligence\autonomous-meta-consciousness-platform-v1\index.ts"
"UNKNOWN","\intelligence\autonomous-meta-consciousness-platform-v1\consciousness\processor.ts"
"UNKNOWN","\intelligence\autonomous-meta-consciousness-platform-v1\contracts\consciousness.contracts.ts"
"UNKNOWN","\intelligence\autonomous-meta-consciousness-platform-v1\models\consciousness.model.ts"
"UNKNOWN","\intelligence\autonomous-meta-consciousness-platform-v1\runtime\controller.ts"
"UNKNOWN","\intelligence\autonomous-meta-consciousness-platform-v1\types\consciousness.types.ts"
"UNKNOWN","\intelligence\autonomous-meta-consciousness-registry-v1\index.ts"
"UNKNOWN","\intelligence\autonomous-meta-convergence-core-v1\index.ts"
"UNKNOWN","\intelligence\autonomous-meta-convergence-core-v1\contracts\convergence.contracts.ts"
"UNKNOWN","\intelligence\autonomous-meta-convergence-core-v1\convergence\processor.ts"
"UNKNOWN","\intelligence\autonomous-meta-convergence-core-v1\models\convergence.model.ts"
"UNKNOWN","\intelligence\autonomous-meta-convergence-core-v1\runtime\controller.ts"
"UNKNOWN","\intelligence\autonomous-meta-convergence-core-v1\types\convergence.types.ts"
"UNKNOWN","\intelligence\autonomous-meta-convergence-platform-v1\index.ts"
"UNKNOWN","\intelligence\autonomous-meta-convergence-platform-v1\contracts\convergence.contracts.ts"
"UNKNOWN","\intelligence\autonomous-meta-convergence-platform-v1\convergence\processor.ts"
"UNKNOWN","\intelligence\autonomous-meta-convergence-platform-v1\models\convergence.model.ts"
"UNKNOWN","\intelligence\autonomous-meta-convergence-platform-v1\runtime\controller.ts"
"UNKNOWN","\intelligence\autonomous-meta-convergence-platform-v1\types\convergence.types.ts"
"UNKNOWN","\intelligence\autonomous-meta-convergence-registry-v1\index.ts"
"UNKNOWN","\intelligence\autonomous-meta-coordination-core-v1\index.ts"
"GENERATED_OR_BACKUP","\intelligence\autonomous-meta-coordination-core-v1\index.ts.backup-20260907-003152"
"UNKNOWN","\intelligence\autonomous-meta-coordination-core-v1\contracts\coordination.contracts.ts"
"GENERATED_OR_BACKUP","\intelligence\autonomous-meta-coordination-core-v1\contracts\coordination.contracts.ts.backup-20260907-003152"
"UNKNOWN","\intelligence\autonomous-meta-coordination-core-v1\coordination\processor.ts"
"GENERATED_OR_BACKUP","\intelligence\autonomous-meta-coordination-core-v1\coordination\processor.ts.backup-20260907-003152"
"UNKNOWN","\intelligence\autonomous-meta-coordination-core-v1\models\coordination.model.ts"
"GENERATED_OR_BACKUP","\intelligence\autonomous-meta-coordination-core-v1\models\coordination.model.ts.backup-20260907-003152"
"UNKNOWN","\intelligence\autonomous-meta-coordination-core-v1\runtime\controller.ts"
"GENERATED_OR_BACKUP","\intelligence\autonomous-meta-coordination-core-v1\runtime\controller.ts.backup-20260907-003152"
"UNKNOWN","\intelligence\autonomous-meta-coordination-core-v1\types\coordination.types.ts"
"GENERATED_OR_BACKUP","\intelligence\autonomous-meta-coordination-core-v1\types\coordination.types.ts.backup-20260907-003152"
"UNKNOWN","\intelligence\autonomous-meta-coordination-platform-v1\index.ts"
"UNKNOWN","\intelligence\autonomous-meta-coordination-platform-v1\contracts\coordination.contracts.ts"
"UNKNOWN","\intelligence\autonomous-meta-coordination-platform-v1\coordination\processor.ts"
"UNKNOWN","\intelligence\autonomous-meta-coordination-platform-v1\models\coordination.model.ts"
"UNKNOWN","\intelligence\autonomous-meta-coordination-platform-v1\runtime\controller.ts"
"UNKNOWN","\intelligence\autonomous-meta-coordination-platform-v1\types\coordination.types.ts"
"UNKNOWN","\intelligence\autonomous-meta-coordination-registry-v1\index.ts"
"GENERATED_OR_BACKUP","\intelligence\autonomous-meta-coordination-registry-v1\index.ts.backup-20260907-003152"
"UNKNOWN","\intelligence\autonomous-meta-creativity-core-v1\index.ts"
"UNKNOWN","\intelligence\autonomous-meta-creativity-core-v1\contracts\creativity.contracts.ts"
"UNKNOWN","\intelligence\autonomous-meta-creativity-core-v1\creativity\processor.ts"
"UNKNOWN","\intelligence\autonomous-meta-creativity-core-v1\models\creativity.model.ts"
"UNKNOWN","\intelligence\autonomous-meta-creativity-core-v1\runtime\controller.ts"
"UNKNOWN","\intelligence\autonomous-meta-creativity-core-v1\types\creativity.types.ts"
"UNKNOWN","\intelligence\autonomous-meta-creativity-platform-v1\index.ts"
"UNKNOWN","\intelligence\autonomous-meta-creativity-platform-v1\contracts\creativity.contracts.ts"
"UNKNOWN","\intelligence\autonomous-meta-creativity-platform-v1\creativity\processor.ts"
"UNKNOWN","\intelligence\autonomous-meta-creativity-platform-v1\models\creativity.model.ts"
"UNKNOWN","\intelligence\autonomous-meta-creativity-platform-v1\runtime\controller.ts"
"UNKNOWN","\intelligence\autonomous-meta-creativity-platform-v1\types\creativity.types.ts"
"UNKNOWN","\intelligence\autonomous-meta-creativity-registry-v1\index.ts"
"UNKNOWN","\intelligence\autonomous-meta-decision-core-v1\index.ts"
"GENERATED_OR_BACKUP","\intelligence\autonomous-meta-decision-core-v1\index.ts.backup-20260907-003324"
"UNKNOWN","\intelligence\autonomous-meta-decision-core-v1\contracts\decision.contracts.ts"
"GENERATED_OR_BACKUP","\intelligence\autonomous-meta-decision-core-v1\contracts\decision.contracts.ts.backup-20260907-003324"
"UNKNOWN","\intelligence\autonomous-meta-decision-core-v1\decision\processor.ts"
"GENERATED_OR_BACKUP","\intelligence\autonomous-meta-decision-core-v1\decision\processor.ts.backup-20260907-003324"
"UNKNOWN","\intelligence\autonomous-meta-decision-core-v1\models\decision.model.ts"
"GENERATED_OR_BACKUP","\intelligence\autonomous-meta-decision-core-v1\models\decision.model.ts.backup-20260907-003324"
"UNKNOWN","\intelligence\autonomous-meta-decision-core-v1\runtime\controller.ts"
"GENERATED_OR_BACKUP","\intelligence\autonomous-meta-decision-core-v1\runtime\controller.ts.backup-20260907-003324"
"UNKNOWN","\intelligence\autonomous-meta-decision-core-v1\types\decision.types.ts"
"GENERATED_OR_BACKUP","\intelligence\autonomous-meta-decision-core-v1\types\decision.types.ts.backup-20260907-003324"
"UNKNOWN","\intelligence\autonomous-meta-decision-platform-v1\index.ts"
"GENERATED_OR_BACKUP","\intelligence\autonomous-meta-decision-platform-v1\index.ts.backup-20260907-003324"
"UNKNOWN","\intelligence\autonomous-meta-decision-platform-v1\contracts\decision.contracts.ts"
"GENERATED_OR_BACKUP","\intelligence\autonomous-meta-decision-platform-v1\contracts\decision.contracts.ts.backup-20260907-003324"
"UNKNOWN","\intelligence\autonomous-meta-decision-platform-v1\decision\processor.ts"
"GENERATED_OR_BACKUP","\intelligence\autonomous-meta-decision-platform-v1\decision\processor.ts.backup-20260907-003324"
"UNKNOWN","\intelligence\autonomous-meta-decision-platform-v1\models\decision.model.ts"
"GENERATED_OR_BACKUP","\intelligence\autonomous-meta-decision-platform-v1\models\decision.model.ts.backup-20260907-003324"
"UNKNOWN","\intelligence\autonomous-meta-decision-platform-v1\runtime\controller.ts"
"GENERATED_OR_BACKUP","\intelligence\autonomous-meta-decision-platform-v1\runtime\controller.ts.backup-20260907-003324"
"UNKNOWN","\intelligence\autonomous-meta-decision-platform-v1\types\decision.types.ts"
"GENERATED_OR_BACKUP","\intelligence\autonomous-meta-decision-platform-v1\types\decision.types.ts.backup-20260907-003324"
"UNKNOWN","\intelligence\autonomous-meta-decision-registry-v1\index.ts"
"GENERATED_OR_BACKUP","\intelligence\autonomous-meta-decision-registry-v1\index.ts.backup-20260907-003324"
"UNKNOWN","\intelligence\autonomous-meta-evolution-core-v1\index.ts"
"GENERATED_OR_BACKUP","\intelligence\autonomous-meta-evolution-core-v1\index.ts.backup-20260906-205813"
"GENERATED_OR_BACKUP","\intelligence\autonomous-meta-evolution-core-v1\index.ts.backup-20260907-004036"
"UNKNOWN","\intelligence\autonomous-meta-evolution-core-v1\contracts\evolution.contracts.ts"
"GENERATED_OR_BACKUP","\intelligence\autonomous-meta-evolution-core-v1\contracts\evolution.contracts.ts.backup-20260907-004036"
"UNKNOWN","\intelligence\autonomous-meta-evolution-core-v1\contracts\meta-evolution.contracts.ts"
"UNKNOWN","\intelligence\autonomous-meta-evolution-core-v1\evolution\processor.ts"
"GENERATED_OR_BACKUP","\intelligence\autonomous-meta-evolution-core-v1\evolution\processor.ts.backup-20260906-205813"
"GENERATED_OR_BACKUP","\intelligence\autonomous-meta-evolution-core-v1\evolution\processor.ts.backup-20260907-004036"
"UNKNOWN","\intelligence\autonomous-meta-evolution-core-v1\models\evolution.model.ts"
"GENERATED_OR_BACKUP","\intelligence\autonomous-meta-evolution-core-v1\models\evolution.model.ts.backup-20260907-004036"
"UNKNOWN","\intelligence\autonomous-meta-evolution-core-v1\models\meta-evolution.model.ts"
"UNKNOWN","\intelligence\autonomous-meta-evolution-core-v1\runtime\controller.ts"
"GENERATED_OR_BACKUP","\intelligence\autonomous-meta-evolution-core-v1\runtime\controller.ts.backup-20260906-205813"
"GENERATED_OR_BACKUP","\intelligence\autonomous-meta-evolution-core-v1\runtime\controller.ts.backup-20260907-004036"
"UNKNOWN","\intelligence\autonomous-meta-evolution-core-v1\types\evolution.types.ts"
"GENERATED_OR_BACKUP","\intelligence\autonomous-meta-evolution-core-v1\types\evolution.types.ts.backup-20260907-004036"
"UNKNOWN","\intelligence\autonomous-meta-evolution-core-v1\types\meta-evolution.types.ts"
"UNKNOWN","\intelligence\autonomous-meta-evolution-platform-v1\index.ts"
"GENERATED_OR_BACKUP","\intelligence\autonomous-meta-evolution-platform-v1\index.ts.backup-20260906-205813"
"GENERATED_OR_BACKUP","\intelligence\autonomous-meta-evolution-platform-v1\index.ts.backup-20260907-004036"
"UNKNOWN","\intelligence\autonomous-meta-evolution-platform-v1\contracts\evolution.contracts.ts"
"GENERATED_OR_BACKUP","\intelligence\autonomous-meta-evolution-platform-v1\contracts\evolution.contracts.ts.backup-20260907-004036"
"UNKNOWN","\intelligence\autonomous-meta-evolution-platform-v1\contracts\meta-evolution.contracts.ts"
"UNKNOWN","\intelligence\autonomous-meta-evolution-platform-v1\evolution\processor.ts"
"GENERATED_OR_BACKUP","\intelligence\autonomous-meta-evolution-platform-v1\evolution\processor.ts.backup-20260906-205813"
"GENERATED_OR_BACKUP","\intelligence\autonomous-meta-evolution-platform-v1\evolution\processor.ts.backup-20260907-004036"
"UNKNOWN","\intelligence\autonomous-meta-evolution-platform-v1\models\evolution.model.ts"
"GENERATED_OR_BACKUP","\intelligence\autonomous-meta-evolution-platform-v1\models\evolution.model.ts.backup-20260907-004036"
"UNKNOWN","\intelligence\autonomous-meta-evolution-platform-v1\models\meta-evolution.model.ts"
"UNKNOWN","\intelligence\autonomous-meta-evolution-platform-v1\runtime\controller.ts"
"GENERATED_OR_BACKUP","\intelligence\autonomous-meta-evolution-platform-v1\runtime\controller.ts.backup-20260906-205813"
"GENERATED_OR_BACKUP","\intelligence\autonomous-meta-evolution-platform-v1\runtime\controller.ts.backup-20260907-004036"
"UNKNOWN","\intelligence\autonomous-meta-evolution-platform-v1\types\evolution.types.ts"
"GENERATED_OR_BACKUP","\intelligence\autonomous-meta-evolution-platform-v1\types\evolution.types.ts.backup-20260907-004036"
"UNKNOWN","\intelligence\autonomous-meta-evolution-platform-v1\types\meta-evolution.types.ts"
"UNKNOWN","\intelligence\autonomous-meta-evolution-registry-v1\index.ts"
"GENERATED_OR_BACKUP","\intelligence\autonomous-meta-evolution-registry-v1\index.ts.backup-20260906-205813"
"GENERATED_OR_BACKUP","\intelligence\autonomous-meta-evolution-registry-v1\index.ts.backup-20260907-004036"
"UNKNOWN","\intelligence\autonomous-meta-evolutionary-core-v1\index.ts"
"UNKNOWN","\intelligence\autonomous-meta-evolutionary-core-v1\contracts\evolutionary.contracts.ts"
"UNKNOWN","\intelligence\autonomous-meta-evolutionary-core-v1\evolution\processor.ts"
"UNKNOWN","\intelligence\autonomous-meta-evolutionary-core-v1\models\evolutionary.model.ts"
"UNKNOWN","\intelligence\autonomous-meta-evolutionary-core-v1\runtime\controller.ts"
"UNKNOWN","\intelligence\autonomous-meta-evolutionary-core-v1\types\evolutionary.types.ts"
"UNKNOWN","\intelligence\autonomous-meta-evolutionary-platform-v1\index.ts"
"UNKNOWN","\intelligence\autonomous-meta-evolutionary-platform-v1\contracts\evolutionary.contracts.ts"
"UNKNOWN","\intelligence\autonomous-meta-evolutionary-platform-v1\evolution\processor.ts"
"UNKNOWN","\intelligence\autonomous-meta-evolutionary-platform-v1\models\evolutionary.model.ts"
"UNKNOWN","\intelligence\autonomous-meta-evolutionary-platform-v1\runtime\controller.ts"
"UNKNOWN","\intelligence\autonomous-meta-evolutionary-platform-v1\types\evolutionary.types.ts"
"UNKNOWN","\intelligence\autonomous-meta-evolutionary-registry-v1\index.ts"
"UNKNOWN","\intelligence\autonomous-meta-execution-core-v1\index.ts"
"UNKNOWN","\intelligence\autonomous-meta-execution-core-v1\contracts\execution.contracts.ts"
"UNKNOWN","\intelligence\autonomous-meta-execution-core-v1\execution\processor.ts"
"UNKNOWN","\intelligence\autonomous-meta-execution-core-v1\models\execution.model.ts"
"UNKNOWN","\intelligence\autonomous-meta-execution-core-v1\runtime\controller.ts"
"UNKNOWN","\intelligence\autonomous-meta-execution-core-v1\types\execution.types.ts"
"UNKNOWN","\intelligence\autonomous-meta-execution-platform-v1\index.ts"
"UNKNOWN","\intelligence\autonomous-meta-execution-platform-v1\contracts\execution.contracts.ts"
"UNKNOWN","\intelligence\autonomous-meta-execution-platform-v1\execution\processor.ts"
"UNKNOWN","\intelligence\autonomous-meta-execution-platform-v1\models\execution.model.ts"
"UNKNOWN","\intelligence\autonomous-meta-execution-platform-v1\runtime\controller.ts"
"UNKNOWN","\intelligence\autonomous-meta-execution-platform-v1\types\execution.types.ts"
"UNKNOWN","\intelligence\autonomous-meta-execution-registry-v1\index.ts"
"UNKNOWN","\intelligence\autonomous-meta-expansion-core-v1\index.ts"
"UNKNOWN","\intelligence\autonomous-meta-expansion-core-v1\contracts\expansion.contracts.ts"
"UNKNOWN","\intelligence\autonomous-meta-expansion-core-v1\expansion\processor.ts"
"UNKNOWN","\intelligence\autonomous-meta-expansion-core-v1\models\expansion.model.ts"
"UNKNOWN","\intelligence\autonomous-meta-expansion-core-v1\runtime\controller.ts"
"UNKNOWN","\intelligence\autonomous-meta-expansion-core-v1\types\expansion.types.ts"
"UNKNOWN","\intelligence\autonomous-meta-expansion-platform-v1\index.ts"
"UNKNOWN","\intelligence\autonomous-meta-expansion-platform-v1\contracts\expansion.contracts.ts"
"UNKNOWN","\intelligence\autonomous-meta-expansion-platform-v1\expansion\processor.ts"
"UNKNOWN","\intelligence\autonomous-meta-expansion-platform-v1\models\expansion.model.ts"
"UNKNOWN","\intelligence\autonomous-meta-expansion-platform-v1\runtime\controller.ts"
"UNKNOWN","\intelligence\autonomous-meta-expansion-platform-v1\types\expansion.types.ts"
"UNKNOWN","\intelligence\autonomous-meta-expansion-registry-v1\index.ts"
"UNKNOWN","\intelligence\autonomous-meta-governance-core-v1\index.ts"
"GENERATED_OR_BACKUP","\intelligence\autonomous-meta-governance-core-v1\index.ts.backup-20260906-205346"
"UNKNOWN","\intelligence\autonomous-meta-governance-core-v1\contracts\governance.contracts.ts"
"UNKNOWN","\intelligence\autonomous-meta-governance-core-v1\contracts\meta-governance.contracts.ts"
"UNKNOWN","\intelligence\autonomous-meta-governance-core-v1\governance\processor.ts"
"GENERATED_OR_BACKUP","\intelligence\autonomous-meta-governance-core-v1\governance\processor.ts.backup-20260906-205346"
"UNKNOWN","\intelligence\autonomous-meta-governance-core-v1\meta\processor.ts"
"UNKNOWN","\intelligence\autonomous-meta-governance-core-v1\models\governance.model.ts"
"UNKNOWN","\intelligence\autonomous-meta-governance-core-v1\models\meta-governance.model.ts"
"UNKNOWN","\intelligence\autonomous-meta-governance-core-v1\runtime\controller.ts"
"GENERATED_OR_BACKUP","\intelligence\autonomous-meta-governance-core-v1\runtime\controller.ts.backup-20260906-205346"
"UNKNOWN","\intelligence\autonomous-meta-governance-core-v1\types\governance.types.ts"
"UNKNOWN","\intelligence\autonomous-meta-governance-core-v1\types\meta-governance.types.ts"
"UNKNOWN","\intelligence\autonomous-meta-governance-platform-v1\index.ts"
"UNKNOWN","\intelligence\autonomous-meta-governance-platform-v1\contracts\governance.contracts.ts"
"UNKNOWN","\intelligence\autonomous-meta-governance-platform-v1\governance\processor.ts"
"UNKNOWN","\intelligence\autonomous-meta-governance-platform-v1\models\governance.model.ts"
"UNKNOWN","\intelligence\autonomous-meta-governance-platform-v1\runtime\controller.ts"
"UNKNOWN","\intelligence\autonomous-meta-governance-platform-v1\types\governance.types.ts"
"UNKNOWN","\intelligence\autonomous-meta-governance-registry-v1\index.ts"
"GENERATED_OR_BACKUP","\intelligence\autonomous-meta-governance-registry-v1\index.ts.backup-20260906-205346"
"UNKNOWN","\intelligence\autonomous-meta-identity-core-v1\index.ts"
"UNKNOWN","\intelligence\autonomous-meta-identity-core-v1\contracts\identity.contracts.ts"
"UNKNOWN","\intelligence\autonomous-meta-identity-core-v1\identity\processor.ts"
"UNKNOWN","\intelligence\autonomous-meta-identity-core-v1\models\identity.model.ts"
"UNKNOWN","\intelligence\autonomous-meta-identity-core-v1\runtime\controller.ts"
"UNKNOWN","\intelligence\autonomous-meta-identity-core-v1\types\identity.types.ts"
"UNKNOWN","\intelligence\autonomous-meta-identity-platform-v1\index.ts"
"UNKNOWN","\intelligence\autonomous-meta-identity-platform-v1\contracts\identity.contracts.ts"
"UNKNOWN","\intelligence\autonomous-meta-identity-platform-v1\identity\processor.ts"
"UNKNOWN","\intelligence\autonomous-meta-identity-platform-v1\models\identity.model.ts"
"UNKNOWN","\intelligence\autonomous-meta-identity-platform-v1\runtime\controller.ts"
"UNKNOWN","\intelligence\autonomous-meta-identity-platform-v1\types\identity.types.ts"
"UNKNOWN","\intelligence\autonomous-meta-identity-registry-v1\index.ts"
"UNKNOWN","\intelligence\autonomous-meta-integration-core-v1\index.ts"
"GENERATED_OR_BACKUP","\intelligence\autonomous-meta-integration-core-v1\index.ts.backup-20260907-003040"
"GENERATED_OR_BACKUP","\intelligence\autonomous-meta-integration-core-v1\index.ts.backup-20260907-003909"
"UNKNOWN","\intelligence\autonomous-meta-integration-core-v1\contracts\integration.contracts.ts"
"GENERATED_OR_BACKUP","\intelligence\autonomous-meta-integration-core-v1\contracts\integration.contracts.ts.backup-20260907-003040"
"GENERATED_OR_BACKUP","\intelligence\autonomous-meta-integration-core-v1\contracts\integration.contracts.ts.backup-20260907-003909"
"UNKNOWN","\intelligence\autonomous-meta-integration-core-v1\integration\processor.ts"
"GENERATED_OR_BACKUP","\intelligence\autonomous-meta-integration-core-v1\integration\processor.ts.backup-20260907-003040"
"GENERATED_OR_BACKUP","\intelligence\autonomous-meta-integration-core-v1\integration\processor.ts.backup-20260907-003909"
"UNKNOWN","\intelligence\autonomous-meta-integration-core-v1\models\integration.model.ts"
"GENERATED_OR_BACKUP","\intelligence\autonomous-meta-integration-core-v1\models\integration.model.ts.backup-20260907-003040"
"GENERATED_OR_BACKUP","\intelligence\autonomous-meta-integration-core-v1\models\integration.model.ts.backup-20260907-003909"
"UNKNOWN","\intelligence\autonomous-meta-integration-core-v1\runtime\controller.ts"
"GENERATED_OR_BACKUP","\intelligence\autonomous-meta-integration-core-v1\runtime\controller.ts.backup-20260907-003040"
"GENERATED_OR_BACKUP","\intelligence\autonomous-meta-integration-core-v1\runtime\controller.ts.backup-20260907-003909"
"UNKNOWN","\intelligence\autonomous-meta-integration-core-v1\types\integration.types.ts"
"GENERATED_OR_BACKUP","\intelligence\autonomous-meta-integration-core-v1\types\integration.types.ts.backup-20260907-003040"
"GENERATED_OR_BACKUP","\intelligence\autonomous-meta-integration-core-v1\types\integration.types.ts.backup-20260907-003909"
"UNKNOWN","\intelligence\autonomous-meta-integration-platform-v1\index.ts"
"GENERATED_OR_BACKUP","\intelligence\autonomous-meta-integration-platform-v1\index.ts.backup-20260907-003909"
"UNKNOWN","\intelligence\autonomous-meta-integration-platform-v1\contracts\integration.contracts.ts"
"GENERATED_OR_BACKUP","\intelligence\autonomous-meta-integration-platform-v1\contracts\integration.contracts.ts.backup-20260907-003909"
"UNKNOWN","\intelligence\autonomous-meta-integration-platform-v1\integration\processor.ts"
"GENERATED_OR_BACKUP","\intelligence\autonomous-meta-integration-platform-v1\integration\processor.ts.backup-20260907-003909"
"UNKNOWN","\intelligence\autonomous-meta-integration-platform-v1\models\integration.model.ts"
"GENERATED_OR_BACKUP","\intelligence\autonomous-meta-integration-platform-v1\models\integration.model.ts.backup-20260907-003909"
"UNKNOWN","\intelligence\autonomous-meta-integration-platform-v1\runtime\controller.ts"
"GENERATED_OR_BACKUP","\intelligence\autonomous-meta-integration-platform-v1\runtime\controller.ts.backup-20260907-003909"
"UNKNOWN","\intelligence\autonomous-meta-integration-platform-v1\types\integration.types.ts"
"GENERATED_OR_BACKUP","\intelligence\autonomous-meta-integration-platform-v1\types\integration.types.ts.backup-20260907-003909"
"UNKNOWN","\intelligence\autonomous-meta-integration-registry-v1\index.ts"
"GENERATED_OR_BACKUP","\intelligence\autonomous-meta-integration-registry-v1\index.ts.backup-20260907-003047"
"GENERATED_OR_BACKUP","\intelligence\autonomous-meta-integration-registry-v1\index.ts.backup-20260907-003909"
"UNKNOWN","\intelligence\autonomous-meta-knowledge-core-v1\index.ts"
"GENERATED_OR_BACKUP","\intelligence\autonomous-meta-knowledge-core-v1\index.ts.backup-20260907-003505"
"UNKNOWN","\intelligence\autonomous-meta-knowledge-core-v1\contracts\knowledge.contracts.ts"
"GENERATED_OR_BACKUP","\intelligence\autonomous-meta-knowledge-core-v1\contracts\knowledge.contracts.ts.backup-20260907-003504"
"UNKNOWN","\intelligence\autonomous-meta-knowledge-core-v1\knowledge\processor.ts"
"GENERATED_OR_BACKUP","\intelligence\autonomous-meta-knowledge-core-v1\knowledge\processor.ts.backup-20260907-003504"
"UNKNOWN","\intelligence\autonomous-meta-knowledge-core-v1\models\knowledge.model.ts"
"GENERATED_OR_BACKUP","\intelligence\autonomous-meta-knowledge-core-v1\models\knowledge.model.ts.backup-20260907-003504"
"UNKNOWN","\intelligence\autonomous-meta-knowledge-core-v1\runtime\controller.ts"
"GENERATED_OR_BACKUP","\intelligence\autonomous-meta-knowledge-core-v1\runtime\controller.ts.backup-20260907-003504"
"UNKNOWN","\intelligence\autonomous-meta-knowledge-core-v1\types\knowledge.types.ts"
"GENERATED_OR_BACKUP","\intelligence\autonomous-meta-knowledge-core-v1\types\knowledge.types.ts.backup-20260907-003504"
"UNKNOWN","\intelligence\autonomous-meta-knowledge-platform-v1\index.ts"
"GENERATED_OR_BACKUP","\intelligence\autonomous-meta-knowledge-platform-v1\index.ts.backup-20260907-003505"
"UNKNOWN","\intelligence\autonomous-meta-knowledge-platform-v1\contracts\knowledge.contracts.ts"
"GENERATED_OR_BACKUP","\intelligence\autonomous-meta-knowledge-platform-v1\contracts\knowledge.contracts.ts.backup-20260907-003504"
"UNKNOWN","\intelligence\autonomous-meta-knowledge-platform-v1\knowledge\processor.ts"
"GENERATED_OR_BACKUP","\intelligence\autonomous-meta-knowledge-platform-v1\knowledge\processor.ts.backup-20260907-003504"
"UNKNOWN","\intelligence\autonomous-meta-knowledge-platform-v1\models\knowledge.model.ts"
"GENERATED_OR_BACKUP","\intelligence\autonomous-meta-knowledge-platform-v1\models\knowledge.model.ts.backup-20260907-003504"
"UNKNOWN","\intelligence\autonomous-meta-knowledge-platform-v1\runtime\controller.ts"
"GENERATED_OR_BACKUP","\intelligence\autonomous-meta-knowledge-platform-v1\runtime\controller.ts.backup-20260907-003504"
"UNKNOWN","\intelligence\autonomous-meta-knowledge-platform-v1\types\knowledge.types.ts"
"GENERATED_OR_BACKUP","\intelligence\autonomous-meta-knowledge-platform-v1\types\knowledge.types.ts.backup-20260907-003504"
"UNKNOWN","\intelligence\autonomous-meta-knowledge-registry-v1\index.ts"
"GENERATED_OR_BACKUP","\intelligence\autonomous-meta-knowledge-registry-v1\index.ts.backup-20260907-003505"
"UNKNOWN","\intelligence\autonomous-meta-learning-core-v1\index.ts"
"GENERATED_OR_BACKUP","\intelligence\autonomous-meta-learning-core-v1\index.ts.backup-20260907-003417"
"UNKNOWN","\intelligence\autonomous-meta-learning-core-v1\contracts\learning.contracts.ts"
"GENERATED_OR_BACKUP","\intelligence\autonomous-meta-learning-core-v1\contracts\learning.contracts.ts.backup-20260907-003417"
"UNKNOWN","\intelligence\autonomous-meta-learning-core-v1\contracts\meta-learning.contracts.ts"
"UNKNOWN","\intelligence\autonomous-meta-learning-core-v1\learning\processor.ts"
"GENERATED_OR_BACKUP","\intelligence\autonomous-meta-learning-core-v1\learning\processor.ts.backup-20260907-003417"
"UNKNOWN","\intelligence\autonomous-meta-learning-core-v1\models\learning.model.ts"
"GENERATED_OR_BACKUP","\intelligence\autonomous-meta-learning-core-v1\models\learning.model.ts.backup-20260907-003417"
"UNKNOWN","\intelligence\autonomous-meta-learning-core-v1\models\meta-learning.model.ts"
"UNKNOWN","\intelligence\autonomous-meta-learning-core-v1\runtime\controller.ts"
"GENERATED_OR_BACKUP","\intelligence\autonomous-meta-learning-core-v1\runtime\controller.ts.backup-20260907-003417"
"UNKNOWN","\intelligence\autonomous-meta-learning-core-v1\types\learning.types.ts"
"GENERATED_OR_BACKUP","\intelligence\autonomous-meta-learning-core-v1\types\learning.types.ts.backup-20260907-003417"
"UNKNOWN","\intelligence\autonomous-meta-learning-core-v1\types\meta-learning.types.ts"
"UNKNOWN","\intelligence\autonomous-meta-learning-platform-v1\index.ts"
"GENERATED_OR_BACKUP","\intelligence\autonomous-meta-learning-platform-v1\index.ts.backup-20260907-003417"
"UNKNOWN","\intelligence\autonomous-meta-learning-platform-v1\contracts\learning.contracts.ts"
"GENERATED_OR_BACKUP","\intelligence\autonomous-meta-learning-platform-v1\contracts\learning.contracts.ts.backup-20260907-003417"
"UNKNOWN","\intelligence\autonomous-meta-learning-platform-v1\contracts\meta-learning.contracts.ts"
"UNKNOWN","\intelligence\autonomous-meta-learning-platform-v1\learning\processor.ts"
"GENERATED_OR_BACKUP","\intelligence\autonomous-meta-learning-platform-v1\learning\processor.ts.backup-20260907-003417"
"UNKNOWN","\intelligence\autonomous-meta-learning-platform-v1\models\learning.model.ts"
"GENERATED_OR_BACKUP","\intelligence\autonomous-meta-learning-platform-v1\models\learning.model.ts.backup-20260907-003417"
"UNKNOWN","\intelligence\autonomous-meta-learning-platform-v1\models\meta-learning.model.ts"
"UNKNOWN","\intelligence\autonomous-meta-learning-platform-v1\runtime\controller.ts"
"GENERATED_OR_BACKUP","\intelligence\autonomous-meta-learning-platform-v1\runtime\controller.ts.backup-20260907-003417"
"UNKNOWN","\intelligence\autonomous-meta-learning-platform-v1\types\learning.types.ts"
"GENERATED_OR_BACKUP","\intelligence\autonomous-meta-learning-platform-v1\types\learning.types.ts.backup-20260907-003417"
"UNKNOWN","\intelligence\autonomous-meta-learning-platform-v1\types\meta-learning.types.ts"
"UNKNOWN","\intelligence\autonomous-meta-learning-registry-v1\index.ts"
"GENERATED_OR_BACKUP","\intelligence\autonomous-meta-learning-registry-v1\index.ts.backup-20260907-003417"
"UNKNOWN","\intelligence\autonomous-meta-memory-core-v1\index.ts"
"UNKNOWN","\intelligence\autonomous-meta-memory-core-v1\contracts\memory.contracts.ts"
"UNKNOWN","\intelligence\autonomous-meta-memory-core-v1\memory\processor.ts"
"UNKNOWN","\intelligence\autonomous-meta-memory-core-v1\models\memory.model.ts"
"UNKNOWN","\intelligence\autonomous-meta-memory-core-v1\runtime\controller.ts"
"UNKNOWN","\intelligence\autonomous-meta-memory-core-v1\types\memory.types.ts"
"UNKNOWN","\intelligence\autonomous-meta-memory-platform-v1\index.ts"
"UNKNOWN","\intelligence\autonomous-meta-memory-platform-v1\contracts\memory.contracts.ts"
"UNKNOWN","\intelligence\autonomous-meta-memory-platform-v1\memory\processor.ts"
"UNKNOWN","\intelligence\autonomous-meta-memory-platform-v1\models\memory.model.ts"
"UNKNOWN","\intelligence\autonomous-meta-memory-platform-v1\runtime\controller.ts"
"UNKNOWN","\intelligence\autonomous-meta-memory-platform-v1\types\memory.types.ts"
"UNKNOWN","\intelligence\autonomous-meta-memory-registry-v1\index.ts"
"UNKNOWN","\intelligence\autonomous-meta-network-core-v1\index.ts"
"UNKNOWN","\intelligence\autonomous-meta-network-core-v1\contracts\network.contracts.ts"
"UNKNOWN","\intelligence\autonomous-meta-network-core-v1\models\network.model.ts"
"UNKNOWN","\intelligence\autonomous-meta-network-core-v1\network\processor.ts"
"UNKNOWN","\intelligence\autonomous-meta-network-core-v1\runtime\controller.ts"
"UNKNOWN","\intelligence\autonomous-meta-network-core-v1\types\network.types.ts"
"UNKNOWN","\intelligence\autonomous-meta-network-platform-v1\index.ts"
"UNKNOWN","\intelligence\autonomous-meta-network-platform-v1\contracts\network.contracts.ts"
"UNKNOWN","\intelligence\autonomous-meta-network-platform-v1\models\network.model.ts"
"UNKNOWN","\intelligence\autonomous-meta-network-platform-v1\network\processor.ts"
"UNKNOWN","\intelligence\autonomous-meta-network-platform-v1\runtime\controller.ts"
"UNKNOWN","\intelligence\autonomous-meta-network-platform-v1\types\network.types.ts"
"UNKNOWN","\intelligence\autonomous-meta-network-registry-v1\index.ts"
"UNKNOWN","\intelligence\autonomous-meta-optimization-core-v1\index.ts"
"GENERATED_OR_BACKUP","\intelligence\autonomous-meta-optimization-core-v1\index.ts.backup-20260907-004207"
"UNKNOWN","\intelligence\autonomous-meta-optimization-core-v1\contracts\optimization.contracts.ts"
"GENERATED_OR_BACKUP","\intelligence\autonomous-meta-optimization-core-v1\contracts\optimization.contracts.ts.backup-20260907-004206"
"UNKNOWN","\intelligence\autonomous-meta-optimization-core-v1\models\optimization.model.ts"
"GENERATED_OR_BACKUP","\intelligence\autonomous-meta-optimization-core-v1\models\optimization.model.ts.backup-20260907-004207"
"UNKNOWN","\intelligence\autonomous-meta-optimization-core-v1\optimization\processor.ts"
"GENERATED_OR_BACKUP","\intelligence\autonomous-meta-optimization-core-v1\optimization\processor.ts.backup-20260907-004207"
"UNKNOWN","\intelligence\autonomous-meta-optimization-core-v1\runtime\controller.ts"
"GENERATED_OR_BACKUP","\intelligence\autonomous-meta-optimization-core-v1\runtime\controller.ts.backup-20260907-004207"
"UNKNOWN","\intelligence\autonomous-meta-optimization-core-v1\types\optimization.types.ts"
"GENERATED_OR_BACKUP","\intelligence\autonomous-meta-optimization-core-v1\types\optimization.types.ts.backup-20260907-004207"
"UNKNOWN","\intelligence\autonomous-meta-optimization-platform-v1\index.ts"
"UNKNOWN","\intelligence\autonomous-meta-optimization-platform-v1\contracts\optimization.contracts.ts"
"UNKNOWN","\intelligence\autonomous-meta-optimization-platform-v1\models\optimization.model.ts"
"UNKNOWN","\intelligence\autonomous-meta-optimization-platform-v1\optimization\processor.ts"
"UNKNOWN","\intelligence\autonomous-meta-optimization-platform-v1\runtime\controller.ts"
"UNKNOWN","\intelligence\autonomous-meta-optimization-platform-v1\types\optimization.types.ts"
"UNKNOWN","\intelligence\autonomous-meta-optimization-registry-v1\index.ts"
"GENERATED_OR_BACKUP","\intelligence\autonomous-meta-optimization-registry-v1\index.ts.backup-20260907-004207"
"UNKNOWN","\intelligence\autonomous-meta-orchestration-core-v1\index.ts"
"GENERATED_OR_BACKUP","\intelligence\autonomous-meta-orchestration-core-v1\index.ts.backup-20260907-003953"
"UNKNOWN","\intelligence\autonomous-meta-orchestration-core-v1\contracts\meta.contracts.ts"
"UNKNOWN","\intelligence\autonomous-meta-orchestration-core-v1\contracts\orchestration.contracts.ts"
"GENERATED_OR_BACKUP","\intelligence\autonomous-meta-orchestration-core-v1\contracts\orchestration.contracts.ts.backup-20260907-003953"
"UNKNOWN","\intelligence\autonomous-meta-orchestration-core-v1\models\meta.model.ts"
"UNKNOWN","\intelligence\autonomous-meta-orchestration-core-v1\models\orchestration.model.ts"
"GENERATED_OR_BACKUP","\intelligence\autonomous-meta-orchestration-core-v1\models\orchestration.model.ts.backup-20260907-003953"
"UNKNOWN","\intelligence\autonomous-meta-orchestration-core-v1\orchestration\processor.ts"
"GENERATED_OR_BACKUP","\intelligence\autonomous-meta-orchestration-core-v1\orchestration\processor.ts.backup-20260907-003953"
"UNKNOWN","\intelligence\autonomous-meta-orchestration-core-v1\runtime\controller.ts"
"GENERATED_OR_BACKUP","\intelligence\autonomous-meta-orchestration-core-v1\runtime\controller.ts.backup-20260907-003953"
"UNKNOWN","\intelligence\autonomous-meta-orchestration-core-v1\types\meta.types.ts"
"UNKNOWN","\intelligence\autonomous-meta-orchestration-core-v1\types\orchestration.types.ts"
"GENERATED_OR_BACKUP","\intelligence\autonomous-meta-orchestration-core-v1\types\orchestration.types.ts.backup-20260907-003953"
"UNKNOWN","\intelligence\autonomous-meta-orchestration-platform-v1\index.ts"
"UNKNOWN","\intelligence\autonomous-meta-orchestration-platform-v1\contracts\orchestration.contracts.ts"
"UNKNOWN","\intelligence\autonomous-meta-orchestration-platform-v1\models\orchestration.model.ts"
"UNKNOWN","\intelligence\autonomous-meta-orchestration-platform-v1\orchestration\processor.ts"
"UNKNOWN","\intelligence\autonomous-meta-orchestration-platform-v1\runtime\controller.ts"
"UNKNOWN","\intelligence\autonomous-meta-orchestration-platform-v1\types\orchestration.types.ts"
"UNKNOWN","\intelligence\autonomous-meta-orchestration-registry-v1\index.ts"
"GENERATED_OR_BACKUP","\intelligence\autonomous-meta-orchestration-registry-v1\index.ts.backup-20260907-003954"
"UNKNOWN","\intelligence\autonomous-meta-platform-v1\index.ts"
"UNKNOWN","\intelligence\autonomous-meta-platform-v1\contracts\meta-governance.contracts.ts"
"UNKNOWN","\intelligence\autonomous-meta-platform-v1\governance\processor.ts"
"UNKNOWN","\intelligence\autonomous-meta-platform-v1\models\meta-governance.model.ts"
"UNKNOWN","\intelligence\autonomous-meta-platform-v1\runtime\controller.ts"
"UNKNOWN","\intelligence\autonomous-meta-platform-v1\types\meta-governance.types.ts"
"UNKNOWN","\intelligence\autonomous-meta-policy-core-v1\index.ts"
"UNKNOWN","\intelligence\autonomous-meta-policy-core-v1\contracts\policy.contracts.ts"
"UNKNOWN","\intelligence\autonomous-meta-policy-core-v1\models\policy.model.ts"
"UNKNOWN","\intelligence\autonomous-meta-policy-core-v1\policy\processor.ts"
"UNKNOWN","\intelligence\autonomous-meta-policy-core-v1\runtime\controller.ts"
"UNKNOWN","\intelligence\autonomous-meta-policy-core-v1\types\policy.types.ts"
"UNKNOWN","\intelligence\autonomous-meta-policy-platform-v1\index.ts"
"UNKNOWN","\intelligence\autonomous-meta-policy-platform-v1\contracts\policy.contracts.ts"
"UNKNOWN","\intelligence\autonomous-meta-policy-platform-v1\models\policy.model.ts"
"UNKNOWN","\intelligence\autonomous-meta-policy-platform-v1\policy\processor.ts"
"UNKNOWN","\intelligence\autonomous-meta-policy-platform-v1\runtime\controller.ts"
"UNKNOWN","\intelligence\autonomous-meta-policy-platform-v1\types\policy.types.ts"
"UNKNOWN","\intelligence\autonomous-meta-policy-registry-v1\index.ts"
"UNKNOWN","\intelligence\autonomous-meta-protocol-core-v1\index.ts"
"UNKNOWN","\intelligence\autonomous-meta-protocol-core-v1\contracts\protocol.contracts.ts"
"UNKNOWN","\intelligence\autonomous-meta-protocol-core-v1\models\protocol.model.ts"
"UNKNOWN","\intelligence\autonomous-meta-protocol-core-v1\protocol\processor.ts"
"UNKNOWN","\intelligence\autonomous-meta-protocol-core-v1\runtime\controller.ts"
"UNKNOWN","\intelligence\autonomous-meta-protocol-core-v1\types\protocol.types.ts"
"UNKNOWN","\intelligence\autonomous-meta-protocol-platform-v1\index.ts"
"UNKNOWN","\intelligence\autonomous-meta-protocol-platform-v1\contracts\protocol.contracts.ts"
"UNKNOWN","\intelligence\autonomous-meta-protocol-platform-v1\models\protocol.model.ts"
"UNKNOWN","\intelligence\autonomous-meta-protocol-platform-v1\protocol\processor.ts"
"UNKNOWN","\intelligence\autonomous-meta-protocol-platform-v1\runtime\controller.ts"
"UNKNOWN","\intelligence\autonomous-meta-protocol-platform-v1\types\protocol.types.ts"
"UNKNOWN","\intelligence\autonomous-meta-protocol-registry-v1\index.ts"
"UNKNOWN","\intelligence\autonomous-meta-reasoning-core-v1\index.ts"
"GENERATED_OR_BACKUP","\intelligence\autonomous-meta-reasoning-core-v1\index.ts.backup-20260907-003241"
"UNKNOWN","\intelligence\autonomous-meta-reasoning-core-v1\contracts\meta-reasoning.contracts.ts"
"UNKNOWN","\intelligence\autonomous-meta-reasoning-core-v1\contracts\meta.contracts.ts"
"UNKNOWN","\intelligence\autonomous-meta-reasoning-core-v1\contracts\reasoning.contracts.ts"
"GENERATED_OR_BACKUP","\intelligence\autonomous-meta-reasoning-core-v1\contracts\reasoning.contracts.ts.backup-20260907-003241"
"UNKNOWN","\intelligence\autonomous-meta-reasoning-core-v1\models\meta-reasoning.model.ts"
"UNKNOWN","\intelligence\autonomous-meta-reasoning-core-v1\models\meta.model.ts"
"UNKNOWN","\intelligence\autonomous-meta-reasoning-core-v1\models\reasoning.model.ts"
"GENERATED_OR_BACKUP","\intelligence\autonomous-meta-reasoning-core-v1\models\reasoning.model.ts.backup-20260907-003241"
"UNKNOWN","\intelligence\autonomous-meta-reasoning-core-v1\reasoning\processor.ts"
"GENERATED_OR_BACKUP","\intelligence\autonomous-meta-reasoning-core-v1\reasoning\processor.ts.backup-20260907-003241"
"UNKNOWN","\intelligence\autonomous-meta-reasoning-core-v1\runtime\controller.ts"
"GENERATED_OR_BACKUP","\intelligence\autonomous-meta-reasoning-core-v1\runtime\controller.ts.backup-20260907-003241"
"UNKNOWN","\intelligence\autonomous-meta-reasoning-core-v1\types\meta-reasoning.types.ts"
"UNKNOWN","\intelligence\autonomous-meta-reasoning-core-v1\types\meta.types.ts"
"UNKNOWN","\intelligence\autonomous-meta-reasoning-core-v1\types\reasoning.types.ts"
"GENERATED_OR_BACKUP","\intelligence\autonomous-meta-reasoning-core-v1\types\reasoning.types.ts.backup-20260907-003241"
"UNKNOWN","\intelligence\autonomous-meta-reasoning-platform-v1\index.ts"
"GENERATED_OR_BACKUP","\intelligence\autonomous-meta-reasoning-platform-v1\index.ts.backup-20260907-003241"
"UNKNOWN","\intelligence\autonomous-meta-reasoning-platform-v1\contracts\meta-reasoning.contracts.ts"
"UNKNOWN","\intelligence\autonomous-meta-reasoning-platform-v1\contracts\reasoning.contracts.ts"
"GENERATED_OR_BACKUP","\intelligence\autonomous-meta-reasoning-platform-v1\contracts\reasoning.contracts.ts.backup-20260907-003241"
"UNKNOWN","\intelligence\autonomous-meta-reasoning-platform-v1\models\meta-reasoning.model.ts"
"UNKNOWN","\intelligence\autonomous-meta-reasoning-platform-v1\models\reasoning.model.ts"
"GENERATED_OR_BACKUP","\intelligence\autonomous-meta-reasoning-platform-v1\models\reasoning.model.ts.backup-20260907-003241"
"UNKNOWN","\intelligence\autonomous-meta-reasoning-platform-v1\reasoning\processor.ts"
"GENERATED_OR_BACKUP","\intelligence\autonomous-meta-reasoning-platform-v1\reasoning\processor.ts.backup-20260907-003241"
"UNKNOWN","\intelligence\autonomous-meta-reasoning-platform-v1\runtime\controller.ts"
"GENERATED_OR_BACKUP","\intelligence\autonomous-meta-reasoning-platform-v1\runtime\controller.ts.backup-20260907-003241"
"UNKNOWN","\intelligence\autonomous-meta-reasoning-platform-v1\types\meta-reasoning.types.ts"
"UNKNOWN","\intelligence\autonomous-meta-reasoning-platform-v1\types\reasoning.types.ts"
"GENERATED_OR_BACKUP","\intelligence\autonomous-meta-reasoning-platform-v1\types\reasoning.types.ts.backup-20260907-003241"
"UNKNOWN","\intelligence\autonomous-meta-reasoning-registry-v1\index.ts"
"GENERATED_OR_BACKUP","\intelligence\autonomous-meta-reasoning-registry-v1\index.ts.backup-20260907-003241"
"UNKNOWN","\intelligence\autonomous-meta-reflection-core-v1\index.ts"
"UNKNOWN","\intelligence\autonomous-meta-reflection-core-v1\contracts\reflection.contracts.ts"
"UNKNOWN","\intelligence\autonomous-meta-reflection-core-v1\models\reflection.model.ts"
"UNKNOWN","\intelligence\autonomous-meta-reflection-core-v1\reflection\processor.ts"
"UNKNOWN","\intelligence\autonomous-meta-reflection-core-v1\runtime\controller.ts"
"UNKNOWN","\intelligence\autonomous-meta-reflection-core-v1\types\reflection.types.ts"
"UNKNOWN","\intelligence\autonomous-meta-reflection-platform-v1\index.ts"
"UNKNOWN","\intelligence\autonomous-meta-reflection-platform-v1\contracts\reflection.contracts.ts"
"UNKNOWN","\intelligence\autonomous-meta-reflection-platform-v1\models\reflection.model.ts"
"UNKNOWN","\intelligence\autonomous-meta-reflection-platform-v1\reflection\processor.ts"
"UNKNOWN","\intelligence\autonomous-meta-reflection-platform-v1\runtime\controller.ts"
"UNKNOWN","\intelligence\autonomous-meta-reflection-platform-v1\types\reflection.types.ts"
"UNKNOWN","\intelligence\autonomous-meta-reflection-registry-v1\index.ts"
"UNKNOWN","\intelligence\autonomous-meta-resilience-core-v1\index.ts"
"UNKNOWN","\intelligence\autonomous-meta-resilience-core-v1\contracts\resilience.contracts.ts"
"UNKNOWN","\intelligence\autonomous-meta-resilience-core-v1\models\resilience.model.ts"
"UNKNOWN","\intelligence\autonomous-meta-resilience-core-v1\resilience\processor.ts"
"UNKNOWN","\intelligence\autonomous-meta-resilience-core-v1\runtime\controller.ts"
"UNKNOWN","\intelligence\autonomous-meta-resilience-core-v1\types\resilience.types.ts"
"UNKNOWN","\intelligence\autonomous-meta-resilience-platform-v1\index.ts"
"UNKNOWN","\intelligence\autonomous-meta-resilience-platform-v1\contracts\resilience.contracts.ts"
"UNKNOWN","\intelligence\autonomous-meta-resilience-platform-v1\models\resilience.model.ts"
"UNKNOWN","\intelligence\autonomous-meta-resilience-platform-v1\resilience\processor.ts"
"UNKNOWN","\intelligence\autonomous-meta-resilience-platform-v1\runtime\controller.ts"
"UNKNOWN","\intelligence\autonomous-meta-resilience-platform-v1\types\resilience.types.ts"
"UNKNOWN","\intelligence\autonomous-meta-resilience-registry-v1\index.ts"
"UNKNOWN","\intelligence\autonomous-meta-simulation-core-v1\index.ts"
"UNKNOWN","\intelligence\autonomous-meta-simulation-core-v1\contracts\simulation.contracts.ts"
"UNKNOWN","\intelligence\autonomous-meta-simulation-core-v1\models\simulation.model.ts"
"UNKNOWN","\intelligence\autonomous-meta-simulation-core-v1\runtime\controller.ts"
"UNKNOWN","\intelligence\autonomous-meta-simulation-core-v1\simulation\processor.ts"
"UNKNOWN","\intelligence\autonomous-meta-simulation-core-v1\types\simulation.types.ts"
"UNKNOWN","\intelligence\autonomous-meta-simulation-platform-v1\index.ts"
"UNKNOWN","\intelligence\autonomous-meta-simulation-platform-v1\contracts\simulation.contracts.ts"
"UNKNOWN","\intelligence\autonomous-meta-simulation-platform-v1\models\simulation.model.ts"
"UNKNOWN","\intelligence\autonomous-meta-simulation-platform-v1\runtime\controller.ts"
"UNKNOWN","\intelligence\autonomous-meta-simulation-platform-v1\simulation\processor.ts"
"UNKNOWN","\intelligence\autonomous-meta-simulation-platform-v1\types\simulation.types.ts"
"UNKNOWN","\intelligence\autonomous-meta-simulation-registry-v1\index.ts"
"UNKNOWN","\intelligence\autonomous-meta-sovereignty-core-v1\index.ts"
"UNKNOWN","\intelligence\autonomous-meta-sovereignty-core-v1\contracts\sovereignty.contracts.ts"
"UNKNOWN","\intelligence\autonomous-meta-sovereignty-core-v1\models\sovereignty.model.ts"
"UNKNOWN","\intelligence\autonomous-meta-sovereignty-core-v1\runtime\controller.ts"
"UNKNOWN","\intelligence\autonomous-meta-sovereignty-core-v1\sovereignty\processor.ts"
"UNKNOWN","\intelligence\autonomous-meta-sovereignty-core-v1\types\sovereignty.types.ts"
"UNKNOWN","\intelligence\autonomous-meta-sovereignty-platform-v1\index.ts"
"UNKNOWN","\intelligence\autonomous-meta-sovereignty-platform-v1\contracts\sovereignty.contracts.ts"
"UNKNOWN","\intelligence\autonomous-meta-sovereignty-platform-v1\models\sovereignty.model.ts"
"UNKNOWN","\intelligence\autonomous-meta-sovereignty-platform-v1\runtime\controller.ts"
"UNKNOWN","\intelligence\autonomous-meta-sovereignty-platform-v1\sovereignty\processor.ts"
"UNKNOWN","\intelligence\autonomous-meta-sovereignty-platform-v1\types\sovereignty.types.ts"
"UNKNOWN","\intelligence\autonomous-meta-sovereignty-registry-v1\index.ts"
"UNKNOWN","\intelligence\autonomous-meta-strategy-core-v1\index.ts"
"UNKNOWN","\intelligence\autonomous-meta-strategy-core-v1\contracts\strategy.contracts.ts"
"UNKNOWN","\intelligence\autonomous-meta-strategy-core-v1\models\strategy.model.ts"
"UNKNOWN","\intelligence\autonomous-meta-strategy-core-v1\runtime\controller.ts"
"UNKNOWN","\intelligence\autonomous-meta-strategy-core-v1\strategy\processor.ts"
"UNKNOWN","\intelligence\autonomous-meta-strategy-core-v1\types\strategy.types.ts"
"UNKNOWN","\intelligence\autonomous-meta-strategy-platform-v1\index.ts"
"UNKNOWN","\intelligence\autonomous-meta-strategy-platform-v1\contracts\strategy.contracts.ts"
"UNKNOWN","\intelligence\autonomous-meta-strategy-platform-v1\models\strategy.model.ts"
"UNKNOWN","\intelligence\autonomous-meta-strategy-platform-v1\runtime\controller.ts"
"UNKNOWN","\intelligence\autonomous-meta-strategy-platform-v1\strategy\processor.ts"
"UNKNOWN","\intelligence\autonomous-meta-strategy-platform-v1\types\strategy.types.ts"
"UNKNOWN","\intelligence\autonomous-meta-strategy-registry-v1\index.ts"
"UNKNOWN","\intelligence\autonomous-meta-synchronization-core-v1\index.ts"
"UNKNOWN","\intelligence\autonomous-meta-synchronization-core-v1\contracts\synchronization.contracts.ts"
"UNKNOWN","\intelligence\autonomous-meta-synchronization-core-v1\models\synchronization.model.ts"
"UNKNOWN","\intelligence\autonomous-meta-synchronization-core-v1\runtime\controller.ts"
"UNKNOWN","\intelligence\autonomous-meta-synchronization-core-v1\synchronization\processor.ts"
"UNKNOWN","\intelligence\autonomous-meta-synchronization-core-v1\types\synchronization.types.ts"
"UNKNOWN","\intelligence\autonomous-meta-synchronization-registry-v1\index.ts"
"UNKNOWN","\intelligence\autonomous-meta-synthesis-core-v1\index.ts"
"UNKNOWN","\intelligence\autonomous-meta-synthesis-core-v1\contracts\synthesis.contracts.ts"
"UNKNOWN","\intelligence\autonomous-meta-synthesis-core-v1\models\synthesis.model.ts"
"UNKNOWN","\intelligence\autonomous-meta-synthesis-core-v1\runtime\controller.ts"
"UNKNOWN","\intelligence\autonomous-meta-synthesis-core-v1\synthesis\processor.ts"
"UNKNOWN","\intelligence\autonomous-meta-synthesis-core-v1\types\synthesis.types.ts"
"UNKNOWN","\intelligence\autonomous-meta-synthesis-platform-v1\index.ts"
"UNKNOWN","\intelligence\autonomous-meta-synthesis-platform-v1\contracts\synthesis.contracts.ts"
"UNKNOWN","\intelligence\autonomous-meta-synthesis-platform-v1\models\synthesis.model.ts"
"UNKNOWN","\intelligence\autonomous-meta-synthesis-platform-v1\runtime\controller.ts"
"UNKNOWN","\intelligence\autonomous-meta-synthesis-platform-v1\synthesis\processor.ts"
"UNKNOWN","\intelligence\autonomous-meta-synthesis-platform-v1\types\synthesis.types.ts"
"UNKNOWN","\intelligence\autonomous-meta-synthesis-registry-v1\index.ts"
"UNKNOWN","\intelligence\autonomous-meta-transformation-core-v1\index.ts"
"UNKNOWN","\intelligence\autonomous-meta-transformation-core-v1\contracts\transformation.contracts.ts"
"UNKNOWN","\intelligence\autonomous-meta-transformation-core-v1\models\transformation.model.ts"
"UNKNOWN","\intelligence\autonomous-meta-transformation-core-v1\runtime\controller.ts"
"UNKNOWN","\intelligence\autonomous-meta-transformation-core-v1\transformation\processor.ts"
"UNKNOWN","\intelligence\autonomous-meta-transformation-core-v1\types\transformation.types.ts"
"UNKNOWN","\intelligence\autonomous-meta-transformation-platform-v1\index.ts"
"UNKNOWN","\intelligence\autonomous-meta-transformation-platform-v1\contracts\transformation.contracts.ts"
"UNKNOWN","\intelligence\autonomous-meta-transformation-platform-v1\models\transformation.model.ts"
"UNKNOWN","\intelligence\autonomous-meta-transformation-platform-v1\runtime\controller.ts"
"UNKNOWN","\intelligence\autonomous-meta-transformation-platform-v1\transformation\processor.ts"
"UNKNOWN","\intelligence\autonomous-meta-transformation-platform-v1\types\transformation.types.ts"
"UNKNOWN","\intelligence\autonomous-meta-transformation-registry-v1\index.ts"
"UNKNOWN","\intelligence\autonomous-meta-validation-core-v1\index.ts"
"UNKNOWN","\intelligence\autonomous-meta-validation-core-v1\contracts\validation.contracts.ts"
"UNKNOWN","\intelligence\autonomous-meta-validation-core-v1\models\validation.model.ts"
"UNKNOWN","\intelligence\autonomous-meta-validation-core-v1\runtime\controller.ts"
"UNKNOWN","\intelligence\autonomous-meta-validation-core-v1\types\validation.types.ts"
"UNKNOWN","\intelligence\autonomous-meta-validation-core-v1\validation\processor.ts"
"UNKNOWN","\intelligence\autonomous-meta-validation-registry-v1\index.ts"
"UNKNOWN","\intelligence\autonomous-monitoring-engine-v1\index.ts"
"UNKNOWN","\intelligence\autonomous-monitoring-engine-v1\awareness\processor.ts"
"UNKNOWN","\intelligence\autonomous-monitoring-engine-v1\contracts\awareness.contracts.ts"
"UNKNOWN","\intelligence\autonomous-monitoring-engine-v1\models\awareness.model.ts"
"UNKNOWN","\intelligence\autonomous-monitoring-engine-v1\runtime\controller.ts"
"UNKNOWN","\intelligence\autonomous-monitoring-engine-v1\types\awareness.types.ts"
"UNKNOWN","\intelligence\autonomous-operational-control-core-v1\index.ts"
"UNKNOWN","\intelligence\autonomous-operational-control-core-v1\contracts\control.contracts.ts"
"UNKNOWN","\intelligence\autonomous-operational-control-core-v1\control\processor.ts"
"UNKNOWN","\intelligence\autonomous-operational-control-core-v1\models\control.model.ts"
"UNKNOWN","\intelligence\autonomous-operational-control-core-v1\runtime\controller.ts"
"UNKNOWN","\intelligence\autonomous-operational-control-core-v1\types\control.types.ts"
"UNKNOWN","\intelligence\autonomous-optimization-platform-v1\index.ts"
"UNKNOWN","\intelligence\autonomous-optimization-platform-v1\contracts\optimization.contracts.ts"
"UNKNOWN","\intelligence\autonomous-optimization-platform-v1\models\optimization.model.ts"
"UNKNOWN","\intelligence\autonomous-optimization-platform-v1\optimization\processor.ts"
"UNKNOWN","\intelligence\autonomous-optimization-platform-v1\runtime\controller.ts"
"UNKNOWN","\intelligence\autonomous-optimization-platform-v1\types\optimization.types.ts"
"UNKNOWN","\intelligence\autonomous-optimization-registry-v1\index.ts"
"UNKNOWN","\intelligence\autonomous-orchestration-platform-v1\index.ts"
"UNKNOWN","\intelligence\autonomous-orchestration-platform-v1\contracts\orchestration.contracts.ts"
"UNKNOWN","\intelligence\autonomous-orchestration-platform-v1\models\orchestration.model.ts"
"UNKNOWN","\intelligence\autonomous-orchestration-platform-v1\orchestration\processor.ts"
"UNKNOWN","\intelligence\autonomous-orchestration-platform-v1\runtime\controller.ts"
"UNKNOWN","\intelligence\autonomous-orchestration-platform-v1\types\orchestration.types.ts"
"UNKNOWN","\intelligence\autonomous-os-registry-v1\index.ts"
"UNKNOWN","\intelligence\autonomous-os-runtime-v1\index.ts"
"UNKNOWN","\intelligence\autonomous-os-runtime-v1\contracts\os.contracts.ts"
"UNKNOWN","\intelligence\autonomous-os-runtime-v1\kernel\processor.ts"
"UNKNOWN","\intelligence\autonomous-os-runtime-v1\models\os.model.ts"
"UNKNOWN","\intelligence\autonomous-os-runtime-v1\runtime\controller.ts"
"UNKNOWN","\intelligence\autonomous-os-runtime-v1\types\os.types.ts"
"UNKNOWN","\intelligence\autonomous-planning-platform-v1\index.ts"
"UNKNOWN","\intelligence\autonomous-planning-platform-v1\contracts\planning.contracts.ts"
"UNKNOWN","\intelligence\autonomous-planning-platform-v1\models\planning.model.ts"
"UNKNOWN","\intelligence\autonomous-planning-platform-v1\planning\processor.ts"
"UNKNOWN","\intelligence\autonomous-planning-platform-v1\simulation\engine.ts"
"UNKNOWN","\intelligence\autonomous-planning-platform-v1\types\planning.types.ts"
"UNKNOWN","\intelligence\autonomous-platform-runtime-v1\index.ts"
"UNKNOWN","\intelligence\autonomous-platform-runtime-v1\contracts\platform.contracts.ts"
"UNKNOWN","\intelligence\autonomous-platform-runtime-v1\models\platform.model.ts"
"UNKNOWN","\intelligence\autonomous-platform-runtime-v1\platform\processor.ts"
"UNKNOWN","\intelligence\autonomous-platform-runtime-v1\runtime\controller.ts"
"UNKNOWN","\intelligence\autonomous-platform-runtime-v1\types\platform.types.ts"
"UNKNOWN","\intelligence\autonomous-predictive-foresight-core-v1\index.ts"
"UNKNOWN","\intelligence\autonomous-predictive-foresight-core-v1\contracts\prediction.contracts.ts"
"UNKNOWN","\intelligence\autonomous-predictive-foresight-core-v1\models\prediction.model.ts"
"UNKNOWN","\intelligence\autonomous-predictive-foresight-core-v1\prediction\processor.ts"
"UNKNOWN","\intelligence\autonomous-predictive-foresight-core-v1\runtime\controller.ts"
"UNKNOWN","\intelligence\autonomous-predictive-foresight-core-v1\types\prediction.types.ts"
"UNKNOWN","\intelligence\autonomous-real-estate-intelligence-core-v1\index.ts"
"UNKNOWN","\intelligence\autonomous-real-estate-intelligence-core-v1\contracts\network.contracts.ts"
"UNKNOWN","\intelligence\autonomous-real-estate-intelligence-core-v1\models\network.model.ts"
"UNKNOWN","\intelligence\autonomous-real-estate-intelligence-core-v1\network\processor.ts"
"UNKNOWN","\intelligence\autonomous-real-estate-intelligence-core-v1\runtime\controller.ts"
"UNKNOWN","\intelligence\autonomous-real-estate-intelligence-core-v1\types\network.types.ts"
"UNKNOWN","\intelligence\autonomous-real-estate-network-registry-v1\index.ts"
"UNKNOWN","\intelligence\autonomous-real-estate-runtime-v1\index.ts"
"UNKNOWN","\intelligence\autonomous-real-estate-runtime-v1\contracts\network.contracts.ts"
"UNKNOWN","\intelligence\autonomous-real-estate-runtime-v1\models\network.model.ts"
"UNKNOWN","\intelligence\autonomous-real-estate-runtime-v1\network\processor.ts"
"UNKNOWN","\intelligence\autonomous-real-estate-runtime-v1\runtime\controller.ts"
"UNKNOWN","\intelligence\autonomous-real-estate-runtime-v1\types\network.types.ts"
"UNKNOWN","\intelligence\autonomous-reasoning-core-v1\engine\processor.ts"
"UNKNOWN","\intelligence\autonomous-reasoning-core-v1\models\domain.model.ts"
"UNKNOWN","\intelligence\autonomous-reasoning-core-v1\types\reasoning.types.ts"
"UNKNOWN","\intelligence\autonomous-reasoning-engine-v1\index.ts"
"UNKNOWN","\intelligence\autonomous-reasoning-engine-v1\analysis\pattern.ts"
"UNKNOWN","\intelligence\autonomous-reasoning-engine-v1\contracts\reasoning.contracts.ts"
"UNKNOWN","\intelligence\autonomous-reasoning-engine-v1\models\reasoning.model.ts"
"UNKNOWN","\intelligence\autonomous-reasoning-engine-v1\reasoning\processor.ts"
"UNKNOWN","\intelligence\autonomous-reasoning-engine-v1\types\reasoning.types.ts"
"UNKNOWN","\intelligence\autonomous-reasoning-platform\index.ts"
"UNKNOWN","\intelligence\autonomous-reasoning-platform\contracts\reasoning.contracts.ts"
"UNKNOWN","\intelligence\autonomous-reasoning-platform\engine\processor.ts"
"UNKNOWN","\intelligence\autonomous-reasoning-platform\models\domain.model.ts"
"UNKNOWN","\intelligence\autonomous-reasoning-platform\types\reasoning.types.ts"
"UNKNOWN","\intelligence\autonomous-reasoning-platform-v1\index.ts"
"UNKNOWN","\intelligence\autonomous-reasoning-platform-v1\contracts\reasoning.contracts.ts"
"UNKNOWN","\intelligence\autonomous-reasoning-platform-v1\models\reasoning.model.ts"
"UNKNOWN","\intelligence\autonomous-reasoning-platform-v1\reasoning\processor.ts"
"UNKNOWN","\intelligence\autonomous-reasoning-platform-v1\runtime\controller.ts"
"UNKNOWN","\intelligence\autonomous-reasoning-platform-v1\types\reasoning.types.ts"
"UNKNOWN","\intelligence\autonomous-reasoning-registry-v1\index.ts"
"UNKNOWN","\intelligence\autonomous-recursive-evolution-core-v1\index.ts"
"UNKNOWN","\intelligence\autonomous-recursive-evolution-core-v1\contracts\recursive-evolution.contracts.ts"
"UNKNOWN","\intelligence\autonomous-recursive-evolution-core-v1\models\recursive-evolution.model.ts"
"UNKNOWN","\intelligence\autonomous-recursive-evolution-core-v1\recursion\processor.ts"
"UNKNOWN","\intelligence\autonomous-recursive-evolution-core-v1\runtime\controller.ts"
"UNKNOWN","\intelligence\autonomous-recursive-evolution-core-v1\types\recursive-evolution.types.ts"
"UNKNOWN","\intelligence\autonomous-regulation-platform-v1\index.ts"
"UNKNOWN","\intelligence\autonomous-regulation-platform-v1\contracts\regulation.contracts.ts"
"UNKNOWN","\intelligence\autonomous-regulation-platform-v1\models\regulation.model.ts"
"UNKNOWN","\intelligence\autonomous-regulation-platform-v1\regulation\processor.ts"
"UNKNOWN","\intelligence\autonomous-regulation-platform-v1\runtime\controller.ts"
"UNKNOWN","\intelligence\autonomous-regulation-platform-v1\types\regulation.types.ts"
"UNKNOWN","\intelligence\autonomous-research-intelligence-core-v1\index.ts"
"UNKNOWN","\intelligence\autonomous-research-intelligence-core-v1\contracts\research.contracts.ts"
"UNKNOWN","\intelligence\autonomous-research-intelligence-core-v1\models\research.model.ts"
"UNKNOWN","\intelligence\autonomous-research-intelligence-core-v1\research\processor.ts"
"UNKNOWN","\intelligence\autonomous-research-intelligence-core-v1\runtime\controller.ts"
"UNKNOWN","\intelligence\autonomous-research-intelligence-core-v1\types\research.types.ts"
"UNKNOWN","\intelligence\autonomous-research-registry-v1\index.ts"
"UNKNOWN","\intelligence\autonomous-roadmap-generator-v1\index.ts"
"UNKNOWN","\intelligence\autonomous-roadmap-generator-v1\contracts\planning.contracts.ts"
"UNKNOWN","\intelligence\autonomous-roadmap-generator-v1\models\planning.model.ts"
"UNKNOWN","\intelligence\autonomous-roadmap-generator-v1\planning\processor.ts"
"UNKNOWN","\intelligence\autonomous-roadmap-generator-v1\runtime\controller.ts"
"UNKNOWN","\intelligence\autonomous-roadmap-generator-v1\types\planning.types.ts"
"UNKNOWN","\intelligence\autonomous-self-awareness-core-v1\index.ts"
"UNKNOWN","\intelligence\autonomous-self-awareness-core-v1\awareness\processor.ts"
"UNKNOWN","\intelligence\autonomous-self-awareness-core-v1\contracts\awareness.contracts.ts"
"UNKNOWN","\intelligence\autonomous-self-awareness-core-v1\models\awareness.model.ts"
"UNKNOWN","\intelligence\autonomous-self-awareness-core-v1\runtime\controller.ts"
"UNKNOWN","\intelligence\autonomous-self-awareness-core-v1\types\awareness.types.ts"
"UNKNOWN","\intelligence\autonomous-self-evolution-core-v1\index.ts"
"UNKNOWN","\intelligence\autonomous-self-evolution-core-v1\contracts\evolution.contracts.ts"
"UNKNOWN","\intelligence\autonomous-self-evolution-core-v1\evolution\processor.ts"
"UNKNOWN","\intelligence\autonomous-self-evolution-core-v1\models\evolution.model.ts"
"UNKNOWN","\intelligence\autonomous-self-evolution-core-v1\runtime\controller.ts"
"UNKNOWN","\intelligence\autonomous-self-evolution-core-v1\types\evolution.types.ts"
"UNKNOWN","\intelligence\autonomous-self-governance-core-v1\index.ts"
"UNKNOWN","\intelligence\autonomous-self-governance-core-v1\contracts\governance.contracts.ts"
"UNKNOWN","\intelligence\autonomous-self-governance-core-v1\governance\processor.ts"
"UNKNOWN","\intelligence\autonomous-self-governance-core-v1\models\governance.model.ts"
"UNKNOWN","\intelligence\autonomous-self-governance-core-v1\runtime\controller.ts"
"UNKNOWN","\intelligence\autonomous-self-governance-core-v1\types\governance.types.ts"
"UNKNOWN","\intelligence\autonomous-self-governance-registry-v1\index.ts"
"UNKNOWN","\intelligence\autonomous-self-learning-core-v1\index.ts"
"UNKNOWN","\intelligence\autonomous-self-learning-core-v1\contracts\optimization.contracts.ts"
"UNKNOWN","\intelligence\autonomous-self-learning-core-v1\models\optimization.model.ts"
"UNKNOWN","\intelligence\autonomous-self-learning-core-v1\optimization\processor.ts"
"UNKNOWN","\intelligence\autonomous-self-learning-core-v1\runtime\controller.ts"
"UNKNOWN","\intelligence\autonomous-self-learning-core-v1\types\optimization.types.ts"
"UNKNOWN","\intelligence\autonomous-self-optimization-core-v1\index.ts"
"UNKNOWN","\intelligence\autonomous-self-optimization-core-v1\contracts\optimization.contracts.ts"
"UNKNOWN","\intelligence\autonomous-self-optimization-core-v1\models\optimization.model.ts"
"UNKNOWN","\intelligence\autonomous-self-optimization-core-v1\optimization\processor.ts"
"UNKNOWN","\intelligence\autonomous-self-optimization-core-v1\runtime\controller.ts"
"UNKNOWN","\intelligence\autonomous-self-optimization-core-v1\types\optimization.types.ts"
"UNKNOWN","\intelligence\autonomous-self-regulation-core-v1\index.ts"
"UNKNOWN","\intelligence\autonomous-self-regulation-core-v1\contracts\regulation.contracts.ts"
"UNKNOWN","\intelligence\autonomous-self-regulation-core-v1\models\regulation.model.ts"
"UNKNOWN","\intelligence\autonomous-self-regulation-core-v1\regulation\processor.ts"
"UNKNOWN","\intelligence\autonomous-self-regulation-core-v1\runtime\controller.ts"
"UNKNOWN","\intelligence\autonomous-self-regulation-core-v1\types\regulation.types.ts"
"UNKNOWN","\intelligence\autonomous-self-regulation-platform-v1\index.ts"
"UNKNOWN","\intelligence\autonomous-self-regulation-platform-v1\contracts\regulation.contracts.ts"
"UNKNOWN","\intelligence\autonomous-self-regulation-platform-v1\models\regulation.model.ts"
"UNKNOWN","\intelligence\autonomous-self-regulation-platform-v1\regulation\processor.ts"
"UNKNOWN","\intelligence\autonomous-self-regulation-platform-v1\runtime\controller.ts"
"UNKNOWN","\intelligence\autonomous-self-regulation-platform-v1\types\regulation.types.ts"
"UNKNOWN","\intelligence\autonomous-self-regulation-registry-v1\index.ts"
"UNKNOWN","\intelligence\autonomous-singularity-preparation-core-v1\index.ts"
"UNKNOWN","\intelligence\autonomous-singularity-preparation-core-v1\contracts\singularity.contracts.ts"
"UNKNOWN","\intelligence\autonomous-singularity-preparation-core-v1\convergence\processor.ts"
"UNKNOWN","\intelligence\autonomous-singularity-preparation-core-v1\models\singularity.model.ts"
"UNKNOWN","\intelligence\autonomous-singularity-preparation-core-v1\runtime\controller.ts"
"UNKNOWN","\intelligence\autonomous-singularity-preparation-core-v1\types\singularity.types.ts"
"UNKNOWN","\intelligence\autonomous-strategic-evolution-core-v1\index.ts"
"UNKNOWN","\intelligence\autonomous-strategic-evolution-core-v1\contracts\strategy.contracts.ts"
"UNKNOWN","\intelligence\autonomous-strategic-evolution-core-v1\models\strategy.model.ts"
"UNKNOWN","\intelligence\autonomous-strategic-evolution-core-v1\runtime\controller.ts"
"UNKNOWN","\intelligence\autonomous-strategic-evolution-core-v1\strategy\processor.ts"
"UNKNOWN","\intelligence\autonomous-strategic-evolution-core-v1\types\strategy.types.ts"
"UNKNOWN","\intelligence\autonomous-strategic-planning-core-v1\index.ts"
"UNKNOWN","\intelligence\autonomous-strategic-planning-core-v1\contracts\planning.contracts.ts"
"UNKNOWN","\intelligence\autonomous-strategic-planning-core-v1\contracts\strategy.contracts.ts"
"UNKNOWN","\intelligence\autonomous-strategic-planning-core-v1\models\planning.model.ts"
"UNKNOWN","\intelligence\autonomous-strategic-planning-core-v1\models\strategy.model.ts"
"UNKNOWN","\intelligence\autonomous-strategic-planning-core-v1\planning\processor.ts"
"UNKNOWN","\intelligence\autonomous-strategic-planning-core-v1\runtime\controller.ts"
"UNKNOWN","\intelligence\autonomous-strategic-planning-core-v1\types\planning.types.ts"
"UNKNOWN","\intelligence\autonomous-strategic-planning-core-v1\types\strategy.types.ts"
"UNKNOWN","\intelligence\autonomous-strategy-intelligence-v1\index.ts"
"UNKNOWN","\intelligence\autonomous-strategy-intelligence-v1\contracts\decision.contracts.ts"
"UNKNOWN","\intelligence\autonomous-strategy-intelligence-v1\decision\processor.ts"
"UNKNOWN","\intelligence\autonomous-strategy-intelligence-v1\models\decision.model.ts"
"UNKNOWN","\intelligence\autonomous-strategy-intelligence-v1\strategy\evaluator.ts"
"UNKNOWN","\intelligence\autonomous-strategy-intelligence-v1\types\decision.types.ts"
"UNKNOWN","\intelligence\autonomous-strategy-planner-v1\index.ts"
"UNKNOWN","\intelligence\autonomous-strategy-planner-v1\contracts\strategy.contracts.ts"
"UNKNOWN","\intelligence\autonomous-strategy-planner-v1\models\strategy.model.ts"
"UNKNOWN","\intelligence\autonomous-strategy-planner-v1\runtime\controller.ts"
"UNKNOWN","\intelligence\autonomous-strategy-planner-v1\strategy\processor.ts"
"UNKNOWN","\intelligence\autonomous-strategy-planner-v1\types\strategy.types.ts"
"UNKNOWN","\intelligence\autonomous-strategy-platform-v1\index.ts"
"UNKNOWN","\intelligence\autonomous-strategy-platform-v1\contracts\strategy.contracts.ts"
"UNKNOWN","\intelligence\autonomous-strategy-platform-v1\models\strategy.model.ts"
"UNKNOWN","\intelligence\autonomous-strategy-platform-v1\planning\processor.ts"
"UNKNOWN","\intelligence\autonomous-strategy-platform-v1\runtime\controller.ts"
"UNKNOWN","\intelligence\autonomous-strategy-platform-v1\types\strategy.types.ts"
"UNKNOWN","\intelligence\autonomous-strategy-registry-v1\index.ts"
"UNKNOWN","\intelligence\autonomous-synchronization-platform-v1\index.ts"
"UNKNOWN","\intelligence\autonomous-synchronization-platform-v1\contracts\synchronization.contracts.ts"
"UNKNOWN","\intelligence\autonomous-synchronization-platform-v1\models\synchronization.model.ts"
"UNKNOWN","\intelligence\autonomous-synchronization-platform-v1\runtime\controller.ts"
"UNKNOWN","\intelligence\autonomous-synchronization-platform-v1\synchronization\processor.ts"
"UNKNOWN","\intelligence\autonomous-synchronization-platform-v1\types\synchronization.types.ts"
"UNKNOWN","\intelligence\autonomous-system-orchestrator-v1\index.ts"
"UNKNOWN","\intelligence\autonomous-system-orchestrator-v1\contracts\platform.contracts.ts"
"UNKNOWN","\intelligence\autonomous-system-orchestrator-v1\models\platform.model.ts"
"UNKNOWN","\intelligence\autonomous-system-orchestrator-v1\platform\processor.ts"
"UNKNOWN","\intelligence\autonomous-system-orchestrator-v1\runtime\controller.ts"
"UNKNOWN","\intelligence\autonomous-system-orchestrator-v1\types\platform.types.ts"
"UNKNOWN","\intelligence\autonomous-task-scheduler-v1\index.ts"
"UNKNOWN","\intelligence\autonomous-task-scheduler-v1\contracts\kernel.contracts.ts"
"UNKNOWN","\intelligence\autonomous-task-scheduler-v1\kernel\processor.ts"
"UNKNOWN","\intelligence\autonomous-task-scheduler-v1\models\kernel.model.ts"
"UNKNOWN","\intelligence\autonomous-task-scheduler-v1\runtime\controller.ts"
"UNKNOWN","\intelligence\autonomous-task-scheduler-v1\types\kernel.types.ts"
"UNKNOWN","\intelligence\autonomous-trust-registry-v1\index.ts"
"UNKNOWN","\intelligence\autonomous-unified-coordination-core-v1\index.ts"
"UNKNOWN","\intelligence\autonomous-unified-coordination-core-v1\contracts\coordination.contracts.ts"
"UNKNOWN","\intelligence\autonomous-unified-coordination-core-v1\coordination\processor.ts"
"UNKNOWN","\intelligence\autonomous-unified-coordination-core-v1\models\coordination.model.ts"
"UNKNOWN","\intelligence\autonomous-unified-coordination-core-v1\runtime\controller.ts"
"UNKNOWN","\intelligence\autonomous-unified-coordination-core-v1\types\coordination.types.ts"
"UNKNOWN","\intelligence\autonomous-upgrade-planner-v1\index.ts"
"UNKNOWN","\intelligence\autonomous-upgrade-planner-v1\contracts\evolution.contracts.ts"
"UNKNOWN","\intelligence\autonomous-upgrade-planner-v1\evolution\processor.ts"
"UNKNOWN","\intelligence\autonomous-upgrade-planner-v1\models\evolution.model.ts"
"UNKNOWN","\intelligence\autonomous-upgrade-planner-v1\runtime\controller.ts"
"UNKNOWN","\intelligence\autonomous-upgrade-planner-v1\types\evolution.types.ts"
"UNKNOWN","\intelligence\autonomous-validation-platform-v1\index.ts"
"UNKNOWN","\intelligence\autonomous-validation-platform-v1\contracts\validation.contracts.ts"
"UNKNOWN","\intelligence\autonomous-validation-platform-v1\models\validation.model.ts"
"UNKNOWN","\intelligence\autonomous-validation-platform-v1\runtime\controller.ts"
"UNKNOWN","\intelligence\autonomous-validation-platform-v1\types\validation.types.ts"
"UNKNOWN","\intelligence\autonomous-validation-platform-v1\validation\processor.ts"
"UNKNOWN","\intelligence\autonomous-verification-platform-v1\index.ts"
"UNKNOWN","\intelligence\autonomous-verification-platform-v1\contracts\trust.contracts.ts"
"UNKNOWN","\intelligence\autonomous-verification-platform-v1\models\trust.model.ts"
"UNKNOWN","\intelligence\autonomous-verification-platform-v1\runtime\controller.ts"
"UNKNOWN","\intelligence\autonomous-verification-platform-v1\types\trust.types.ts"
"UNKNOWN","\intelligence\autonomous-verification-platform-v1\verification\processor.ts"
"UNKNOWN","\intelligence\autonomous-workflow-core-v1\index.ts"
"UNKNOWN","\intelligence\autonomous-workflow-core-v1\contracts\workflow.contracts.ts"
"UNKNOWN","\intelligence\autonomous-workflow-core-v1\models\workflow.model.ts"
"UNKNOWN","\intelligence\autonomous-workflow-core-v1\runtime\controller.ts"
"UNKNOWN","\intelligence\autonomous-workflow-core-v1\types\workflow.types.ts"
"UNKNOWN","\intelligence\autonomous-workflow-core-v1\workflow\processor.ts"
"UNKNOWN","\intelligence\autonomous-workflow-registry-v1\index.ts"
"UNKNOWN","\intelligence\autonomy-evaluation-engine-v1\index.ts"
"UNKNOWN","\intelligence\autonomy-evaluation-engine-v1\autonomy\processor.ts"
"UNKNOWN","\intelligence\autonomy-evaluation-engine-v1\contracts\autonomy.contracts.ts"
"UNKNOWN","\intelligence\autonomy-evaluation-engine-v1\models\autonomy.model.ts"
"UNKNOWN","\intelligence\autonomy-evaluation-engine-v1\runtime\controller.ts"
"UNKNOWN","\intelligence\autonomy-evaluation-engine-v1\types\autonomy.types.ts"
"UNKNOWN","\intelligence\autonomy-intelligence-engine-v1\index.ts"
"UNKNOWN","\intelligence\autonomy-intelligence-engine-v1\autonomy\processor.ts"
"UNKNOWN","\intelligence\autonomy-intelligence-engine-v1\contracts\autonomy.contracts.ts"
"UNKNOWN","\intelligence\autonomy-intelligence-engine-v1\models\autonomy.model.ts"
"UNKNOWN","\intelligence\autonomy-intelligence-engine-v1\runtime\controller.ts"
"UNKNOWN","\intelligence\autonomy-intelligence-engine-v1\types\autonomy.types.ts"
"UNKNOWN","\intelligence\awareness-evaluation-engine-v1\index.ts"
"UNKNOWN","\intelligence\awareness-evaluation-engine-v1\awareness\processor.ts"
"UNKNOWN","\intelligence\awareness-evaluation-engine-v1\contracts\awareness.contracts.ts"
"UNKNOWN","\intelligence\awareness-evaluation-engine-v1\models\awareness.model.ts"
"UNKNOWN","\intelligence\awareness-evaluation-engine-v1\runtime\controller.ts"
"UNKNOWN","\intelligence\awareness-evaluation-engine-v1\types\awareness.types.ts"
"UNKNOWN","\intelligence\awareness-intelligence-engine-v1\index.ts"
"UNKNOWN","\intelligence\awareness-intelligence-engine-v1\awareness\processor.ts"
"UNKNOWN","\intelligence\awareness-intelligence-engine-v1\contracts\awareness.contracts.ts"
"UNKNOWN","\intelligence\awareness-intelligence-engine-v1\models\awareness.model.ts"
"UNKNOWN","\intelligence\awareness-intelligence-engine-v1\runtime\controller.ts"
"UNKNOWN","\intelligence\awareness-intelligence-engine-v1\types\awareness.types.ts"
"UNKNOWN","\intelligence\awareness-optimization-engine-v1\index.ts"
"UNKNOWN","\intelligence\awareness-optimization-engine-v1\awareness\processor.ts"
"UNKNOWN","\intelligence\awareness-optimization-engine-v1\contracts\awareness.contracts.ts"
"UNKNOWN","\intelligence\awareness-optimization-engine-v1\models\awareness.model.ts"
"UNKNOWN","\intelligence\awareness-optimization-engine-v1\runtime\controller.ts"
"UNKNOWN","\intelligence\awareness-optimization-engine-v1\types\awareness.types.ts"
"UNKNOWN","\intelligence\awareness-state-engine-v1\index.ts"
"UNKNOWN","\intelligence\awareness-state-engine-v1\consciousness\processor.ts"
"UNKNOWN","\intelligence\awareness-state-engine-v1\contracts\consciousness.contracts.ts"
"UNKNOWN","\intelligence\awareness-state-engine-v1\models\consciousness.model.ts"
"UNKNOWN","\intelligence\awareness-state-engine-v1\runtime\controller.ts"
"UNKNOWN","\intelligence\awareness-state-engine-v1\types\consciousness.types.ts"
"UNKNOWN","\intelligence\behavior-adjustment-engine-v1\index.ts"
"UNKNOWN","\intelligence\behavior-adjustment-engine-v1\adaptation\processor.ts"
"UNKNOWN","\intelligence\behavior-adjustment-engine-v1\contracts\adaptation.contracts.ts"
"UNKNOWN","\intelligence\behavior-adjustment-engine-v1\models\adaptation.model.ts"
"UNKNOWN","\intelligence\behavior-adjustment-engine-v1\runtime\controller.ts"
"UNKNOWN","\intelligence\behavior-adjustment-engine-v1\types\adaptation.types.ts"
"UNKNOWN","\intelligence\behavior-drift-detector-v1\index.ts"
"UNKNOWN","\intelligence\behavior-drift-detector-v1\contracts\regulation.contracts.ts"
"UNKNOWN","\intelligence\behavior-drift-detector-v1\models\regulation.model.ts"
"UNKNOWN","\intelligence\behavior-drift-detector-v1\regulation\processor.ts"
"UNKNOWN","\intelligence\behavior-drift-detector-v1\runtime\controller.ts"
"UNKNOWN","\intelligence\behavior-drift-detector-v1\types\regulation.types.ts"
"UNKNOWN","\intelligence\behavior-evolution-analyzer-v1\index.ts"
"UNKNOWN","\intelligence\behavior-evolution-analyzer-v1\contracts\evolution.contracts.ts"
"UNKNOWN","\intelligence\behavior-evolution-analyzer-v1\evolution\processor.ts"
"UNKNOWN","\intelligence\behavior-evolution-analyzer-v1\models\evolution.model.ts"
"UNKNOWN","\intelligence\behavior-evolution-analyzer-v1\runtime\controller.ts"
"UNKNOWN","\intelligence\behavior-evolution-analyzer-v1\types\evolution.types.ts"
"UNKNOWN","\intelligence\building-intelligence-graph-v1\index.ts"
"UNKNOWN","\intelligence\building-intelligence-graph-v1\contracts\environment.contracts.ts"
"UNKNOWN","\intelligence\building-intelligence-graph-v1\environment\processor.ts"
"UNKNOWN","\intelligence\building-intelligence-graph-v1\models\environment.model.ts"
"UNKNOWN","\intelligence\building-intelligence-graph-v1\runtime\controller.ts"
"UNKNOWN","\intelligence\building-intelligence-graph-v1\types\environment.types.ts"
"UNKNOWN","\intelligence\building-twin-engine-v1\index.ts"
"UNKNOWN","\intelligence\building-twin-engine-v1\contracts\twin.contracts.ts"
"UNKNOWN","\intelligence\building-twin-engine-v1\models\twin.model.ts"
"UNKNOWN","\intelligence\building-twin-engine-v1\runtime\controller.ts"
"UNKNOWN","\intelligence\building-twin-engine-v1\twin\processor.ts"
"UNKNOWN","\intelligence\building-twin-engine-v1\types\twin.types.ts"
"UNKNOWN","\intelligence\built-environment-evolution-layer-v1\index.ts"
"UNKNOWN","\intelligence\built-environment-evolution-layer-v1\civilization\processor.ts"
"UNKNOWN","\intelligence\built-environment-evolution-layer-v1\contracts\civilization.contracts.ts"
"UNKNOWN","\intelligence\built-environment-evolution-layer-v1\models\civilization.model.ts"
"UNKNOWN","\intelligence\built-environment-evolution-layer-v1\runtime\controller.ts"
"UNKNOWN","\intelligence\built-environment-evolution-layer-v1\types\civilization.types.ts"
"UNKNOWN","\intelligence\built-environment-intelligence-adapter-v1\index.ts"
"UNKNOWN","\intelligence\built-environment-intelligence-adapter-v1\contracts\integration.contracts.ts"
"UNKNOWN","\intelligence\built-environment-intelligence-adapter-v1\integration\processor.ts"
"UNKNOWN","\intelligence\built-environment-intelligence-adapter-v1\models\integration.model.ts"
"UNKNOWN","\intelligence\built-environment-intelligence-adapter-v1\runtime\controller.ts"
"UNKNOWN","\intelligence\built-environment-intelligence-adapter-v1\types\integration.types.ts"
"UNKNOWN","\intelligence\built-environment-intelligence-core-v1\index.ts"
"GENERATED_OR_BACKUP","\intelligence\built-environment-intelligence-core-v1\index.ts.backup-20260907-015711"
"UNKNOWN","\intelligence\built-environment-intelligence-core-v1\contracts\builtenvironment.contracts.ts"
"UNKNOWN","\intelligence\built-environment-intelligence-core-v1\contracts\grid.contracts.ts"
"UNKNOWN","\intelligence\built-environment-intelligence-core-v1\grid\processor.ts"
"UNKNOWN","\intelligence\built-environment-intelligence-core-v1\intelligence\processor.ts"
"UNKNOWN","\intelligence\built-environment-intelligence-core-v1\models\builtenvironment.model.ts"
"UNKNOWN","\intelligence\built-environment-intelligence-core-v1\models\grid.model.ts"
"UNKNOWN","\intelligence\built-environment-intelligence-core-v1\runtime\controller.ts"
"GENERATED_OR_BACKUP","\intelligence\built-environment-intelligence-core-v1\runtime\controller.ts.backup-20260907-015711"
"UNKNOWN","\intelligence\built-environment-intelligence-core-v1\types\builtenvironment.types.ts"
"UNKNOWN","\intelligence\built-environment-intelligence-core-v1\types\grid.types.ts"
"UNKNOWN","\intelligence\built-environment-intelligence-platform-v1\index.ts"
"UNKNOWN","\intelligence\built-environment-intelligence-platform-v1\contracts\builtenvironment.contracts.ts"
"UNKNOWN","\intelligence\built-environment-intelligence-platform-v1\intelligence\processor.ts"
"UNKNOWN","\intelligence\built-environment-intelligence-platform-v1\models\builtenvironment.model.ts"
"UNKNOWN","\intelligence\built-environment-intelligence-platform-v1\runtime\controller.ts"
"UNKNOWN","\intelligence\built-environment-intelligence-platform-v1\types\builtenvironment.types.ts"
"UNKNOWN","\intelligence\built-environment-intelligence-registry-v1\index.ts"
"UNKNOWN","\intelligence\built-environment-reasoning-engine-v1\index.ts"
"UNKNOWN","\intelligence\built-environment-reasoning-engine-v1\architecture\processor.ts"
"UNKNOWN","\intelligence\built-environment-reasoning-engine-v1\contracts\architecture.contracts.ts"
"UNKNOWN","\intelligence\built-environment-reasoning-engine-v1\models\architecture.model.ts"
"UNKNOWN","\intelligence\built-environment-reasoning-engine-v1\runtime\controller.ts"
"UNKNOWN","\intelligence\built-environment-reasoning-engine-v1\types\architecture.types.ts"
"UNKNOWN","\intelligence\built-environment-runtime-v1\index.ts"
"UNKNOWN","\intelligence\built-environment-runtime-v1\contracts\grid.contracts.ts"
"UNKNOWN","\intelligence\built-environment-runtime-v1\grid\processor.ts"
"UNKNOWN","\intelligence\built-environment-runtime-v1\models\grid.model.ts"
"UNKNOWN","\intelligence\built-environment-runtime-v1\runtime\controller.ts"
"UNKNOWN","\intelligence\built-environment-runtime-v1\types\grid.types.ts"
"UNKNOWN","\intelligence\capability-analysis-engine-v1\index.ts"
"UNKNOWN","\intelligence\capability-analysis-engine-v1\awareness\processor.ts"
"UNKNOWN","\intelligence\capability-analysis-engine-v1\contracts\awareness.contracts.ts"
"UNKNOWN","\intelligence\capability-analysis-engine-v1\models\awareness.model.ts"
"UNKNOWN","\intelligence\capability-analysis-engine-v1\runtime\controller.ts"
"UNKNOWN","\intelligence\capability-analysis-engine-v1\types\awareness.types.ts"
"UNKNOWN","\intelligence\capability-evolution-engine-v1\index.ts"
"GENERATED_OR_BACKUP","\intelligence\capability-evolution-engine-v1\index.ts.backup-20260907-010530"
"UNKNOWN","\intelligence\capability-evolution-engine-v1\contracts\evolution.contracts.ts"
"GENERATED_OR_BACKUP","\intelligence\capability-evolution-engine-v1\contracts\evolution.contracts.ts.backup-20260907-010530"
"UNKNOWN","\intelligence\capability-evolution-engine-v1\evolution\processor.ts"
"GENERATED_OR_BACKUP","\intelligence\capability-evolution-engine-v1\evolution\processor.ts.backup-20260907-010530"
"UNKNOWN","\intelligence\capability-evolution-engine-v1\models\evolution.model.ts"
"GENERATED_OR_BACKUP","\intelligence\capability-evolution-engine-v1\models\evolution.model.ts.backup-20260907-010530"
"UNKNOWN","\intelligence\capability-evolution-engine-v1\runtime\controller.ts"
"GENERATED_OR_BACKUP","\intelligence\capability-evolution-engine-v1\runtime\controller.ts.backup-20260907-010530"
"UNKNOWN","\intelligence\capability-evolution-engine-v1\types\evolution.types.ts"
"GENERATED_OR_BACKUP","\intelligence\capability-evolution-engine-v1\types\evolution.types.ts.backup-20260907-010530"
"UNKNOWN","\intelligence\capability-exchange-engine-v1\index.ts"
"UNKNOWN","\intelligence\capability-exchange-engine-v1\contracts\marketplace.contracts.ts"
"UNKNOWN","\intelligence\capability-exchange-engine-v1\marketplace\processor.ts"
"UNKNOWN","\intelligence\capability-exchange-engine-v1\models\marketplace.model.ts"
"UNKNOWN","\intelligence\capability-exchange-engine-v1\runtime\controller.ts"
"UNKNOWN","\intelligence\capability-exchange-engine-v1\types\marketplace.types.ts"
"UNKNOWN","\intelligence\capability-growth-engine-v1\index.ts"
"GENERATED_OR_BACKUP","\intelligence\capability-growth-engine-v1\index.ts.backup-20260907-004630"
"UNKNOWN","\intelligence\capability-growth-engine-v1\contracts\evolution.contracts.ts"
"UNKNOWN","\intelligence\capability-growth-engine-v1\contracts\expansion.contracts.ts"
"UNKNOWN","\intelligence\capability-growth-engine-v1\evolution\processor.ts"
"UNKNOWN","\intelligence\capability-growth-engine-v1\expansion\processor.ts"
"UNKNOWN","\intelligence\capability-growth-engine-v1\models\evolution.model.ts"
"UNKNOWN","\intelligence\capability-growth-engine-v1\models\expansion.model.ts"
"UNKNOWN","\intelligence\capability-growth-engine-v1\runtime\controller.ts"
"GENERATED_OR_BACKUP","\intelligence\capability-growth-engine-v1\runtime\controller.ts.backup-20260907-004630"
"UNKNOWN","\intelligence\capability-growth-engine-v1\types\evolution.types.ts"
"UNKNOWN","\intelligence\capability-growth-engine-v1\types\expansion.types.ts"
"UNKNOWN","\intelligence\capability-identity-engine-v1\index.ts"
"UNKNOWN","\intelligence\capability-identity-engine-v1\contracts\identity.contracts.ts"
"UNKNOWN","\intelligence\capability-identity-engine-v1\identity\processor.ts"
"UNKNOWN","\intelligence\capability-identity-engine-v1\models\identity.model.ts"
"UNKNOWN","\intelligence\capability-identity-engine-v1\runtime\controller.ts"
"UNKNOWN","\intelligence\capability-identity-engine-v1\types\identity.types.ts"
"UNKNOWN","\intelligence\capability-mutation-engine-v1\index.ts"
"UNKNOWN","\intelligence\capability-mutation-engine-v1\contracts\evolution.contracts.ts"
"UNKNOWN","\intelligence\capability-mutation-engine-v1\evolution\processor.ts"
"UNKNOWN","\intelligence\capability-mutation-engine-v1\models\evolution.model.ts"
"UNKNOWN","\intelligence\capability-mutation-engine-v1\runtime\controller.ts"
"UNKNOWN","\intelligence\capability-mutation-engine-v1\types\evolution.types.ts"
"UNKNOWN","\intelligence\capability-validation-engine-v1\index.ts"
"UNKNOWN","\intelligence\capability-validation-engine-v1\contracts\validation.contracts.ts"
"UNKNOWN","\intelligence\capability-validation-engine-v1\models\validation.model.ts"
"UNKNOWN","\intelligence\capability-validation-engine-v1\runtime\controller.ts"
"UNKNOWN","\intelligence\capability-validation-engine-v1\types\validation.types.ts"
"UNKNOWN","\intelligence\capability-validation-engine-v1\validation\processor.ts"
"UNKNOWN","\intelligence\carbon-intelligence-engine-v1\index.ts"
"UNKNOWN","\intelligence\carbon-intelligence-engine-v1\contracts\sustainability.contracts.ts"
"UNKNOWN","\intelligence\carbon-intelligence-engine-v1\models\sustainability.model.ts"
"UNKNOWN","\intelligence\carbon-intelligence-engine-v1\runtime\controller.ts"
"UNKNOWN","\intelligence\carbon-intelligence-engine-v1\sustainability\processor.ts"
"UNKNOWN","\intelligence\carbon-intelligence-engine-v1\types\sustainability.types.ts"
"UNKNOWN","\intelligence\central-intelligence-runtime-v1\index.ts"
"UNKNOWN","\intelligence\central-intelligence-runtime-v1\contracts\orchestration.contracts.ts"
"UNKNOWN","\intelligence\central-intelligence-runtime-v1\models\orchestration.model.ts"
"UNKNOWN","\intelligence\central-intelligence-runtime-v1\orchestration\processor.ts"
"UNKNOWN","\intelligence\central-intelligence-runtime-v1\runtime\controller.ts"
"UNKNOWN","\intelligence\central-intelligence-runtime-v1\types\orchestration.types.ts"
"UNKNOWN","\intelligence\choice-evaluation-engine-v1\index.ts"
"UNKNOWN","\intelligence\choice-evaluation-engine-v1\contracts\decision.contracts.ts"
"UNKNOWN","\intelligence\choice-evaluation-engine-v1\decision\processor.ts"
"UNKNOWN","\intelligence\choice-evaluation-engine-v1\models\decision.model.ts"
"UNKNOWN","\intelligence\choice-evaluation-engine-v1\runtime\controller.ts"
"UNKNOWN","\intelligence\choice-evaluation-engine-v1\types\decision.types.ts"
"UNKNOWN","\intelligence\civilization-architecture-network-v1\index.ts"
"UNKNOWN","\intelligence\civilization-architecture-network-v1\architecture\processor.ts"
"UNKNOWN","\intelligence\civilization-architecture-network-v1\contracts\architecture.contracts.ts"
"UNKNOWN","\intelligence\civilization-architecture-network-v1\models\architecture.model.ts"
"UNKNOWN","\intelligence\civilization-architecture-network-v1\runtime\controller.ts"
"UNKNOWN","\intelligence\civilization-architecture-network-v1\types\architecture.types.ts"
"UNKNOWN","\intelligence\civilization-decision-engine-v1\index.ts"
"UNKNOWN","\intelligence\civilization-decision-engine-v1\civilization\processor.ts"
"UNKNOWN","\intelligence\civilization-decision-engine-v1\contracts\civilization.contracts.ts"
"UNKNOWN","\intelligence\civilization-decision-engine-v1\models\civilization.model.ts"
"UNKNOWN","\intelligence\civilization-decision-engine-v1\runtime\controller.ts"
"UNKNOWN","\intelligence\civilization-decision-engine-v1\types\civilization.types.ts"
"UNKNOWN","\intelligence\civilization-intelligence-core-v1\index.ts"
"GENERATED_OR_BACKUP","\intelligence\civilization-intelligence-core-v1\index.ts.backup-20260907-015126"
"GENERATED_OR_BACKUP","\intelligence\civilization-intelligence-core-v1\index.ts.backup-20260907-023226"
"UNKNOWN","\intelligence\civilization-intelligence-core-v1\civilization\processor.ts"
"GENERATED_OR_BACKUP","\intelligence\civilization-intelligence-core-v1\civilization\processor.ts.backup-20260907-023226"
"UNKNOWN","\intelligence\civilization-intelligence-core-v1\contracts\civilization.contracts.ts"
"GENERATED_OR_BACKUP","\intelligence\civilization-intelligence-core-v1\contracts\civilization.contracts.ts.backup-20260907-023226"
"UNKNOWN","\intelligence\civilization-intelligence-core-v1\contracts\platform.contracts.ts"
"UNKNOWN","\intelligence\civilization-intelligence-core-v1\models\civilization.model.ts"
"GENERATED_OR_BACKUP","\intelligence\civilization-intelligence-core-v1\models\civilization.model.ts.backup-20260907-023226"
"UNKNOWN","\intelligence\civilization-intelligence-core-v1\models\platform.model.ts"
"UNKNOWN","\intelligence\civilization-intelligence-core-v1\platform\processor.ts"
"UNKNOWN","\intelligence\civilization-intelligence-core-v1\runtime\controller.ts"
"GENERATED_OR_BACKUP","\intelligence\civilization-intelligence-core-v1\runtime\controller.ts.backup-20260907-015126"
"GENERATED_OR_BACKUP","\intelligence\civilization-intelligence-core-v1\runtime\controller.ts.backup-20260907-023226"
"UNKNOWN","\intelligence\civilization-intelligence-core-v1\types\civilization.types.ts"
"GENERATED_OR_BACKUP","\intelligence\civilization-intelligence-core-v1\types\civilization.types.ts.backup-20260907-023226"
"UNKNOWN","\intelligence\civilization-intelligence-core-v1\types\platform.types.ts"
"UNKNOWN","\intelligence\civilization-intelligence-platform-registry-v1\index.ts"
"UNKNOWN","\intelligence\civilization-intelligence-registry-v1\index.ts"
"UNKNOWN","\intelligence\civilization-intelligence-runtime-v1\index.ts"
"GENERATED_OR_BACKUP","\intelligence\civilization-intelligence-runtime-v1\index.ts.backup-20260907-015126"
"GENERATED_OR_BACKUP","\intelligence\civilization-intelligence-runtime-v1\index.ts.backup-20260907-015921"
"UNKNOWN","\intelligence\civilization-intelligence-runtime-v1\civilization\processor.ts"
"GENERATED_OR_BACKUP","\intelligence\civilization-intelligence-runtime-v1\civilization\processor.ts.backup-20260907-015920"
"UNKNOWN","\intelligence\civilization-intelligence-runtime-v1\contracts\civilization.contracts.ts"
"GENERATED_OR_BACKUP","\intelligence\civilization-intelligence-runtime-v1\contracts\civilization.contracts.ts.backup-20260907-015920"
"UNKNOWN","\intelligence\civilization-intelligence-runtime-v1\contracts\platform.contracts.ts"
"UNKNOWN","\intelligence\civilization-intelligence-runtime-v1\models\civilization.model.ts"
"GENERATED_OR_BACKUP","\intelligence\civilization-intelligence-runtime-v1\models\civilization.model.ts.backup-20260907-015920"
"UNKNOWN","\intelligence\civilization-intelligence-runtime-v1\models\platform.model.ts"
"UNKNOWN","\intelligence\civilization-intelligence-runtime-v1\platform\processor.ts"
"UNKNOWN","\intelligence\civilization-intelligence-runtime-v1\runtime\controller.ts"
"GENERATED_OR_BACKUP","\intelligence\civilization-intelligence-runtime-v1\runtime\controller.ts.backup-20260907-015126"
"GENERATED_OR_BACKUP","\intelligence\civilization-intelligence-runtime-v1\runtime\controller.ts.backup-20260907-015920"
"UNKNOWN","\intelligence\civilization-intelligence-runtime-v1\types\civilization.types.ts"
"GENERATED_OR_BACKUP","\intelligence\civilization-intelligence-runtime-v1\types\civilization.types.ts.backup-20260907-015920"
"UNKNOWN","\intelligence\civilization-intelligence-runtime-v1\types\platform.types.ts"
"UNKNOWN","\intelligence\civilization-knowledge-exchange-hub-v1\index.ts"
"UNKNOWN","\intelligence\civilization-knowledge-exchange-hub-v1\contracts\platform.contracts.ts"
"UNKNOWN","\intelligence\civilization-knowledge-exchange-hub-v1\models\platform.model.ts"
"UNKNOWN","\intelligence\civilization-knowledge-exchange-hub-v1\platform\processor.ts"
"UNKNOWN","\intelligence\civilization-knowledge-exchange-hub-v1\runtime\controller.ts"
"UNKNOWN","\intelligence\civilization-knowledge-exchange-hub-v1\types\platform.types.ts"
"UNKNOWN","\intelligence\civilization-knowledge-exchange-v1\index.ts"
"GENERATED_OR_BACKUP","\intelligence\civilization-knowledge-exchange-v1\index.ts.backup-20260907-014601"
"UNKNOWN","\intelligence\civilization-knowledge-exchange-v1\civilization\processor.ts"
"GENERATED_OR_BACKUP","\intelligence\civilization-knowledge-exchange-v1\civilization\processor.ts.backup-20260907-014601"
"UNKNOWN","\intelligence\civilization-knowledge-exchange-v1\contracts\civilization.contracts.ts"
"GENERATED_OR_BACKUP","\intelligence\civilization-knowledge-exchange-v1\contracts\civilization.contracts.ts.backup-20260907-014601"
"UNKNOWN","\intelligence\civilization-knowledge-exchange-v1\models\civilization.model.ts"
"GENERATED_OR_BACKUP","\intelligence\civilization-knowledge-exchange-v1\models\civilization.model.ts.backup-20260907-014601"
"UNKNOWN","\intelligence\civilization-knowledge-exchange-v1\runtime\controller.ts"
"GENERATED_OR_BACKUP","\intelligence\civilization-knowledge-exchange-v1\runtime\controller.ts.backup-20260907-014601"
"UNKNOWN","\intelligence\civilization-knowledge-exchange-v1\types\civilization.types.ts"
"GENERATED_OR_BACKUP","\intelligence\civilization-knowledge-exchange-v1\types\civilization.types.ts.backup-20260907-014601"
"UNKNOWN","\intelligence\civilization-knowledge-network-v1\index.ts"
"UNKNOWN","\intelligence\civilization-knowledge-network-v1\civilization\processor.ts"
"UNKNOWN","\intelligence\civilization-knowledge-network-v1\contracts\civilization.contracts.ts"
"UNKNOWN","\intelligence\civilization-knowledge-network-v1\models\civilization.model.ts"
"UNKNOWN","\intelligence\civilization-knowledge-network-v1\runtime\controller.ts"
"UNKNOWN","\intelligence\civilization-knowledge-network-v1\types\civilization.types.ts"
"UNKNOWN","\intelligence\civilization-runtime-v1\index.ts"
"UNKNOWN","\intelligence\civilization-runtime-v1\civilization\processor.ts"
"UNKNOWN","\intelligence\civilization-runtime-v1\contracts\civilization.contracts.ts"
"UNKNOWN","\intelligence\civilization-runtime-v1\models\civilization.model.ts"
"UNKNOWN","\intelligence\civilization-runtime-v1\runtime\controller.ts"
"UNKNOWN","\intelligence\civilization-runtime-v1\types\civilization.types.ts"
"UNKNOWN","\intelligence\civilization-scale-intelligence-platform-v1\index.ts"
"UNKNOWN","\intelligence\civilization-scale-intelligence-platform-v1\civilization\processor.ts"
"UNKNOWN","\intelligence\civilization-scale-intelligence-platform-v1\contracts\civilization.contracts.ts"
"UNKNOWN","\intelligence\civilization-scale-intelligence-platform-v1\models\civilization.model.ts"
"UNKNOWN","\intelligence\civilization-scale-intelligence-platform-v1\runtime\controller.ts"
"UNKNOWN","\intelligence\civilization-scale-intelligence-platform-v1\types\civilization.types.ts"
"UNKNOWN","\intelligence\civilization-scale-intelligence-registry-v1\index.ts"
"UNKNOWN","\intelligence\civilization-service-layer-v1\index.ts"
"UNKNOWN","\intelligence\civilization-service-layer-v1\contracts\platform.contracts.ts"
"UNKNOWN","\intelligence\civilization-service-layer-v1\models\platform.model.ts"
"UNKNOWN","\intelligence\civilization-service-layer-v1\platform\processor.ts"
"UNKNOWN","\intelligence\civilization-service-layer-v1\runtime\controller.ts"
"UNKNOWN","\intelligence\civilization-service-layer-v1\types\platform.types.ts"
"UNKNOWN","\intelligence\climate-environment-reasoning-engine-v1\index.ts"
"UNKNOWN","\intelligence\climate-environment-reasoning-engine-v1\contracts\environment.contracts.ts"
"UNKNOWN","\intelligence\climate-environment-reasoning-engine-v1\environment\processor.ts"
"UNKNOWN","\intelligence\climate-environment-reasoning-engine-v1\models\environment.model.ts"
"UNKNOWN","\intelligence\climate-environment-reasoning-engine-v1\runtime\controller.ts"
"UNKNOWN","\intelligence\climate-environment-reasoning-engine-v1\types\environment.types.ts"
"UNKNOWN","\intelligence\climate-intelligence-registry-v1\index.ts"
"UNKNOWN","\intelligence\climate-intelligence-registry-v1\contracts\sustainability.contracts.ts"
"UNKNOWN","\intelligence\climate-intelligence-registry-v1\models\sustainability.model.ts"
"UNKNOWN","\intelligence\climate-intelligence-registry-v1\runtime\controller.ts"
"UNKNOWN","\intelligence\climate-intelligence-registry-v1\sustainability\processor.ts"
"UNKNOWN","\intelligence\climate-intelligence-registry-v1\types\sustainability.types.ts"
"UNKNOWN","\intelligence\cognitive-action-planning-engine-v1\index.ts"
"UNKNOWN","\intelligence\cognitive-action-planning-engine-v1\action\processor.ts"
"UNKNOWN","\intelligence\cognitive-action-planning-engine-v1\contracts\decision.contracts.ts"
"UNKNOWN","\intelligence\cognitive-action-planning-engine-v1\decision\processor.ts"
"UNKNOWN","\intelligence\cognitive-action-planning-engine-v1\models\decision.model.ts"
"UNKNOWN","\intelligence\cognitive-action-planning-engine-v1\types\decision.types.ts"
"UNKNOWN","\intelligence\cognitive-decision-core-v1\index.ts"
"UNKNOWN","\intelligence\cognitive-decision-core-v1\contracts\decision.contracts.ts"
"UNKNOWN","\intelligence\cognitive-decision-core-v1\decision\processor.ts"
"UNKNOWN","\intelligence\cognitive-decision-core-v1\models\decision.model.ts"
"UNKNOWN","\intelligence\cognitive-decision-core-v1\strategy\evaluator.ts"
"UNKNOWN","\intelligence\cognitive-decision-core-v1\types\decision.types.ts"
"UNKNOWN","\intelligence\cognitive-decision-orchestration-v1\index.ts"
"UNKNOWN","\intelligence\cognitive-decision-orchestration-v1\action\processor.ts"
"UNKNOWN","\intelligence\cognitive-decision-orchestration-v1\contracts\decision.contracts.ts"
"UNKNOWN","\intelligence\cognitive-decision-orchestration-v1\decision\processor.ts"
"UNKNOWN","\intelligence\cognitive-decision-orchestration-v1\models\decision.model.ts"
"UNKNOWN","\intelligence\cognitive-decision-orchestration-v1\types\decision.types.ts"
"UNKNOWN","\intelligence\cognitive-decision-platform-v1\index.ts"
"UNKNOWN","\intelligence\cognitive-decision-platform-v1\contracts\decision.contracts.ts"
"UNKNOWN","\intelligence\cognitive-decision-platform-v1\decision\processor.ts"
"UNKNOWN","\intelligence\cognitive-decision-platform-v1\models\decision.model.ts"
"UNKNOWN","\intelligence\cognitive-decision-platform-v1\strategy\evaluator.ts"
"UNKNOWN","\intelligence\cognitive-decision-platform-v1\types\decision.types.ts"
"UNKNOWN","\intelligence\cognitive-decision-registry-v1\index.ts"
"UNKNOWN","\intelligence\cognitive-ecosystem-core-v1\index.ts"
"UNKNOWN","\intelligence\cognitive-ecosystem-core-v1\contracts\integration.contracts.ts"
"UNKNOWN","\intelligence\cognitive-ecosystem-core-v1\integration\processor.ts"
"UNKNOWN","\intelligence\cognitive-ecosystem-core-v1\models\integration.model.ts"
"UNKNOWN","\intelligence\cognitive-ecosystem-core-v1\runtime\bridge.ts"
"UNKNOWN","\intelligence\cognitive-ecosystem-core-v1\types\integration.types.ts"
"UNKNOWN","\intelligence\cognitive-ecosystem-integration-registry-v1\index.ts"
"UNKNOWN","\intelligence\cognitive-evolution-platform-v1\index.ts"
"UNKNOWN","\intelligence\cognitive-evolution-platform-v1\contracts\evolution.contracts.ts"
"UNKNOWN","\intelligence\cognitive-evolution-platform-v1\evolution\processor.ts"
"UNKNOWN","\intelligence\cognitive-evolution-platform-v1\models\evolution.model.ts"
"UNKNOWN","\intelligence\cognitive-evolution-platform-v1\optimization\analyzer.ts"
"UNKNOWN","\intelligence\cognitive-evolution-platform-v1\types\evolution.types.ts"
"UNKNOWN","\intelligence\cognitive-evolution-registry-v1\index.ts"
"UNKNOWN","\intelligence\cognitive-fusion-core-v1\index.ts"
"UNKNOWN","\intelligence\cognitive-fusion-core-v1\context\builder.ts"
"UNKNOWN","\intelligence\cognitive-fusion-core-v1\contracts\fusion.contracts.ts"
"UNKNOWN","\intelligence\cognitive-fusion-core-v1\fusion\processor.ts"
"UNKNOWN","\intelligence\cognitive-fusion-core-v1\models\fusion.model.ts"
"UNKNOWN","\intelligence\cognitive-fusion-core-v1\types\fusion.types.ts"
"UNKNOWN","\intelligence\cognitive-fusion-registry-v1\index.ts"
"UNKNOWN","\intelligence\cognitive-intelligence-interface-v1\index.ts"
"UNKNOWN","\intelligence\cognitive-intelligence-interface-v1\agi\processor.ts"
"UNKNOWN","\intelligence\cognitive-intelligence-interface-v1\contracts\agi.contracts.ts"
"UNKNOWN","\intelligence\cognitive-intelligence-interface-v1\models\agi.model.ts"
"UNKNOWN","\intelligence\cognitive-intelligence-interface-v1\runtime\controller.ts"
"UNKNOWN","\intelligence\cognitive-intelligence-interface-v1\types\agi.types.ts"
"UNKNOWN","\intelligence\cognitive-memory-platform-v1\index.ts"
"UNKNOWN","\intelligence\cognitive-memory-platform-v1\contracts\memory.contracts.ts"
"UNKNOWN","\intelligence\cognitive-memory-platform-v1\memory\processor.ts"
"UNKNOWN","\intelligence\cognitive-memory-platform-v1\models\memory.model.ts"
"UNKNOWN","\intelligence\cognitive-memory-platform-v1\recall\resolver.ts"
"UNKNOWN","\intelligence\cognitive-memory-platform-v1\types\memory.types.ts"
"UNKNOWN","\intelligence\cognitive-memory-registry-v1\index.ts"
"UNKNOWN","\intelligence\cognitive-pattern-analysis-engine-v1\index.ts"
"UNKNOWN","\intelligence\cognitive-pattern-analysis-engine-v1\analysis\pattern.ts"
"UNKNOWN","\intelligence\cognitive-pattern-analysis-engine-v1\contracts\reasoning.contracts.ts"
"UNKNOWN","\intelligence\cognitive-pattern-analysis-engine-v1\models\reasoning.model.ts"
"UNKNOWN","\intelligence\cognitive-pattern-analysis-engine-v1\reasoning\processor.ts"
"UNKNOWN","\intelligence\cognitive-pattern-analysis-engine-v1\types\reasoning.types.ts"
"UNKNOWN","\intelligence\cognitive-pattern-intelligence-engine-v1\index.ts"
"UNKNOWN","\intelligence\cognitive-pattern-intelligence-engine-v1\cognition\processor.ts"
"UNKNOWN","\intelligence\cognitive-pattern-intelligence-engine-v1\contracts\cognitive.contracts.ts"
"UNKNOWN","\intelligence\cognitive-pattern-intelligence-engine-v1\models\cognitive.model.ts"
"UNKNOWN","\intelligence\cognitive-pattern-intelligence-engine-v1\runtime\controller.ts"
"UNKNOWN","\intelligence\cognitive-pattern-intelligence-engine-v1\types\cognitive.types.ts"
"UNKNOWN","\intelligence\cognitive-performance-analyzer-v1\index.ts"
"UNKNOWN","\intelligence\cognitive-performance-analyzer-v1\contracts\evolution.contracts.ts"
"UNKNOWN","\intelligence\cognitive-performance-analyzer-v1\evolution\processor.ts"
"UNKNOWN","\intelligence\cognitive-performance-analyzer-v1\models\evolution.model.ts"
"UNKNOWN","\intelligence\cognitive-performance-analyzer-v1\optimization\analyzer.ts"
"UNKNOWN","\intelligence\cognitive-performance-analyzer-v1\types\evolution.types.ts"
"UNKNOWN","\intelligence\cognitive-planning-core-v1\index.ts"
"UNKNOWN","\intelligence\cognitive-planning-core-v1\contracts\planning.contracts.ts"
"UNKNOWN","\intelligence\cognitive-planning-core-v1\models\planning.model.ts"
"UNKNOWN","\intelligence\cognitive-planning-core-v1\planning\processor.ts"
"UNKNOWN","\intelligence\cognitive-planning-core-v1\simulation\engine.ts"
"UNKNOWN","\intelligence\cognitive-planning-core-v1\types\planning.types.ts"
"UNKNOWN","\intelligence\cognitive-planning-registry-v1\index.ts"
"UNKNOWN","\intelligence\cognitive-reasoning-fusion-runtime-v1\index.ts"
"UNKNOWN","\intelligence\cognitive-reasoning-fusion-runtime-v1\context\builder.ts"
"UNKNOWN","\intelligence\cognitive-reasoning-fusion-runtime-v1\contracts\fusion.contracts.ts"
"UNKNOWN","\intelligence\cognitive-reasoning-fusion-runtime-v1\fusion\processor.ts"
"UNKNOWN","\intelligence\cognitive-reasoning-fusion-runtime-v1\models\fusion.model.ts"
"UNKNOWN","\intelligence\cognitive-reasoning-fusion-runtime-v1\types\fusion.types.ts"
"UNKNOWN","\intelligence\cognitive-recall-runtime-v1\index.ts"
"UNKNOWN","\intelligence\cognitive-recall-runtime-v1\contracts\memory.contracts.ts"
"UNKNOWN","\intelligence\cognitive-recall-runtime-v1\memory\processor.ts"
"UNKNOWN","\intelligence\cognitive-recall-runtime-v1\models\memory.model.ts"
"UNKNOWN","\intelligence\cognitive-recall-runtime-v1\recall\resolver.ts"
"UNKNOWN","\intelligence\cognitive-recall-runtime-v1\types\memory.types.ts"
"UNKNOWN","\intelligence\cognitive-reflection-engine-v1\index.ts"
"UNKNOWN","\intelligence\cognitive-reflection-engine-v1\cognition\processor.ts"
"UNKNOWN","\intelligence\cognitive-reflection-engine-v1\contracts\cognitive.contracts.ts"
"UNKNOWN","\intelligence\cognitive-reflection-engine-v1\contracts\meta.contracts.ts"
"UNKNOWN","\intelligence\cognitive-reflection-engine-v1\models\cognitive.model.ts"
"UNKNOWN","\intelligence\cognitive-reflection-engine-v1\models\meta.model.ts"
"UNKNOWN","\intelligence\cognitive-reflection-engine-v1\reasoning\processor.ts"
"UNKNOWN","\intelligence\cognitive-reflection-engine-v1\runtime\controller.ts"
"UNKNOWN","\intelligence\cognitive-reflection-engine-v1\types\cognitive.types.ts"
"UNKNOWN","\intelligence\cognitive-reflection-engine-v1\types\meta.types.ts"
"UNKNOWN","\intelligence\cognitive-runtime-bridge-v1\index.ts"
"UNKNOWN","\intelligence\cognitive-runtime-bridge-v1\contracts\integration.contracts.ts"
"UNKNOWN","\intelligence\cognitive-runtime-bridge-v1\integration\processor.ts"
"UNKNOWN","\intelligence\cognitive-runtime-bridge-v1\models\integration.model.ts"
"UNKNOWN","\intelligence\cognitive-runtime-bridge-v1\runtime\bridge.ts"
"UNKNOWN","\intelligence\cognitive-runtime-bridge-v1\types\integration.types.ts"
"UNKNOWN","\intelligence\cognitive-runtime-controller-v1\index.ts"
"UNKNOWN","\intelligence\cognitive-runtime-controller-v1\contracts\kernel.contracts.ts"
"UNKNOWN","\intelligence\cognitive-runtime-controller-v1\kernel\processor.ts"
"UNKNOWN","\intelligence\cognitive-runtime-controller-v1\models\kernel.model.ts"
"UNKNOWN","\intelligence\cognitive-runtime-controller-v1\runtime\controller.ts"
"UNKNOWN","\intelligence\cognitive-runtime-controller-v1\types\kernel.types.ts"
"UNKNOWN","\intelligence\cognitive-signal-router-v1\index.ts"
"UNKNOWN","\intelligence\cognitive-signal-router-v1\contracts\integration.contracts.ts"
"UNKNOWN","\intelligence\cognitive-signal-router-v1\integration\processor.ts"
"UNKNOWN","\intelligence\cognitive-signal-router-v1\models\integration.model.ts"
"UNKNOWN","\intelligence\cognitive-signal-router-v1\runtime\bridge.ts"
"UNKNOWN","\intelligence\cognitive-signal-router-v1\types\integration.types.ts"
"UNKNOWN","\intelligence\collaboration-identity-engine-v1\index.ts"
"UNKNOWN","\intelligence\collaboration-identity-engine-v1\collaboration\processor.ts"
"UNKNOWN","\intelligence\collaboration-identity-engine-v1\contracts\collaboration.contracts.ts"
"UNKNOWN","\intelligence\collaboration-identity-engine-v1\models\collaboration.model.ts"
"UNKNOWN","\intelligence\collaboration-identity-engine-v1\runtime\controller.ts"
"UNKNOWN","\intelligence\collaboration-identity-engine-v1\types\collaboration.types.ts"
"UNKNOWN","\intelligence\collaboration-runtime-v1\index.ts"
"UNKNOWN","\intelligence\collaboration-runtime-v1\collaboration\processor.ts"
"UNKNOWN","\intelligence\collaboration-runtime-v1\contracts\collaboration.contracts.ts"
"UNKNOWN","\intelligence\collaboration-runtime-v1\models\collaboration.model.ts"
"UNKNOWN","\intelligence\collaboration-runtime-v1\runtime\controller.ts"
"UNKNOWN","\intelligence\collaboration-runtime-v1\types\collaboration.types.ts"
"UNKNOWN","\intelligence\collaborative-intelligence-platform-v1\index.ts"
"UNKNOWN","\intelligence\collaborative-intelligence-platform-v1\contracts\coordination.contracts.ts"
"UNKNOWN","\intelligence\collaborative-intelligence-platform-v1\coordination\processor.ts"
"UNKNOWN","\intelligence\collaborative-intelligence-platform-v1\models\coordination.model.ts"
"UNKNOWN","\intelligence\collaborative-intelligence-platform-v1\runtime\controller.ts"
"UNKNOWN","\intelligence\collaborative-intelligence-platform-v1\types\coordination.types.ts"
"UNKNOWN","\intelligence\collaborative-reasoning-runtime-engine-v1\index.ts"
"UNKNOWN","\intelligence\collaborative-reasoning-runtime-engine-v1\agents\processor.ts"
"UNKNOWN","\intelligence\collaborative-reasoning-runtime-engine-v1\contracts\agent.contracts.ts"
"UNKNOWN","\intelligence\collaborative-reasoning-runtime-engine-v1\models\agent.model.ts"
"UNKNOWN","\intelligence\collaborative-reasoning-runtime-engine-v1\runtime\controller.ts"
"UNKNOWN","\intelligence\collaborative-reasoning-runtime-engine-v1\types\agent.types.ts"
"UNKNOWN","\intelligence\collective-decision-engine-v1\index.ts"
"UNKNOWN","\intelligence\collective-decision-engine-v1\contracts\decision.contracts.ts"
"UNKNOWN","\intelligence\collective-decision-engine-v1\contracts\reasoning.contracts.ts"
"UNKNOWN","\intelligence\collective-decision-engine-v1\decision\processor.ts"
"UNKNOWN","\intelligence\collective-decision-engine-v1\models\decision.model.ts"
"UNKNOWN","\intelligence\collective-decision-engine-v1\models\reasoning.model.ts"
"UNKNOWN","\intelligence\collective-decision-engine-v1\reasoning\processor.ts"
"UNKNOWN","\intelligence\collective-decision-engine-v1\runtime\controller.ts"
"UNKNOWN","\intelligence\collective-decision-engine-v1\types\decision.types.ts"
"UNKNOWN","\intelligence\collective-decision-engine-v1\types\reasoning.types.ts"
"UNKNOWN","\intelligence\collective-decision-runtime-v1\index.ts"
"UNKNOWN","\intelligence\collective-decision-runtime-v1\contracts\reasoning.contracts.ts"
"UNKNOWN","\intelligence\collective-decision-runtime-v1\models\reasoning.model.ts"
"UNKNOWN","\intelligence\collective-decision-runtime-v1\reasoning\processor.ts"
"UNKNOWN","\intelligence\collective-decision-runtime-v1\runtime\controller.ts"
"UNKNOWN","\intelligence\collective-decision-runtime-v1\types\reasoning.types.ts"
"UNKNOWN","\intelligence\collective-decision-synthesizer-v1\index.ts"
"UNKNOWN","\intelligence\collective-decision-synthesizer-v1\contracts\reasoning.contracts.ts"
"UNKNOWN","\intelligence\collective-decision-synthesizer-v1\models\reasoning.model.ts"
"UNKNOWN","\intelligence\collective-decision-synthesizer-v1\reasoning\processor.ts"
"UNKNOWN","\intelligence\collective-decision-synthesizer-v1\runtime\controller.ts"
"UNKNOWN","\intelligence\collective-decision-synthesizer-v1\types\reasoning.types.ts"
"UNKNOWN","\intelligence\collective-evolution-engine-v1\index.ts"
"UNKNOWN","\intelligence\collective-evolution-engine-v1\contracts\evolution.contracts.ts"
"UNKNOWN","\intelligence\collective-evolution-engine-v1\evolution\processor.ts"
"UNKNOWN","\intelligence\collective-evolution-engine-v1\models\evolution.model.ts"
"UNKNOWN","\intelligence\collective-evolution-engine-v1\runtime\controller.ts"
"UNKNOWN","\intelligence\collective-evolution-engine-v1\types\evolution.types.ts"
"UNKNOWN","\intelligence\collective-execution-engine-v1\index.ts"
"UNKNOWN","\intelligence\collective-execution-engine-v1\action\processor.ts"
"UNKNOWN","\intelligence\collective-execution-engine-v1\contracts\action.contracts.ts"
"UNKNOWN","\intelligence\collective-execution-engine-v1\models\action.model.ts"
"UNKNOWN","\intelligence\collective-execution-engine-v1\runtime\controller.ts"
"UNKNOWN","\intelligence\collective-execution-engine-v1\types\action.types.ts"
"UNKNOWN","\intelligence\collective-improvement-engine-v1\index.ts"
"UNKNOWN","\intelligence\collective-improvement-engine-v1\contracts\learning.contracts.ts"
"UNKNOWN","\intelligence\collective-improvement-engine-v1\learning\processor.ts"
"UNKNOWN","\intelligence\collective-improvement-engine-v1\models\learning.model.ts"
"UNKNOWN","\intelligence\collective-improvement-engine-v1\runtime\controller.ts"
"UNKNOWN","\intelligence\collective-improvement-engine-v1\types\learning.types.ts"
"UNKNOWN","\intelligence\collective-insight-engine-v1\index.ts"
"UNKNOWN","\intelligence\collective-insight-engine-v1\contracts\reasoning.contracts.ts"
"UNKNOWN","\intelligence\collective-insight-engine-v1\models\reasoning.model.ts"
"UNKNOWN","\intelligence\collective-insight-engine-v1\reasoning\processor.ts"
"UNKNOWN","\intelligence\collective-insight-engine-v1\runtime\controller.ts"
"UNKNOWN","\intelligence\collective-insight-engine-v1\types\reasoning.types.ts"
"UNKNOWN","\intelligence\collective-intelligence-coordination-v1\index.ts"
"UNKNOWN","\intelligence\collective-intelligence-coordination-v1\civilization\processor.ts"
"UNKNOWN","\intelligence\collective-intelligence-coordination-v1\contracts\civilization.contracts.ts"
"UNKNOWN","\intelligence\collective-intelligence-coordination-v1\models\civilization.model.ts"
"UNKNOWN","\intelligence\collective-intelligence-coordination-v1\runtime\controller.ts"
"UNKNOWN","\intelligence\collective-intelligence-coordination-v1\types\civilization.types.ts"
"UNKNOWN","\intelligence\collective-intelligence-platform-v1\index.ts"
"UNKNOWN","\intelligence\collective-intelligence-platform-v1\contracts\reasoning.contracts.ts"
"UNKNOWN","\intelligence\collective-intelligence-platform-v1\models\reasoning.model.ts"
"UNKNOWN","\intelligence\collective-intelligence-platform-v1\reasoning\processor.ts"
"UNKNOWN","\intelligence\collective-intelligence-platform-v1\runtime\controller.ts"
"UNKNOWN","\intelligence\collective-intelligence-platform-v1\types\reasoning.types.ts"
"UNKNOWN","\intelligence\collective-intelligence-registry-v1\index.ts"
"UNKNOWN","\intelligence\collective-memory-decision-engine-v1\index.ts"
"UNKNOWN","\intelligence\collective-memory-decision-engine-v1\contracts\collective-memory.contracts.ts"
"UNKNOWN","\intelligence\collective-memory-decision-engine-v1\memory\processor.ts"
"UNKNOWN","\intelligence\collective-memory-decision-engine-v1\models\collective-memory.model.ts"
"UNKNOWN","\intelligence\collective-memory-decision-engine-v1\runtime\controller.ts"
"UNKNOWN","\intelligence\collective-memory-decision-engine-v1\types\collective-memory.types.ts"
"UNKNOWN","\intelligence\collective-reasoning-registry-v1\index.ts"
"UNKNOWN","\intelligence\collective-wisdom-engine-v1\index.ts"
"UNKNOWN","\intelligence\collective-wisdom-engine-v1\contracts\knowledge.contracts.ts"
"UNKNOWN","\intelligence\collective-wisdom-engine-v1\knowledge\processor.ts"
"UNKNOWN","\intelligence\collective-wisdom-engine-v1\models\knowledge.model.ts"
"UNKNOWN","\intelligence\collective-wisdom-engine-v1\runtime\controller.ts"
"UNKNOWN","\intelligence\collective-wisdom-engine-v1\types\knowledge.types.ts"
"UNKNOWN","\intelligence\communication-protocol-engine-v1\index.ts"
"UNKNOWN","\intelligence\communication-protocol-engine-v1\contracts\protocol.contracts.ts"
"UNKNOWN","\intelligence\communication-protocol-engine-v1\models\protocol.model.ts"
"UNKNOWN","\intelligence\communication-protocol-engine-v1\protocol\processor.ts"
"UNKNOWN","\intelligence\communication-protocol-engine-v1\runtime\controller.ts"
"UNKNOWN","\intelligence\communication-protocol-engine-v1\types\protocol.types.ts"
"UNKNOWN","\intelligence\compliance-audit-engine-v1\index.ts"
"UNKNOWN","\intelligence\compliance-audit-engine-v1\audit\processor.ts"
"UNKNOWN","\intelligence\compliance-audit-engine-v1\contracts\audit.contracts.ts"
"UNKNOWN","\intelligence\compliance-audit-engine-v1\models\audit.model.ts"
"UNKNOWN","\intelligence\compliance-audit-engine-v1\runtime\controller.ts"
"UNKNOWN","\intelligence\compliance-audit-engine-v1\types\audit.types.ts"
"UNKNOWN","\intelligence\compliance-monitor-runtime-v1\index.ts"
"UNKNOWN","\intelligence\compliance-monitor-runtime-v1\contracts\governance.contracts.ts"
"UNKNOWN","\intelligence\compliance-monitor-runtime-v1\governance\processor.ts"
"UNKNOWN","\intelligence\compliance-monitor-runtime-v1\models\governance.model.ts"
"UNKNOWN","\intelligence\compliance-monitor-runtime-v1\runtime\monitor.ts"
"UNKNOWN","\intelligence\compliance-monitor-runtime-v1\types\governance.types.ts"
"UNKNOWN","\intelligence\compliance-monitor-v1\index.ts"
"UNKNOWN","\intelligence\compliance-monitor-v1\contracts\governance.contracts.ts"
"UNKNOWN","\intelligence\compliance-monitor-v1\governance\processor.ts"
"UNKNOWN","\intelligence\compliance-monitor-v1\models\governance.model.ts"
"UNKNOWN","\intelligence\compliance-monitor-v1\runtime\controller.ts"
"UNKNOWN","\intelligence\compliance-monitor-v1\types\governance.types.ts"
"UNKNOWN","\intelligence\compliance-monitoring-engine-v1\index.ts"
"UNKNOWN","\intelligence\compliance-monitoring-engine-v1\contracts\governance.contracts.ts"
"UNKNOWN","\intelligence\compliance-monitoring-engine-v1\control\monitor.ts"
"UNKNOWN","\intelligence\compliance-monitoring-engine-v1\governance\processor.ts"
"UNKNOWN","\intelligence\compliance-monitoring-engine-v1\models\governance.model.ts"
"UNKNOWN","\intelligence\compliance-monitoring-engine-v1\types\governance.types.ts"
"UNKNOWN","\intelligence\component-orchestration-engine-v1\index.ts"
"UNKNOWN","\intelligence\component-orchestration-engine-v1\contracts\integration.contracts.ts"
"UNKNOWN","\intelligence\component-orchestration-engine-v1\integration\processor.ts"
"UNKNOWN","\intelligence\component-orchestration-engine-v1\models\integration.model.ts"
"UNKNOWN","\intelligence\component-orchestration-engine-v1\runtime\controller.ts"
"UNKNOWN","\intelligence\component-orchestration-engine-v1\types\integration.types.ts"
"UNKNOWN","\intelligence\confidence-analysis-engine-v1\index.ts"
"UNKNOWN","\intelligence\confidence-analysis-engine-v1\contracts\decision.contracts.ts"
"UNKNOWN","\intelligence\confidence-analysis-engine-v1\decision\processor.ts"
"UNKNOWN","\intelligence\confidence-analysis-engine-v1\models\decision.model.ts"
"UNKNOWN","\intelligence\confidence-analysis-engine-v1\runtime\controller.ts"
"UNKNOWN","\intelligence\confidence-analysis-engine-v1\types\decision.types.ts"
"UNKNOWN","\intelligence\confidence-decision-engine-v1\index.ts"
"UNKNOWN","\intelligence\confidence-decision-engine-v1\contracts\trust.contracts.ts"
"UNKNOWN","\intelligence\confidence-decision-engine-v1\models\trust.model.ts"
"UNKNOWN","\intelligence\confidence-decision-engine-v1\runtime\controller.ts"
"UNKNOWN","\intelligence\confidence-decision-engine-v1\types\trust.types.ts"
"UNKNOWN","\intelligence\confidence-decision-engine-v1\verification\processor.ts"
"UNKNOWN","\intelligence\confidence-engine-v1\index.ts"
"UNKNOWN","\intelligence\confidence-engine-v1\contracts\trust.contracts.ts"
"UNKNOWN","\intelligence\confidence-engine-v1\models\trust.model.ts"
"UNKNOWN","\intelligence\confidence-engine-v1\runtime\controller.ts"
"UNKNOWN","\intelligence\confidence-engine-v1\trust\processor.ts"
"UNKNOWN","\intelligence\confidence-engine-v1\types\trust.types.ts"
"UNKNOWN","\intelligence\confidence-evaluation-engine-v1\index.ts"
"UNKNOWN","\intelligence\confidence-evaluation-engine-v1\contracts\decision.contracts.ts"
"UNKNOWN","\intelligence\confidence-evaluation-engine-v1\decision\processor.ts"
"UNKNOWN","\intelligence\confidence-evaluation-engine-v1\models\decision.model.ts"
"UNKNOWN","\intelligence\confidence-evaluation-engine-v1\runtime\controller.ts"
"UNKNOWN","\intelligence\confidence-evaluation-engine-v1\types\decision.types.ts"
"UNKNOWN","\intelligence\conscious-evolution-platform-v1\index.ts"
"UNKNOWN","\intelligence\conscious-evolution-platform-v1\contracts\evolution.contracts.ts"
"UNKNOWN","\intelligence\conscious-evolution-platform-v1\evolution\processor.ts"
"UNKNOWN","\intelligence\conscious-evolution-platform-v1\models\evolution.model.ts"
"UNKNOWN","\intelligence\conscious-evolution-platform-v1\runtime\controller.ts"
"UNKNOWN","\intelligence\conscious-evolution-platform-v1\types\evolution.types.ts"
"UNKNOWN","\intelligence\conscious-evolution-registry-v1\index.ts"
"UNKNOWN","\intelligence\consciousness-evaluation-engine-v1\index.ts"
"UNKNOWN","\intelligence\consciousness-evaluation-engine-v1\consciousness\processor.ts"
"UNKNOWN","\intelligence\consciousness-evaluation-engine-v1\contracts\consciousness.contracts.ts"
"UNKNOWN","\intelligence\consciousness-evaluation-engine-v1\models\consciousness.model.ts"
"UNKNOWN","\intelligence\consciousness-evaluation-engine-v1\runtime\controller.ts"
"UNKNOWN","\intelligence\consciousness-evaluation-engine-v1\types\consciousness.types.ts"
"UNKNOWN","\intelligence\consciousness-intelligence-engine-v1\index.ts"
"UNKNOWN","\intelligence\consciousness-intelligence-engine-v1\consciousness\processor.ts"
"UNKNOWN","\intelligence\consciousness-intelligence-engine-v1\contracts\consciousness.contracts.ts"
"UNKNOWN","\intelligence\consciousness-intelligence-engine-v1\models\consciousness.model.ts"
"UNKNOWN","\intelligence\consciousness-intelligence-engine-v1\runtime\controller.ts"
"UNKNOWN","\intelligence\consciousness-intelligence-engine-v1\types\consciousness.types.ts"
"UNKNOWN","\intelligence\consensus-reasoning-engine-v1\index.ts"
"UNKNOWN","\intelligence\consensus-reasoning-engine-v1\contracts\reasoning.contracts.ts"
"UNKNOWN","\intelligence\consensus-reasoning-engine-v1\models\reasoning.model.ts"
"UNKNOWN","\intelligence\consensus-reasoning-engine-v1\reasoning\processor.ts"
"UNKNOWN","\intelligence\consensus-reasoning-engine-v1\runtime\controller.ts"
"UNKNOWN","\intelligence\consensus-reasoning-engine-v1\types\reasoning.types.ts"
"UNKNOWN","\intelligence\consistency-management-engine-v1\index.ts"
"UNKNOWN","\intelligence\consistency-management-engine-v1\contracts\synchronization.contracts.ts"
"UNKNOWN","\intelligence\consistency-management-engine-v1\models\synchronization.model.ts"
"UNKNOWN","\intelligence\consistency-management-engine-v1\runtime\controller.ts"
"UNKNOWN","\intelligence\consistency-management-engine-v1\synchronization\processor.ts"
"UNKNOWN","\intelligence\consistency-management-engine-v1\types\synchronization.types.ts"
"UNKNOWN","\intelligence\content-intelligence-runtime-v1\index.ts"
"UNKNOWN","\intelligence\content-intelligence-runtime-v1\content\processor.ts"
"UNKNOWN","\intelligence\content-intelligence-runtime-v1\contracts\content.contracts.ts"
"UNKNOWN","\intelligence\content-intelligence-runtime-v1\models\content.model.ts"
"UNKNOWN","\intelligence\content-intelligence-runtime-v1\runtime\controller.ts"
"UNKNOWN","\intelligence\content-intelligence-runtime-v1\types\content.types.ts"
"UNKNOWN","\intelligence\content-network-mapping-engine-v1\index.ts"
"UNKNOWN","\intelligence\content-network-mapping-engine-v1\content\processor.ts"
"UNKNOWN","\intelligence\content-network-mapping-engine-v1\contracts\content.contracts.ts"
"UNKNOWN","\intelligence\content-network-mapping-engine-v1\models\content.model.ts"
"UNKNOWN","\intelligence\content-network-mapping-engine-v1\runtime\controller.ts"
"UNKNOWN","\intelligence\content-network-mapping-engine-v1\types\content.types.ts"
"UNKNOWN","\intelligence\content-recommendation-engine-v1\index.ts"
"UNKNOWN","\intelligence\content-recommendation-engine-v1\content\processor.ts"
"UNKNOWN","\intelligence\content-recommendation-engine-v1\contracts\content.contracts.ts"
"UNKNOWN","\intelligence\content-recommendation-engine-v1\models\content.model.ts"
"UNKNOWN","\intelligence\content-recommendation-engine-v1\runtime\controller.ts"
"UNKNOWN","\intelligence\content-recommendation-engine-v1\types\content.types.ts"
"UNKNOWN","\intelligence\content-registry-engine-v1\index.ts"
"UNKNOWN","\intelligence\content-registry-engine-v1\content\processor.ts"
"UNKNOWN","\intelligence\content-registry-engine-v1\contracts\content.contracts.ts"
"UNKNOWN","\intelligence\content-registry-engine-v1\models\content.model.ts"
"UNKNOWN","\intelligence\content-registry-engine-v1\runtime\controller.ts"
"UNKNOWN","\intelligence\content-registry-engine-v1\types\content.types.ts"
"UNKNOWN","\intelligence\context-adaptation-engine-v1\index.ts"
"UNKNOWN","\intelligence\context-adaptation-engine-v1\adaptation\processor.ts"
"UNKNOWN","\intelligence\context-adaptation-engine-v1\contracts\adaptation.contracts.ts"
"UNKNOWN","\intelligence\context-adaptation-engine-v1\models\adaptation.model.ts"
"UNKNOWN","\intelligence\context-adaptation-engine-v1\runtime\controller.ts"
"UNKNOWN","\intelligence\context-adaptation-engine-v1\types\adaptation.types.ts"
"UNKNOWN","\intelligence\context-understanding-runtime-v1\index.ts"
"UNKNOWN","\intelligence\context-understanding-runtime-v1\analysis\pattern.ts"
"UNKNOWN","\intelligence\context-understanding-runtime-v1\contracts\reasoning.contracts.ts"
"UNKNOWN","\intelligence\context-understanding-runtime-v1\models\reasoning.model.ts"
"UNKNOWN","\intelligence\context-understanding-runtime-v1\reasoning\processor.ts"
"UNKNOWN","\intelligence\context-understanding-runtime-v1\types\reasoning.types.ts"
"UNKNOWN","\intelligence\contextual-reasoning-engine-v1\index.ts"
"UNKNOWN","\intelligence\contextual-reasoning-engine-v1\contracts\semantic.contracts.ts"
"UNKNOWN","\intelligence\contextual-reasoning-engine-v1\models\semantic.model.ts"
"UNKNOWN","\intelligence\contextual-reasoning-engine-v1\reasoning\processor.ts"
"UNKNOWN","\intelligence\contextual-reasoning-engine-v1\runtime\controller.ts"
"UNKNOWN","\intelligence\contextual-reasoning-engine-v1\types\semantic.types.ts"
"UNKNOWN","\intelligence\continuity-management-engine-v1\index.ts"
"UNKNOWN","\intelligence\continuity-management-engine-v1\contracts\identity.contracts.ts"
"UNKNOWN","\intelligence\continuity-management-engine-v1\identity\processor.ts"
"UNKNOWN","\intelligence\continuity-management-engine-v1\models\identity.model.ts"
"UNKNOWN","\intelligence\continuity-management-engine-v1\runtime\controller.ts"
"UNKNOWN","\intelligence\continuity-management-engine-v1\types\identity.types.ts"
"UNKNOWN","\intelligence\continuous-adaptation-engine-v1\index.ts"
"UNKNOWN","\intelligence\continuous-adaptation-engine-v1\contracts\evolution.contracts.ts"
"UNKNOWN","\intelligence\continuous-adaptation-engine-v1\evolution\processor.ts"
"UNKNOWN","\intelligence\continuous-adaptation-engine-v1\models\evolution.model.ts"
"UNKNOWN","\intelligence\continuous-adaptation-engine-v1\runtime\controller.ts"
"UNKNOWN","\intelligence\continuous-adaptation-engine-v1\types\evolution.types.ts"
"UNKNOWN","\intelligence\continuous-evolution-core-v1\index.ts"
"UNKNOWN","\intelligence\continuous-evolution-core-v1\contracts\evolution.contracts.ts"
"UNKNOWN","\intelligence\continuous-evolution-core-v1\evolution\processor.ts"
"UNKNOWN","\intelligence\continuous-evolution-core-v1\models\evolution.model.ts"
"UNKNOWN","\intelligence\continuous-evolution-core-v1\runtime\controller.ts"
"UNKNOWN","\intelligence\continuous-evolution-core-v1\types\evolution.types.ts"
"UNKNOWN","\intelligence\continuous-evolution-registry-v1\index.ts"
"UNKNOWN","\intelligence\continuous-improvement-engine-v1\index.ts"
"UNKNOWN","\intelligence\continuous-improvement-engine-v1\contracts\optimization.contracts.ts"
"UNKNOWN","\intelligence\continuous-improvement-engine-v1\models\optimization.model.ts"
"UNKNOWN","\intelligence\continuous-improvement-engine-v1\optimization\processor.ts"
"UNKNOWN","\intelligence\continuous-improvement-engine-v1\runtime\controller.ts"
"UNKNOWN","\intelligence\continuous-improvement-engine-v1\types\optimization.types.ts"
"UNKNOWN","\intelligence\convergence-evaluation-engine-v1\index.ts"
"UNKNOWN","\intelligence\convergence-evaluation-engine-v1\contracts\convergence.contracts.ts"
"UNKNOWN","\intelligence\convergence-evaluation-engine-v1\convergence\processor.ts"
"UNKNOWN","\intelligence\convergence-evaluation-engine-v1\models\convergence.model.ts"
"UNKNOWN","\intelligence\convergence-evaluation-engine-v1\runtime\controller.ts"
"UNKNOWN","\intelligence\convergence-evaluation-engine-v1\types\convergence.types.ts"
"UNKNOWN","\intelligence\convergence-intelligence-engine-v1\index.ts"
"UNKNOWN","\intelligence\convergence-intelligence-engine-v1\contracts\convergence.contracts.ts"
"UNKNOWN","\intelligence\convergence-intelligence-engine-v1\convergence\processor.ts"
"UNKNOWN","\intelligence\convergence-intelligence-engine-v1\models\convergence.model.ts"
"UNKNOWN","\intelligence\convergence-intelligence-engine-v1\runtime\controller.ts"
"UNKNOWN","\intelligence\convergence-intelligence-engine-v1\types\convergence.types.ts"
"UNKNOWN","\intelligence\convergence-operating-registry-v1\index.ts"
"UNKNOWN","\intelligence\convergence-runtime-engine-v1\index.ts"
"UNKNOWN","\intelligence\convergence-runtime-engine-v1\contracts\convergence.contracts.ts"
"UNKNOWN","\intelligence\convergence-runtime-engine-v1\convergence\processor.ts"
"UNKNOWN","\intelligence\convergence-runtime-engine-v1\models\convergence.model.ts"
"UNKNOWN","\intelligence\convergence-runtime-engine-v1\runtime\controller.ts"
"UNKNOWN","\intelligence\convergence-runtime-engine-v1\types\convergence.types.ts"
"UNKNOWN","\intelligence\coordination-evaluation-engine-v1\index.ts"
"UNKNOWN","\intelligence\coordination-evaluation-engine-v1\contracts\coordination.contracts.ts"
"UNKNOWN","\intelligence\coordination-evaluation-engine-v1\coordination\processor.ts"
"UNKNOWN","\intelligence\coordination-evaluation-engine-v1\models\coordination.model.ts"
"UNKNOWN","\intelligence\coordination-evaluation-engine-v1\runtime\controller.ts"
"UNKNOWN","\intelligence\coordination-evaluation-engine-v1\types\coordination.types.ts"
"UNKNOWN","\intelligence\coordination-intelligence-engine-v1\index.ts"
"UNKNOWN","\intelligence\coordination-intelligence-engine-v1\contracts\coordination.contracts.ts"
"UNKNOWN","\intelligence\coordination-intelligence-engine-v1\coordination\processor.ts"
"UNKNOWN","\intelligence\coordination-intelligence-engine-v1\models\coordination.model.ts"
"UNKNOWN","\intelligence\coordination-intelligence-engine-v1\runtime\controller.ts"
"UNKNOWN","\intelligence\coordination-intelligence-engine-v1\types\coordination.types.ts"
"UNKNOWN","\intelligence\coordination-optimization-engine-v1\index.ts"
"UNKNOWN","\intelligence\coordination-optimization-engine-v1\contracts\coordination.contracts.ts"
"UNKNOWN","\intelligence\coordination-optimization-engine-v1\coordination\processor.ts"
"UNKNOWN","\intelligence\coordination-optimization-engine-v1\models\coordination.model.ts"
"UNKNOWN","\intelligence\coordination-optimization-engine-v1\runtime\controller.ts"
"UNKNOWN","\intelligence\coordination-optimization-engine-v1\types\coordination.types.ts"
"UNKNOWN","\intelligence\coordination-pattern-intelligence-engine-v1\index.ts"
"UNKNOWN","\intelligence\coordination-pattern-intelligence-engine-v1\contracts\coordination.contracts.ts"
"UNKNOWN","\intelligence\coordination-pattern-intelligence-engine-v1\coordination\processor.ts"
"UNKNOWN","\intelligence\coordination-pattern-intelligence-engine-v1\models\coordination.model.ts"
"UNKNOWN","\intelligence\coordination-pattern-intelligence-engine-v1\runtime\controller.ts"
"UNKNOWN","\intelligence\coordination-pattern-intelligence-engine-v1\types\coordination.types.ts"
"UNKNOWN","\intelligence\creativity-evaluation-engine-v1\index.ts"
"UNKNOWN","\intelligence\creativity-evaluation-engine-v1\contracts\creativity.contracts.ts"
"UNKNOWN","\intelligence\creativity-evaluation-engine-v1\creativity\processor.ts"
"UNKNOWN","\intelligence\creativity-evaluation-engine-v1\models\creativity.model.ts"
"UNKNOWN","\intelligence\creativity-evaluation-engine-v1\runtime\controller.ts"
"UNKNOWN","\intelligence\creativity-evaluation-engine-v1\types\creativity.types.ts"
"UNKNOWN","\intelligence\creativity-intelligence-engine-v1\index.ts"
"UNKNOWN","\intelligence\creativity-intelligence-engine-v1\contracts\creativity.contracts.ts"
"UNKNOWN","\intelligence\creativity-intelligence-engine-v1\creativity\processor.ts"
"UNKNOWN","\intelligence\creativity-intelligence-engine-v1\models\creativity.model.ts"
"UNKNOWN","\intelligence\creativity-intelligence-engine-v1\runtime\controller.ts"
"UNKNOWN","\intelligence\creativity-intelligence-engine-v1\types\creativity.types.ts"
"UNKNOWN","\intelligence\creativity-optimization-engine-v1\index.ts"
"UNKNOWN","\intelligence\creativity-optimization-engine-v1\contracts\creativity.contracts.ts"
"UNKNOWN","\intelligence\creativity-optimization-engine-v1\creativity\processor.ts"
"UNKNOWN","\intelligence\creativity-optimization-engine-v1\models\creativity.model.ts"
"UNKNOWN","\intelligence\creativity-optimization-engine-v1\runtime\controller.ts"
"UNKNOWN","\intelligence\creativity-optimization-engine-v1\types\creativity.types.ts"
"UNKNOWN","\intelligence\cross-domain-intelligence-bridge-v1\index.ts"
"GENERATED_OR_BACKUP","\intelligence\cross-domain-intelligence-bridge-v1\index.ts.backup-20260907-020142"
"UNKNOWN","\intelligence\cross-domain-intelligence-bridge-v1\architecture\processor.ts"
"UNKNOWN","\intelligence\cross-domain-intelligence-bridge-v1\contracts\architecture.contracts.ts"
"UNKNOWN","\intelligence\cross-domain-intelligence-bridge-v1\contracts\knowledge.contracts.ts"
"UNKNOWN","\intelligence\cross-domain-intelligence-bridge-v1\knowledge\processor.ts"
"UNKNOWN","\intelligence\cross-domain-intelligence-bridge-v1\models\architecture.model.ts"
"UNKNOWN","\intelligence\cross-domain-intelligence-bridge-v1\models\knowledge.model.ts"
"UNKNOWN","\intelligence\cross-domain-intelligence-bridge-v1\runtime\controller.ts"
"GENERATED_OR_BACKUP","\intelligence\cross-domain-intelligence-bridge-v1\runtime\controller.ts.backup-20260907-020142"
"UNKNOWN","\intelligence\cross-domain-intelligence-bridge-v1\types\architecture.types.ts"
"UNKNOWN","\intelligence\cross-domain-intelligence-bridge-v1\types\knowledge.types.ts"
"UNKNOWN","\intelligence\cross-intelligence-communication-bus-v1\index.ts"
"UNKNOWN","\intelligence\cross-intelligence-communication-bus-v1\contracts\orchestration.contracts.ts"
"UNKNOWN","\intelligence\cross-intelligence-communication-bus-v1\models\orchestration.model.ts"
"UNKNOWN","\intelligence\cross-intelligence-communication-bus-v1\orchestration\processor.ts"
"UNKNOWN","\intelligence\cross-intelligence-communication-bus-v1\runtime\controller.ts"
"UNKNOWN","\intelligence\cross-intelligence-communication-bus-v1\types\orchestration.types.ts"
"UNKNOWN","\intelligence\cross-layer-coordination-engine-v1\index.ts"
"UNKNOWN","\intelligence\cross-layer-coordination-engine-v1\contracts\os.contracts.ts"
"UNKNOWN","\intelligence\cross-layer-coordination-engine-v1\core\processor.ts"
"UNKNOWN","\intelligence\cross-layer-coordination-engine-v1\models\os.model.ts"
"UNKNOWN","\intelligence\cross-layer-coordination-engine-v1\runtime\controller.ts"
"UNKNOWN","\intelligence\cross-layer-coordination-engine-v1\types\os.types.ts"
"UNKNOWN","\intelligence\cross-module-communication-layer-v1\index.ts"
"UNKNOWN","\intelligence\cross-module-communication-layer-v1\api\processor.ts"
"UNKNOWN","\intelligence\cross-module-communication-layer-v1\contracts\api.contracts.ts"
"UNKNOWN","\intelligence\cross-module-communication-layer-v1\models\api.model.ts"
"UNKNOWN","\intelligence\cross-module-communication-layer-v1\runtime\controller.ts"
"UNKNOWN","\intelligence\cross-module-communication-layer-v1\types\api.types.ts"
"UNKNOWN","\intelligence\cross-node-sync-engine-v1\index.ts"
"UNKNOWN","\intelligence\cross-node-sync-engine-v1\contracts\federation.contracts.ts"
"UNKNOWN","\intelligence\cross-node-sync-engine-v1\federation\processor.ts"
"UNKNOWN","\intelligence\cross-node-sync-engine-v1\models\federation.model.ts"
"UNKNOWN","\intelligence\cross-node-sync-engine-v1\runtime\controller.ts"
"UNKNOWN","\intelligence\cross-node-sync-engine-v1\types\federation.types.ts"
"UNKNOWN","\intelligence\cross-system-bridge-engine-v1\index.ts"
"GENERATED_OR_BACKUP","\intelligence\cross-system-bridge-engine-v1\index.ts.backup-20260907-005517"
"UNKNOWN","\intelligence\cross-system-bridge-engine-v1\contracts\integration.contracts.ts"
"GENERATED_OR_BACKUP","\intelligence\cross-system-bridge-engine-v1\contracts\integration.contracts.ts.backup-20260907-005517"
"UNKNOWN","\intelligence\cross-system-bridge-engine-v1\integration\processor.ts"
"GENERATED_OR_BACKUP","\intelligence\cross-system-bridge-engine-v1\integration\processor.ts.backup-20260907-005517"
"UNKNOWN","\intelligence\cross-system-bridge-engine-v1\models\integration.model.ts"
"GENERATED_OR_BACKUP","\intelligence\cross-system-bridge-engine-v1\models\integration.model.ts.backup-20260907-005517"
"UNKNOWN","\intelligence\cross-system-bridge-engine-v1\runtime\controller.ts"
"GENERATED_OR_BACKUP","\intelligence\cross-system-bridge-engine-v1\runtime\controller.ts.backup-20260907-005517"
"UNKNOWN","\intelligence\cross-system-bridge-engine-v1\types\integration.types.ts"
"GENERATED_OR_BACKUP","\intelligence\cross-system-bridge-engine-v1\types\integration.types.ts.backup-20260907-005517"
"UNKNOWN","\intelligence\cross-system-bridge-registry-v1\index.ts"
"UNKNOWN","\intelligence\cross-system-coordination-layer-v1\index.ts"
"UNKNOWN","\intelligence\cross-system-coordination-layer-v1\contracts\coordination.contracts.ts"
"UNKNOWN","\intelligence\cross-system-coordination-layer-v1\coordination\processor.ts"
"UNKNOWN","\intelligence\cross-system-coordination-layer-v1\models\coordination.model.ts"
"UNKNOWN","\intelligence\cross-system-coordination-layer-v1\routing\router.ts"
"UNKNOWN","\intelligence\cross-system-coordination-layer-v1\types\coordination.types.ts"
"UNKNOWN","\intelligence\cross-system-exchange-engine-v1\index.ts"
"UNKNOWN","\intelligence\cross-system-exchange-engine-v1\bridge\processor.ts"
"UNKNOWN","\intelligence\cross-system-exchange-engine-v1\contracts\bridge.contracts.ts"
"UNKNOWN","\intelligence\cross-system-exchange-engine-v1\models\bridge.model.ts"
"UNKNOWN","\intelligence\cross-system-exchange-engine-v1\runtime\controller.ts"
"UNKNOWN","\intelligence\cross-system-exchange-engine-v1\types\bridge.types.ts"
"UNKNOWN","\intelligence\cross-system-intelligence-core-v1\index.ts"
"UNKNOWN","\intelligence\cross-system-intelligence-core-v1\bridge\processor.ts"
"UNKNOWN","\intelligence\cross-system-intelligence-core-v1\contracts\bridge.contracts.ts"
"UNKNOWN","\intelligence\cross-system-intelligence-core-v1\models\bridge.model.ts"
"UNKNOWN","\intelligence\cross-system-intelligence-core-v1\runtime\controller.ts"
"UNKNOWN","\intelligence\cross-system-intelligence-core-v1\types\bridge.types.ts"
"UNKNOWN","\intelligence\cross-system-intelligence-platform-v1\index.ts"
"UNKNOWN","\intelligence\cross-system-intelligence-platform-v1\bridge\processor.ts"
"UNKNOWN","\intelligence\cross-system-intelligence-platform-v1\contracts\bridge.contracts.ts"
"UNKNOWN","\intelligence\cross-system-intelligence-platform-v1\models\bridge.model.ts"
"UNKNOWN","\intelligence\cross-system-intelligence-platform-v1\runtime\controller.ts"
"UNKNOWN","\intelligence\cross-system-intelligence-platform-v1\types\bridge.types.ts"
"UNKNOWN","\intelligence\data-governance-runtime-v1\index.ts"
"UNKNOWN","\intelligence\data-governance-runtime-v1\contracts\data.contracts.ts"
"UNKNOWN","\intelligence\data-governance-runtime-v1\data\processor.ts"
"UNKNOWN","\intelligence\data-governance-runtime-v1\models\data.model.ts"
"UNKNOWN","\intelligence\data-governance-runtime-v1\runtime\controller.ts"
"UNKNOWN","\intelligence\data-governance-runtime-v1\types\data.types.ts"
"UNKNOWN","\intelligence\data-intelligence-core-v1\index.ts"
"UNKNOWN","\intelligence\data-intelligence-core-v1\contracts\data.contracts.ts"
"UNKNOWN","\intelligence\data-intelligence-core-v1\data\processor.ts"
"UNKNOWN","\intelligence\data-intelligence-core-v1\models\data.model.ts"
"UNKNOWN","\intelligence\data-intelligence-core-v1\runtime\controller.ts"
"UNKNOWN","\intelligence\data-intelligence-core-v1\types\data.types.ts"
"UNKNOWN","\intelligence\data-intelligence-registry-v1\index.ts"
"UNKNOWN","\intelligence\data-pipeline-orchestrator-v1\index.ts"
"UNKNOWN","\intelligence\data-pipeline-orchestrator-v1\contracts\data.contracts.ts"
"UNKNOWN","\intelligence\data-pipeline-orchestrator-v1\data\processor.ts"
"UNKNOWN","\intelligence\data-pipeline-orchestrator-v1\models\data.model.ts"
"UNKNOWN","\intelligence\data-pipeline-orchestrator-v1\runtime\controller.ts"
"UNKNOWN","\intelligence\data-pipeline-orchestrator-v1\types\data.types.ts"
"UNKNOWN","\intelligence\decision-audit-engine-v1\index.ts"
"UNKNOWN","\intelligence\decision-audit-engine-v1\audit\processor.ts"
"UNKNOWN","\intelligence\decision-audit-engine-v1\contracts\audit.contracts.ts"
"UNKNOWN","\intelligence\decision-audit-engine-v1\models\audit.model.ts"
"UNKNOWN","\intelligence\decision-audit-engine-v1\runtime\controller.ts"
"UNKNOWN","\intelligence\decision-audit-engine-v1\types\audit.types.ts"
"UNKNOWN","\intelligence\decision-compliance-engine-v1\index.ts"
"UNKNOWN","\intelligence\decision-compliance-engine-v1\contracts\governance.contracts.ts"
"UNKNOWN","\intelligence\decision-compliance-engine-v1\governance\processor.ts"
"UNKNOWN","\intelligence\decision-compliance-engine-v1\models\governance.model.ts"
"UNKNOWN","\intelligence\decision-compliance-engine-v1\runtime\controller.ts"
"UNKNOWN","\intelligence\decision-compliance-engine-v1\types\governance.types.ts"
"UNKNOWN","\intelligence\decision-context-engine-v1\index.ts"
"UNKNOWN","\intelligence\decision-context-engine-v1\contracts\decision.contracts.ts"
"UNKNOWN","\intelligence\decision-context-engine-v1\decision\processor.ts"
"UNKNOWN","\intelligence\decision-context-engine-v1\models\decision.model.ts"
"UNKNOWN","\intelligence\decision-context-engine-v1\runtime\controller.ts"
"UNKNOWN","\intelligence\decision-context-engine-v1\types\decision.types.ts"
"UNKNOWN","\intelligence\decision-context-intelligence-engine-v1\index.ts"
"UNKNOWN","\intelligence\decision-context-intelligence-engine-v1\contracts\decision.contracts.ts"
"UNKNOWN","\intelligence\decision-context-intelligence-engine-v1\decision\processor.ts"
"UNKNOWN","\intelligence\decision-context-intelligence-engine-v1\models\decision.model.ts"
"UNKNOWN","\intelligence\decision-context-intelligence-engine-v1\runtime\controller.ts"
"UNKNOWN","\intelligence\decision-context-intelligence-engine-v1\types\decision.types.ts"
"UNKNOWN","\intelligence\decision-context-resolution-engine-v1\index.ts"
"UNKNOWN","\intelligence\decision-context-resolution-engine-v1\contracts\decision.contracts.ts"
"UNKNOWN","\intelligence\decision-context-resolution-engine-v1\decision\processor.ts"
"UNKNOWN","\intelligence\decision-context-resolution-engine-v1\models\decision.model.ts"
"UNKNOWN","\intelligence\decision-context-resolution-engine-v1\strategy\evaluator.ts"
"UNKNOWN","\intelligence\decision-context-resolution-engine-v1\types\decision.types.ts"
"UNKNOWN","\intelligence\decision-coordination-engine-v1\index.ts"
"UNKNOWN","\intelligence\decision-coordination-engine-v1\contracts\decision.contracts.ts"
"UNKNOWN","\intelligence\decision-coordination-engine-v1\decision\processor.ts"
"UNKNOWN","\intelligence\decision-coordination-engine-v1\models\decision.model.ts"
"UNKNOWN","\intelligence\decision-coordination-engine-v1\runtime\controller.ts"
"UNKNOWN","\intelligence\decision-coordination-engine-v1\types\decision.types.ts"
"UNKNOWN","\intelligence\decision-criteria-analysis-engine-v1\index.ts"
"UNKNOWN","\intelligence\decision-criteria-analysis-engine-v1\contracts\decision.contracts.ts"
"UNKNOWN","\intelligence\decision-criteria-analysis-engine-v1\decision\processor.ts"
"UNKNOWN","\intelligence\decision-criteria-analysis-engine-v1\models\decision.model.ts"
"UNKNOWN","\intelligence\decision-criteria-analysis-engine-v1\runtime\controller.ts"
"UNKNOWN","\intelligence\decision-criteria-analysis-engine-v1\types\decision.types.ts"
"UNKNOWN","\intelligence\decision-evaluation-engine-v1\index.ts"
"GENERATED_OR_BACKUP","\intelligence\decision-evaluation-engine-v1\index.ts.backup-20260907-003324"
"UNKNOWN","\intelligence\decision-evaluation-engine-v1\contracts\decision.contracts.ts"
"GENERATED_OR_BACKUP","\intelligence\decision-evaluation-engine-v1\contracts\decision.contracts.ts.backup-20260907-003324"
"UNKNOWN","\intelligence\decision-evaluation-engine-v1\decision\processor.ts"
"GENERATED_OR_BACKUP","\intelligence\decision-evaluation-engine-v1\decision\processor.ts.backup-20260907-003324"
"UNKNOWN","\intelligence\decision-evaluation-engine-v1\models\decision.model.ts"
"GENERATED_OR_BACKUP","\intelligence\decision-evaluation-engine-v1\models\decision.model.ts.backup-20260907-003324"
"UNKNOWN","\intelligence\decision-evaluation-engine-v1\runtime\controller.ts"
"GENERATED_OR_BACKUP","\intelligence\decision-evaluation-engine-v1\runtime\controller.ts.backup-20260907-003324"
"UNKNOWN","\intelligence\decision-evaluation-engine-v1\types\decision.types.ts"
"GENERATED_OR_BACKUP","\intelligence\decision-evaluation-engine-v1\types\decision.types.ts.backup-20260907-003324"
"UNKNOWN","\intelligence\decision-feedback-intelligence-v1\index.ts"
"UNKNOWN","\intelligence\decision-feedback-intelligence-v1\action\processor.ts"
"UNKNOWN","\intelligence\decision-feedback-intelligence-v1\contracts\decision.contracts.ts"
"UNKNOWN","\intelligence\decision-feedback-intelligence-v1\decision\processor.ts"
"UNKNOWN","\intelligence\decision-feedback-intelligence-v1\models\decision.model.ts"
"UNKNOWN","\intelligence\decision-feedback-intelligence-v1\types\decision.types.ts"
"UNKNOWN","\intelligence\decision-governance-layer-v1\index.ts"
"UNKNOWN","\intelligence\decision-governance-layer-v1\contracts\governance.contracts.ts"
"UNKNOWN","\intelligence\decision-governance-layer-v1\governance\processor.ts"
"UNKNOWN","\intelligence\decision-governance-layer-v1\models\governance.model.ts"
"UNKNOWN","\intelligence\decision-governance-layer-v1\runtime\controller.ts"
"UNKNOWN","\intelligence\decision-governance-layer-v1\types\governance.types.ts"
"UNKNOWN","\intelligence\decision-intelligence-engine-v1\index.ts"
"GENERATED_OR_BACKUP","\intelligence\decision-intelligence-engine-v1\index.ts.backup-20260907-003324"
"UNKNOWN","\intelligence\decision-intelligence-engine-v1\contracts\decision.contracts.ts"
"GENERATED_OR_BACKUP","\intelligence\decision-intelligence-engine-v1\contracts\decision.contracts.ts.backup-20260907-003324"
"UNKNOWN","\intelligence\decision-intelligence-engine-v1\decision\processor.ts"
"GENERATED_OR_BACKUP","\intelligence\decision-intelligence-engine-v1\decision\processor.ts.backup-20260907-003324"
"UNKNOWN","\intelligence\decision-intelligence-engine-v1\models\decision.model.ts"
"GENERATED_OR_BACKUP","\intelligence\decision-intelligence-engine-v1\models\decision.model.ts.backup-20260907-003324"
"UNKNOWN","\intelligence\decision-intelligence-engine-v1\runtime\controller.ts"
"GENERATED_OR_BACKUP","\intelligence\decision-intelligence-engine-v1\runtime\controller.ts.backup-20260907-003324"
"UNKNOWN","\intelligence\decision-intelligence-engine-v1\types\decision.types.ts"
"GENERATED_OR_BACKUP","\intelligence\decision-intelligence-engine-v1\types\decision.types.ts.backup-20260907-003324"
"UNKNOWN","\intelligence\decision-intelligence-registry-v1\index.ts"
"UNKNOWN","\intelligence\decision-optimization-engine-v1\index.ts"
"UNKNOWN","\intelligence\decision-optimization-engine-v1\contracts\decision.contracts.ts"
"UNKNOWN","\intelligence\decision-optimization-engine-v1\decision\processor.ts"
"UNKNOWN","\intelligence\decision-optimization-engine-v1\models\decision.model.ts"
"UNKNOWN","\intelligence\decision-optimization-engine-v1\runtime\controller.ts"
"UNKNOWN","\intelligence\decision-optimization-engine-v1\types\decision.types.ts"
"UNKNOWN","\intelligence\decision-optimization-runtime-v1\index.ts"
"UNKNOWN","\intelligence\decision-optimization-runtime-v1\contracts\decision.contracts.ts"
"UNKNOWN","\intelligence\decision-optimization-runtime-v1\decision\processor.ts"
"UNKNOWN","\intelligence\decision-optimization-runtime-v1\models\decision.model.ts"
"UNKNOWN","\intelligence\decision-optimization-runtime-v1\strategy\evaluator.ts"
"UNKNOWN","\intelligence\decision-optimization-runtime-v1\types\decision.types.ts"
"UNKNOWN","\intelligence\decision-pattern-intelligence-engine-v1\index.ts"
"UNKNOWN","\intelligence\decision-pattern-intelligence-engine-v1\contracts\decision.contracts.ts"
"UNKNOWN","\intelligence\decision-pattern-intelligence-engine-v1\decision\processor.ts"
"UNKNOWN","\intelligence\decision-pattern-intelligence-engine-v1\models\decision.model.ts"
"UNKNOWN","\intelligence\decision-pattern-intelligence-engine-v1\runtime\controller.ts"
"UNKNOWN","\intelligence\decision-pattern-intelligence-engine-v1\types\decision.types.ts"
"UNKNOWN","\intelligence\decision-planning-platform-v1\index.ts"
"UNKNOWN","\intelligence\decision-planning-platform-v1\contracts\decision.contracts.ts"
"UNKNOWN","\intelligence\decision-planning-platform-v1\decision\processor.ts"
"UNKNOWN","\intelligence\decision-planning-platform-v1\models\decision.model.ts"
"UNKNOWN","\intelligence\decision-planning-platform-v1\runtime\controller.ts"
"UNKNOWN","\intelligence\decision-planning-platform-v1\types\decision.types.ts"
"UNKNOWN","\intelligence\decision-planning-registry-v1\index.ts"
"UNKNOWN","\intelligence\decision-policy-engine-v1\index.ts"
"UNKNOWN","\intelligence\decision-policy-engine-v1\contracts\governance.contracts.ts"
"UNKNOWN","\intelligence\decision-policy-engine-v1\governance\processor.ts"
"UNKNOWN","\intelligence\decision-policy-engine-v1\models\governance.model.ts"
"UNKNOWN","\intelligence\decision-policy-engine-v1\runtime\controller.ts"
"UNKNOWN","\intelligence\decision-policy-engine-v1\types\governance.types.ts"
"UNKNOWN","\intelligence\decision-policy-resolver-v1\index.ts"
"UNKNOWN","\intelligence\decision-policy-resolver-v1\contracts\decision.contracts.ts"
"UNKNOWN","\intelligence\decision-policy-resolver-v1\decision\processor.ts"
"UNKNOWN","\intelligence\decision-policy-resolver-v1\models\decision.model.ts"
"UNKNOWN","\intelligence\decision-policy-resolver-v1\runtime\controller.ts"
"UNKNOWN","\intelligence\decision-policy-resolver-v1\types\decision.types.ts"
"UNKNOWN","\intelligence\decision-priority-engine-v1\index.ts"
"UNKNOWN","\intelligence\decision-priority-engine-v1\contracts\decision.contracts.ts"
"UNKNOWN","\intelligence\decision-priority-engine-v1\decision\processor.ts"
"UNKNOWN","\intelligence\decision-priority-engine-v1\models\decision.model.ts"
"UNKNOWN","\intelligence\decision-priority-engine-v1\runtime\controller.ts"
"UNKNOWN","\intelligence\decision-priority-engine-v1\types\decision.types.ts"
"UNKNOWN","\intelligence\decision-reasoning-engine-v1\index.ts"
"UNKNOWN","\intelligence\decision-reasoning-engine-v1\contracts\reasoning.contracts.ts"
"UNKNOWN","\intelligence\decision-reasoning-engine-v1\models\reasoning.model.ts"
"UNKNOWN","\intelligence\decision-reasoning-engine-v1\reasoning\processor.ts"
"UNKNOWN","\intelligence\decision-reasoning-engine-v1\runtime\controller.ts"
"UNKNOWN","\intelligence\decision-reasoning-engine-v1\types\reasoning.types.ts"
"UNKNOWN","\intelligence\decision-simulation-engine-v1\index.ts"
"UNKNOWN","\intelligence\decision-simulation-engine-v1\contracts\decision.contracts.ts"
"UNKNOWN","\intelligence\decision-simulation-engine-v1\decision\processor.ts"
"UNKNOWN","\intelligence\decision-simulation-engine-v1\models\decision.model.ts"
"UNKNOWN","\intelligence\decision-simulation-engine-v1\runtime\controller.ts"
"UNKNOWN","\intelligence\decision-simulation-engine-v1\types\decision.types.ts"
"UNKNOWN","\intelligence\decision-synthesis-engine-v1\index.ts"
"UNKNOWN","\intelligence\decision-synthesis-engine-v1\contracts\reasoning.contracts.ts"
"UNKNOWN","\intelligence\decision-synthesis-engine-v1\models\reasoning.model.ts"
"UNKNOWN","\intelligence\decision-synthesis-engine-v1\reasoning\processor.ts"
"UNKNOWN","\intelligence\decision-synthesis-engine-v1\runtime\controller.ts"
"UNKNOWN","\intelligence\decision-synthesis-engine-v1\types\reasoning.types.ts"
"UNKNOWN","\intelligence\decision-validation-engine-v1\index.ts"
"UNKNOWN","\intelligence\decision-validation-engine-v1\contracts\decision.contracts.ts"
"UNKNOWN","\intelligence\decision-validation-engine-v1\decision\processor.ts"
"UNKNOWN","\intelligence\decision-validation-engine-v1\models\decision.model.ts"
"UNKNOWN","\intelligence\decision-validation-engine-v1\runtime\controller.ts"
"UNKNOWN","\intelligence\decision-validation-engine-v1\types\decision.types.ts"
"UNKNOWN","\intelligence\deep-architecture-intelligence-core-v1\index.ts"
"UNKNOWN","\intelligence\deep-architecture-intelligence-core-v1\architecture\processor.ts"
"UNKNOWN","\intelligence\deep-architecture-intelligence-core-v1\contracts\architecture.contracts.ts"
"UNKNOWN","\intelligence\deep-architecture-intelligence-core-v1\models\architecture.model.ts"
"UNKNOWN","\intelligence\deep-architecture-intelligence-core-v1\runtime\controller.ts"
"UNKNOWN","\intelligence\deep-architecture-intelligence-core-v1\types\architecture.types.ts"
"UNKNOWN","\intelligence\deep-architecture-intelligence-registry-v1\index.ts"
"UNKNOWN","\intelligence\deep-architecture-runtime-v1\index.ts"
"UNKNOWN","\intelligence\deep-architecture-runtime-v1\architecture\processor.ts"
"UNKNOWN","\intelligence\deep-architecture-runtime-v1\contracts\architecture.contracts.ts"
"UNKNOWN","\intelligence\deep-architecture-runtime-v1\models\architecture.model.ts"
"UNKNOWN","\intelligence\deep-architecture-runtime-v1\runtime\controller.ts"
"UNKNOWN","\intelligence\deep-architecture-runtime-v1\types\architecture.types.ts"
"UNKNOWN","\intelligence\deep-sustainability-intelligence-core-v1\index.ts"
"UNKNOWN","\intelligence\deep-sustainability-intelligence-core-v1\contracts\sustainability.contracts.ts"
"UNKNOWN","\intelligence\deep-sustainability-intelligence-core-v1\models\sustainability.model.ts"
"UNKNOWN","\intelligence\deep-sustainability-intelligence-core-v1\runtime\controller.ts"
"UNKNOWN","\intelligence\deep-sustainability-intelligence-core-v1\sustainability\processor.ts"
"UNKNOWN","\intelligence\deep-sustainability-intelligence-core-v1\types\sustainability.types.ts"
"UNKNOWN","\intelligence\deep-sustainability-intelligence-platform-v1\index.ts"
"UNKNOWN","\intelligence\deep-sustainability-intelligence-platform-v1\contracts\sustainability.contracts.ts"
"UNKNOWN","\intelligence\deep-sustainability-intelligence-platform-v1\models\sustainability.model.ts"
"UNKNOWN","\intelligence\deep-sustainability-intelligence-platform-v1\runtime\controller.ts"
"UNKNOWN","\intelligence\deep-sustainability-intelligence-platform-v1\sustainability\processor.ts"
"UNKNOWN","\intelligence\deep-sustainability-intelligence-platform-v1\types\sustainability.types.ts"
"UNKNOWN","\intelligence\deep-sustainability-intelligence-registry-v1\index.ts"
"UNKNOWN","\intelligence\dependency-validation-engine-v1\index.ts"
"UNKNOWN","\intelligence\dependency-validation-engine-v1\contracts\validation.contracts.ts"
"UNKNOWN","\intelligence\dependency-validation-engine-v1\models\validation.model.ts"
"UNKNOWN","\intelligence\dependency-validation-engine-v1\runtime\controller.ts"
"UNKNOWN","\intelligence\dependency-validation-engine-v1\types\validation.types.ts"
"UNKNOWN","\intelligence\dependency-validation-engine-v1\validation\processor.ts"
"UNKNOWN","\intelligence\deployment-runtime-v1\index.ts"
"UNKNOWN","\intelligence\deployment-runtime-v1\contracts\deployment.contracts.ts"
"UNKNOWN","\intelligence\deployment-runtime-v1\deployment\processor.ts"
"UNKNOWN","\intelligence\deployment-runtime-v1\models\deployment.model.ts"
"UNKNOWN","\intelligence\deployment-runtime-v1\runtime\controller.ts"
"UNKNOWN","\intelligence\deployment-runtime-v1\types\deployment.types.ts"
"UNKNOWN","\intelligence\design-intelligence-agent-layer-v1\index.ts"
"UNKNOWN","\intelligence\design-intelligence-agent-layer-v1\architecture\processor.ts"
"UNKNOWN","\intelligence\design-intelligence-agent-layer-v1\contracts\architecture.contracts.ts"
"UNKNOWN","\intelligence\design-intelligence-agent-layer-v1\models\architecture.model.ts"
"UNKNOWN","\intelligence\design-intelligence-agent-layer-v1\runtime\controller.ts"
"UNKNOWN","\intelligence\design-intelligence-agent-layer-v1\types\architecture.types.ts"
"UNKNOWN","\intelligence\digital-twin-intelligence-core-v1\index.ts"
"UNKNOWN","\intelligence\digital-twin-intelligence-core-v1\contracts\twin.contracts.ts"
"UNKNOWN","\intelligence\digital-twin-intelligence-core-v1\models\twin.model.ts"
"UNKNOWN","\intelligence\digital-twin-intelligence-core-v1\runtime\controller.ts"
"UNKNOWN","\intelligence\digital-twin-intelligence-core-v1\twin\processor.ts"
"UNKNOWN","\intelligence\digital-twin-intelligence-core-v1\types\twin.types.ts"
"UNKNOWN","\intelligence\digital-twin-registry-v1\index.ts"
"UNKNOWN","\intelligence\digital-twin-runtime-v1\index.ts"
"UNKNOWN","\intelligence\digital-twin-runtime-v1\contracts\twin.contracts.ts"
"UNKNOWN","\intelligence\digital-twin-runtime-v1\models\twin.model.ts"
"UNKNOWN","\intelligence\digital-twin-runtime-v1\runtime\controller.ts"
"UNKNOWN","\intelligence\digital-twin-runtime-v1\twin\processor.ts"
"UNKNOWN","\intelligence\digital-twin-runtime-v1\types\twin.types.ts"
"UNKNOWN","\intelligence\distributed-context-engine-v1\index.ts"
"UNKNOWN","\intelligence\distributed-context-engine-v1\contracts\federation.contracts.ts"
"UNKNOWN","\intelligence\distributed-context-engine-v1\federation\processor.ts"
"UNKNOWN","\intelligence\distributed-context-engine-v1\models\federation.model.ts"
"UNKNOWN","\intelligence\distributed-context-engine-v1\runtime\controller.ts"
"UNKNOWN","\intelligence\distributed-context-engine-v1\types\federation.types.ts"
"UNKNOWN","\intelligence\distributed-intelligence-mesh-platform-v1\index.ts"
"UNKNOWN","\intelligence\distributed-intelligence-mesh-platform-v1\contracts\mesh.contracts.ts"
"UNKNOWN","\intelligence\distributed-intelligence-mesh-platform-v1\mesh\processor.ts"
"UNKNOWN","\intelligence\distributed-intelligence-mesh-platform-v1\models\mesh.model.ts"
"UNKNOWN","\intelligence\distributed-intelligence-mesh-platform-v1\runtime\controller.ts"
"UNKNOWN","\intelligence\distributed-intelligence-mesh-platform-v1\types\mesh.types.ts"
"UNKNOWN","\intelligence\distributed-intelligence-mesh-registry-v1\index.ts"
"UNKNOWN","\intelligence\distributed-knowledge-router-v1\index.ts"
"UNKNOWN","\intelligence\distributed-knowledge-router-v1\contracts\mesh.contracts.ts"
"UNKNOWN","\intelligence\distributed-knowledge-router-v1\mesh\processor.ts"
"UNKNOWN","\intelligence\distributed-knowledge-router-v1\models\mesh.model.ts"
"UNKNOWN","\intelligence\distributed-knowledge-router-v1\runtime\controller.ts"
"UNKNOWN","\intelligence\distributed-knowledge-router-v1\types\mesh.types.ts"
"UNKNOWN","\intelligence\distributed-mesh-core-v1\index.ts"
"UNKNOWN","\intelligence\distributed-mesh-core-v1\contracts\mesh.contracts.ts"
"UNKNOWN","\intelligence\distributed-mesh-core-v1\mesh\processor.ts"
"UNKNOWN","\intelligence\distributed-mesh-core-v1\models\mesh.model.ts"
"UNKNOWN","\intelligence\distributed-mesh-core-v1\runtime\controller.ts"
"UNKNOWN","\intelligence\distributed-mesh-core-v1\types\mesh.types.ts"
"UNKNOWN","\intelligence\domain-intelligence-router-v1\index.ts"
"UNKNOWN","\intelligence\domain-intelligence-router-v1\contracts\convergence.contracts.ts"
"UNKNOWN","\intelligence\domain-intelligence-router-v1\convergence\processor.ts"
"UNKNOWN","\intelligence\domain-intelligence-router-v1\models\convergence.model.ts"
"UNKNOWN","\intelligence\domain-intelligence-router-v1\runtime\controller.ts"
"UNKNOWN","\intelligence\domain-intelligence-router-v1\types\convergence.types.ts"
"UNKNOWN","\intelligence\dynamic-capability-engine-v1\index.ts"
"GENERATED_OR_BACKUP","\intelligence\dynamic-capability-engine-v1\index.ts.backup-20260907-004630"
"UNKNOWN","\intelligence\dynamic-capability-engine-v1\adaptation\processor.ts"
"UNKNOWN","\intelligence\dynamic-capability-engine-v1\contracts\adaptation.contracts.ts"
"UNKNOWN","\intelligence\dynamic-capability-engine-v1\contracts\expansion.contracts.ts"
"UNKNOWN","\intelligence\dynamic-capability-engine-v1\expansion\processor.ts"
"UNKNOWN","\intelligence\dynamic-capability-engine-v1\models\adaptation.model.ts"
"UNKNOWN","\intelligence\dynamic-capability-engine-v1\models\expansion.model.ts"
"UNKNOWN","\intelligence\dynamic-capability-engine-v1\runtime\controller.ts"
"GENERATED_OR_BACKUP","\intelligence\dynamic-capability-engine-v1\runtime\controller.ts.backup-20260907-004630"
"UNKNOWN","\intelligence\dynamic-capability-engine-v1\types\adaptation.types.ts"
"UNKNOWN","\intelligence\dynamic-capability-engine-v1\types\expansion.types.ts"
"UNKNOWN","\intelligence\dynamic-execution-planner-v1\index.ts"
"UNKNOWN","\intelligence\dynamic-execution-planner-v1\contracts\orchestration.contracts.ts"
"UNKNOWN","\intelligence\dynamic-execution-planner-v1\models\orchestration.model.ts"
"UNKNOWN","\intelligence\dynamic-execution-planner-v1\orchestration\processor.ts"
"UNKNOWN","\intelligence\dynamic-execution-planner-v1\runtime\controller.ts"
"UNKNOWN","\intelligence\dynamic-execution-planner-v1\types\orchestration.types.ts"
"UNKNOWN","\intelligence\ecosystem-context-manager-v1\index.ts"
"UNKNOWN","\intelligence\ecosystem-context-manager-v1\contracts\integration.contracts.ts"
"UNKNOWN","\intelligence\ecosystem-context-manager-v1\integration\processor.ts"
"UNKNOWN","\intelligence\ecosystem-context-manager-v1\models\integration.model.ts"
"UNKNOWN","\intelligence\ecosystem-context-manager-v1\runtime\bridge.ts"
"UNKNOWN","\intelligence\ecosystem-context-manager-v1\types\integration.types.ts"
"UNKNOWN","\intelligence\encryption-trust-framework-v1\index.ts"
"UNKNOWN","\intelligence\encryption-trust-framework-v1\contracts\security.contracts.ts"
"UNKNOWN","\intelligence\encryption-trust-framework-v1\models\security.model.ts"
"UNKNOWN","\intelligence\encryption-trust-framework-v1\runtime\controller.ts"
"UNKNOWN","\intelligence\encryption-trust-framework-v1\security\processor.ts"
"UNKNOWN","\intelligence\encryption-trust-framework-v1\types\security.types.ts"
"UNKNOWN","\intelligence\enterprise-analytics-engine-v1\index.ts"
"UNKNOWN","\intelligence\enterprise-analytics-engine-v1\contracts\enterprise.contracts.ts"
"UNKNOWN","\intelligence\enterprise-analytics-engine-v1\enterprise\processor.ts"
"UNKNOWN","\intelligence\enterprise-analytics-engine-v1\models\enterprise.model.ts"
"UNKNOWN","\intelligence\enterprise-analytics-engine-v1\runtime\controller.ts"
"UNKNOWN","\intelligence\enterprise-analytics-engine-v1\types\enterprise.types.ts"
"UNKNOWN","\intelligence\enterprise-data-transformation-engine-v1\index.ts"
"UNKNOWN","\intelligence\enterprise-data-transformation-engine-v1\contracts\integration.contracts.ts"
"UNKNOWN","\intelligence\enterprise-data-transformation-engine-v1\integration\processor.ts"
"UNKNOWN","\intelligence\enterprise-data-transformation-engine-v1\models\integration.model.ts"
"UNKNOWN","\intelligence\enterprise-data-transformation-engine-v1\runtime\controller.ts"
"UNKNOWN","\intelligence\enterprise-data-transformation-engine-v1\types\integration.types.ts"
"UNKNOWN","\intelligence\enterprise-identity-engine-v1\index.ts"
"UNKNOWN","\intelligence\enterprise-identity-engine-v1\contracts\enterprise.contracts.ts"
"UNKNOWN","\intelligence\enterprise-identity-engine-v1\enterprise\processor.ts"
"UNKNOWN","\intelligence\enterprise-identity-engine-v1\models\enterprise.model.ts"
"UNKNOWN","\intelligence\enterprise-identity-engine-v1\runtime\controller.ts"
"UNKNOWN","\intelligence\enterprise-identity-engine-v1\types\enterprise.types.ts"
"UNKNOWN","\intelligence\enterprise-integration-core-v1\index.ts"
"GENERATED_OR_BACKUP","\intelligence\enterprise-integration-core-v1\index.ts.backup-20260907-005517"
"GENERATED_OR_BACKUP","\intelligence\enterprise-integration-core-v1\index.ts.backup-20260907-011517"
"UNKNOWN","\intelligence\enterprise-integration-core-v1\contracts\integration.contracts.ts"
"GENERATED_OR_BACKUP","\intelligence\enterprise-integration-core-v1\contracts\integration.contracts.ts.backup-20260907-005516"
"GENERATED_OR_BACKUP","\intelligence\enterprise-integration-core-v1\contracts\integration.contracts.ts.backup-20260907-011517"
"UNKNOWN","\intelligence\enterprise-integration-core-v1\integration\processor.ts"
"GENERATED_OR_BACKUP","\intelligence\enterprise-integration-core-v1\integration\processor.ts.backup-20260907-005517"
"GENERATED_OR_BACKUP","\intelligence\enterprise-integration-core-v1\integration\processor.ts.backup-20260907-011517"
"UNKNOWN","\intelligence\enterprise-integration-core-v1\models\integration.model.ts"
"GENERATED_OR_BACKUP","\intelligence\enterprise-integration-core-v1\models\integration.model.ts.backup-20260907-005517"
"GENERATED_OR_BACKUP","\intelligence\enterprise-integration-core-v1\models\integration.model.ts.backup-20260907-011517"
"UNKNOWN","\intelligence\enterprise-integration-core-v1\runtime\controller.ts"
"GENERATED_OR_BACKUP","\intelligence\enterprise-integration-core-v1\runtime\controller.ts.backup-20260907-005517"
"GENERATED_OR_BACKUP","\intelligence\enterprise-integration-core-v1\runtime\controller.ts.backup-20260907-011517"
"UNKNOWN","\intelligence\enterprise-integration-core-v1\types\integration.types.ts"
"GENERATED_OR_BACKUP","\intelligence\enterprise-integration-core-v1\types\integration.types.ts.backup-20260907-005517"
"GENERATED_OR_BACKUP","\intelligence\enterprise-integration-core-v1\types\integration.types.ts.backup-20260907-011517"
"UNKNOWN","\intelligence\enterprise-integration-hub-platform-v1\index.ts"
"UNKNOWN","\intelligence\enterprise-integration-hub-platform-v1\contracts\integration.contracts.ts"
"UNKNOWN","\intelligence\enterprise-integration-hub-platform-v1\integration\processor.ts"
"UNKNOWN","\intelligence\enterprise-integration-hub-platform-v1\models\integration.model.ts"
"UNKNOWN","\intelligence\enterprise-integration-hub-platform-v1\runtime\controller.ts"
"UNKNOWN","\intelligence\enterprise-integration-hub-platform-v1\types\integration.types.ts"
"UNKNOWN","\intelligence\enterprise-integration-registry-v1\index.ts"
"GENERATED_OR_BACKUP","\intelligence\enterprise-integration-registry-v1\index.ts.backup-20260907-005517"
"GENERATED_OR_BACKUP","\intelligence\enterprise-integration-registry-v1\index.ts.backup-20260907-011517"
"UNKNOWN","\intelligence\enterprise-integration-runtime-engine-v1\index.ts"
"UNKNOWN","\intelligence\enterprise-integration-runtime-engine-v1\contracts\integration.contracts.ts"
"UNKNOWN","\intelligence\enterprise-integration-runtime-engine-v1\integration\processor.ts"
"UNKNOWN","\intelligence\enterprise-integration-runtime-engine-v1\models\integration.model.ts"
"UNKNOWN","\intelligence\enterprise-integration-runtime-engine-v1\runtime\controller.ts"
"UNKNOWN","\intelligence\enterprise-integration-runtime-engine-v1\types\integration.types.ts"
"UNKNOWN","\intelligence\enterprise-intelligence-optimization-core-v1\index.ts"
"UNKNOWN","\intelligence\enterprise-intelligence-optimization-core-v1\contracts\optimization.contracts.ts"
"UNKNOWN","\intelligence\enterprise-intelligence-optimization-core-v1\models\optimization.model.ts"
"UNKNOWN","\intelligence\enterprise-intelligence-optimization-core-v1\optimization\processor.ts"
"UNKNOWN","\intelligence\enterprise-intelligence-optimization-core-v1\runtime\controller.ts"
"UNKNOWN","\intelligence\enterprise-intelligence-optimization-core-v1\types\optimization.types.ts"
"UNKNOWN","\intelligence\enterprise-intelligence-platform-v1\index.ts"
"GENERATED_OR_BACKUP","\intelligence\enterprise-intelligence-platform-v1\index.ts.backup-20260907-005517"
"UNKNOWN","\intelligence\enterprise-intelligence-platform-v1\contracts\integration.contracts.ts"
"GENERATED_OR_BACKUP","\intelligence\enterprise-intelligence-platform-v1\contracts\integration.contracts.ts.backup-20260907-005517"
"UNKNOWN","\intelligence\enterprise-intelligence-platform-v1\integration\processor.ts"
"GENERATED_OR_BACKUP","\intelligence\enterprise-intelligence-platform-v1\integration\processor.ts.backup-20260907-005517"
"UNKNOWN","\intelligence\enterprise-intelligence-platform-v1\models\integration.model.ts"
"GENERATED_OR_BACKUP","\intelligence\enterprise-intelligence-platform-v1\models\integration.model.ts.backup-20260907-005517"
"UNKNOWN","\intelligence\enterprise-intelligence-platform-v1\runtime\controller.ts"
"GENERATED_OR_BACKUP","\intelligence\enterprise-intelligence-platform-v1\runtime\controller.ts.backup-20260907-005517"
"UNKNOWN","\intelligence\enterprise-intelligence-platform-v1\types\integration.types.ts"
"GENERATED_OR_BACKUP","\intelligence\enterprise-intelligence-platform-v1\types\integration.types.ts.backup-20260907-005517"
"UNKNOWN","\intelligence\enterprise-intelligence-runtime-core-v1\index.ts"
"UNKNOWN","\intelligence\enterprise-intelligence-runtime-core-v1\contracts\runtime.contracts.ts"
"UNKNOWN","\intelligence\enterprise-intelligence-runtime-core-v1\execution\processor.ts"
"UNKNOWN","\intelligence\enterprise-intelligence-runtime-core-v1\models\runtime.model.ts"
"UNKNOWN","\intelligence\enterprise-intelligence-runtime-core-v1\runtime\controller.ts"
"UNKNOWN","\intelligence\enterprise-intelligence-runtime-core-v1\types\runtime.types.ts"
"UNKNOWN","\intelligence\enterprise-knowledge-integration-core-v1\index.ts"
"UNKNOWN","\intelligence\enterprise-knowledge-integration-core-v1\contracts\knowledge.contracts.ts"
"UNKNOWN","\intelligence\enterprise-knowledge-integration-core-v1\knowledge\processor.ts"
"UNKNOWN","\intelligence\enterprise-knowledge-integration-core-v1\models\knowledge.model.ts"
"UNKNOWN","\intelligence\enterprise-knowledge-integration-core-v1\runtime\controller.ts"
"UNKNOWN","\intelligence\enterprise-knowledge-integration-core-v1\types\knowledge.types.ts"
"UNKNOWN","\intelligence\enterprise-knowledge-platform-v1\index.ts"
"UNKNOWN","\intelligence\enterprise-knowledge-platform-v1\contracts\knowledge.contracts.ts"
"UNKNOWN","\intelligence\enterprise-knowledge-platform-v1\knowledge\processor.ts"
"UNKNOWN","\intelligence\enterprise-knowledge-platform-v1\models\knowledge.model.ts"
"UNKNOWN","\intelligence\enterprise-knowledge-platform-v1\runtime\controller.ts"
"UNKNOWN","\intelligence\enterprise-knowledge-platform-v1\types\knowledge.types.ts"
"UNKNOWN","\intelligence\enterprise-knowledge-registry-v1\index.ts"
"UNKNOWN","\intelligence\enterprise-optimization-platform-v1\index.ts"
"UNKNOWN","\intelligence\enterprise-optimization-platform-v1\contracts\optimization.contracts.ts"
"UNKNOWN","\intelligence\enterprise-optimization-platform-v1\models\optimization.model.ts"
"UNKNOWN","\intelligence\enterprise-optimization-platform-v1\optimization\processor.ts"
"UNKNOWN","\intelligence\enterprise-optimization-platform-v1\runtime\controller.ts"
"UNKNOWN","\intelligence\enterprise-optimization-platform-v1\types\optimization.types.ts"
"UNKNOWN","\intelligence\enterprise-optimization-registry-v1\index.ts"
"UNKNOWN","\intelligence\enterprise-platform-core-v1\index.ts"
"UNKNOWN","\intelligence\enterprise-platform-core-v1\contracts\enterprise.contracts.ts"
"UNKNOWN","\intelligence\enterprise-platform-core-v1\enterprise\processor.ts"
"UNKNOWN","\intelligence\enterprise-platform-core-v1\models\enterprise.model.ts"
"UNKNOWN","\intelligence\enterprise-platform-core-v1\runtime\controller.ts"
"UNKNOWN","\intelligence\enterprise-platform-core-v1\types\enterprise.types.ts"
"UNKNOWN","\intelligence\enterprise-platform-registry-v1\index.ts"
"UNKNOWN","\intelligence\enterprise-runtime-engine-v1\index.ts"
"GENERATED_OR_BACKUP","\intelligence\enterprise-runtime-engine-v1\index.ts.backup-20260907-005517"
"UNKNOWN","\intelligence\enterprise-runtime-engine-v1\contracts\integration.contracts.ts"
"GENERATED_OR_BACKUP","\intelligence\enterprise-runtime-engine-v1\contracts\integration.contracts.ts.backup-20260907-005517"
"UNKNOWN","\intelligence\enterprise-runtime-engine-v1\integration\processor.ts"
"GENERATED_OR_BACKUP","\intelligence\enterprise-runtime-engine-v1\integration\processor.ts.backup-20260907-005517"
"UNKNOWN","\intelligence\enterprise-runtime-engine-v1\models\integration.model.ts"
"GENERATED_OR_BACKUP","\intelligence\enterprise-runtime-engine-v1\models\integration.model.ts.backup-20260907-005517"
"UNKNOWN","\intelligence\enterprise-runtime-engine-v1\runtime\controller.ts"
"GENERATED_OR_BACKUP","\intelligence\enterprise-runtime-engine-v1\runtime\controller.ts.backup-20260907-005517"
"UNKNOWN","\intelligence\enterprise-runtime-engine-v1\types\integration.types.ts"
"GENERATED_OR_BACKUP","\intelligence\enterprise-runtime-engine-v1\types\integration.types.ts.backup-20260907-005517"
"UNKNOWN","\intelligence\enterprise-runtime-platform-v1\index.ts"
"UNKNOWN","\intelligence\enterprise-runtime-platform-v1\contracts\runtime.contracts.ts"
"UNKNOWN","\intelligence\enterprise-runtime-platform-v1\execution\processor.ts"
"UNKNOWN","\intelligence\enterprise-runtime-platform-v1\models\runtime.model.ts"
"UNKNOWN","\intelligence\enterprise-runtime-platform-v1\runtime\controller.ts"
"UNKNOWN","\intelligence\enterprise-runtime-platform-v1\types\runtime.types.ts"
"UNKNOWN","\intelligence\enterprise-runtime-registry-v1\index.ts"
"UNKNOWN","\intelligence\enterprise-runtime-v1\index.ts"
"UNKNOWN","\intelligence\enterprise-runtime-v1\contracts\enterprise.contracts.ts"
"UNKNOWN","\intelligence\enterprise-runtime-v1\enterprise\processor.ts"
"UNKNOWN","\intelligence\enterprise-runtime-v1\models\enterprise.model.ts"
"UNKNOWN","\intelligence\enterprise-runtime-v1\runtime\controller.ts"
"UNKNOWN","\intelligence\enterprise-runtime-v1\types\enterprise.types.ts"
"UNKNOWN","\intelligence\enterprise-workflow-engine-v1\index.ts"
"UNKNOWN","\intelligence\enterprise-workflow-engine-v1\contracts\integration.contracts.ts"
"UNKNOWN","\intelligence\enterprise-workflow-engine-v1\integration\processor.ts"
"UNKNOWN","\intelligence\enterprise-workflow-engine-v1\models\integration.model.ts"
"UNKNOWN","\intelligence\enterprise-workflow-engine-v1\runtime\controller.ts"
"UNKNOWN","\intelligence\enterprise-workflow-engine-v1\types\integration.types.ts"
"UNKNOWN","\intelligence\enterprise-workspace-engine-v1\index.ts"
"UNKNOWN","\intelligence\enterprise-workspace-engine-v1\contracts\enterprise.contracts.ts"
"UNKNOWN","\intelligence\enterprise-workspace-engine-v1\enterprise\processor.ts"
"UNKNOWN","\intelligence\enterprise-workspace-engine-v1\models\enterprise.model.ts"
"UNKNOWN","\intelligence\enterprise-workspace-engine-v1\runtime\controller.ts"
"UNKNOWN","\intelligence\enterprise-workspace-engine-v1\types\enterprise.types.ts"
"UNKNOWN","\intelligence\environment-adaptation-engine-v1\index.ts"
"UNKNOWN","\intelligence\environment-adaptation-engine-v1\adaptation\processor.ts"
"UNKNOWN","\intelligence\environment-adaptation-engine-v1\contracts\adaptation.contracts.ts"
"UNKNOWN","\intelligence\environment-adaptation-engine-v1\models\adaptation.model.ts"
"UNKNOWN","\intelligence\environment-adaptation-engine-v1\runtime\controller.ts"
"UNKNOWN","\intelligence\environment-adaptation-engine-v1\types\adaptation.types.ts"
"UNKNOWN","\intelligence\environment-analysis-engine-v1\index.ts"
"UNKNOWN","\intelligence\environment-analysis-engine-v1\adaptation\processor.ts"
"UNKNOWN","\intelligence\environment-analysis-engine-v1\contracts\adaptation.contracts.ts"
"UNKNOWN","\intelligence\environment-analysis-engine-v1\models\adaptation.model.ts"
"UNKNOWN","\intelligence\environment-analysis-engine-v1\runtime\controller.ts"
"UNKNOWN","\intelligence\environment-analysis-engine-v1\types\adaptation.types.ts"
"UNKNOWN","\intelligence\environment-management-engine-v1\index.ts"
"UNKNOWN","\intelligence\environment-management-engine-v1\contracts\deployment.contracts.ts"
"UNKNOWN","\intelligence\environment-management-engine-v1\deployment\processor.ts"
"UNKNOWN","\intelligence\environment-management-engine-v1\models\deployment.model.ts"
"UNKNOWN","\intelligence\environment-management-engine-v1\runtime\controller.ts"
"UNKNOWN","\intelligence\environment-management-engine-v1\types\deployment.types.ts"
"UNKNOWN","\intelligence\environmental-data-integration-v1\index.ts"
"UNKNOWN","\intelligence\environmental-data-integration-v1\contracts\integration.contracts.ts"
"UNKNOWN","\intelligence\environmental-data-integration-v1\integration\processor.ts"
"UNKNOWN","\intelligence\environmental-data-integration-v1\models\integration.model.ts"
"UNKNOWN","\intelligence\environmental-data-integration-v1\runtime\controller.ts"
"UNKNOWN","\intelligence\environmental-data-integration-v1\types\integration.types.ts"
"UNKNOWN","\intelligence\environmental-intelligence-layer-v1\index.ts"
"UNKNOWN","\intelligence\environmental-intelligence-layer-v1\contracts\planetary.contracts.ts"
"UNKNOWN","\intelligence\environmental-intelligence-layer-v1\models\planetary.model.ts"
"UNKNOWN","\intelligence\environmental-intelligence-layer-v1\planetary\processor.ts"
"UNKNOWN","\intelligence\environmental-intelligence-layer-v1\runtime\controller.ts"
"UNKNOWN","\intelligence\environmental-intelligence-layer-v1\types\planetary.types.ts"
"UNKNOWN","\intelligence\evolution-cycle-optimizer-v1\index.ts"
"UNKNOWN","\intelligence\evolution-cycle-optimizer-v1\contracts\recursive-evolution.contracts.ts"
"UNKNOWN","\intelligence\evolution-cycle-optimizer-v1\models\recursive-evolution.model.ts"
"UNKNOWN","\intelligence\evolution-cycle-optimizer-v1\recursion\processor.ts"
"UNKNOWN","\intelligence\evolution-cycle-optimizer-v1\runtime\controller.ts"
"UNKNOWN","\intelligence\evolution-cycle-optimizer-v1\types\recursive-evolution.types.ts"
"UNKNOWN","\intelligence\evolution-decision-engine-v1\index.ts"
"UNKNOWN","\intelligence\evolution-decision-engine-v1\contracts\evolution.contracts.ts"
"UNKNOWN","\intelligence\evolution-decision-engine-v1\evolution\processor.ts"
"UNKNOWN","\intelligence\evolution-decision-engine-v1\models\evolution.model.ts"
"UNKNOWN","\intelligence\evolution-decision-engine-v1\runtime\controller.ts"
"UNKNOWN","\intelligence\evolution-decision-engine-v1\types\evolution.types.ts"
"UNKNOWN","\intelligence\evolution-evaluation-engine-v1\index.ts"
"GENERATED_OR_BACKUP","\intelligence\evolution-evaluation-engine-v1\index.ts.backup-20260907-004036"
"UNKNOWN","\intelligence\evolution-evaluation-engine-v1\contracts\evolution.contracts.ts"
"GENERATED_OR_BACKUP","\intelligence\evolution-evaluation-engine-v1\contracts\evolution.contracts.ts.backup-20260907-004036"
"UNKNOWN","\intelligence\evolution-evaluation-engine-v1\evolution\processor.ts"
"GENERATED_OR_BACKUP","\intelligence\evolution-evaluation-engine-v1\evolution\processor.ts.backup-20260907-004036"
"UNKNOWN","\intelligence\evolution-evaluation-engine-v1\models\evolution.model.ts"
"GENERATED_OR_BACKUP","\intelligence\evolution-evaluation-engine-v1\models\evolution.model.ts.backup-20260907-004036"
"UNKNOWN","\intelligence\evolution-evaluation-engine-v1\runtime\controller.ts"
"GENERATED_OR_BACKUP","\intelligence\evolution-evaluation-engine-v1\runtime\controller.ts.backup-20260907-004036"
"UNKNOWN","\intelligence\evolution-evaluation-engine-v1\types\evolution.types.ts"
"GENERATED_OR_BACKUP","\intelligence\evolution-evaluation-engine-v1\types\evolution.types.ts.backup-20260907-004036"
"UNKNOWN","\intelligence\evolution-intelligence-engine-v1\index.ts"
"GENERATED_OR_BACKUP","\intelligence\evolution-intelligence-engine-v1\index.ts.backup-20260907-004036"
"UNKNOWN","\intelligence\evolution-intelligence-engine-v1\contracts\evolution.contracts.ts"
"GENERATED_OR_BACKUP","\intelligence\evolution-intelligence-engine-v1\contracts\evolution.contracts.ts.backup-20260907-004036"
"UNKNOWN","\intelligence\evolution-intelligence-engine-v1\evolution\processor.ts"
"GENERATED_OR_BACKUP","\intelligence\evolution-intelligence-engine-v1\evolution\processor.ts.backup-20260907-004036"
"UNKNOWN","\intelligence\evolution-intelligence-engine-v1\models\evolution.model.ts"
"GENERATED_OR_BACKUP","\intelligence\evolution-intelligence-engine-v1\models\evolution.model.ts.backup-20260907-004036"
"UNKNOWN","\intelligence\evolution-intelligence-engine-v1\runtime\controller.ts"
"GENERATED_OR_BACKUP","\intelligence\evolution-intelligence-engine-v1\runtime\controller.ts.backup-20260907-004036"
"UNKNOWN","\intelligence\evolution-intelligence-engine-v1\types\evolution.types.ts"
"GENERATED_OR_BACKUP","\intelligence\evolution-intelligence-engine-v1\types\evolution.types.ts.backup-20260907-004036"
"UNKNOWN","\intelligence\evolution-intelligence-runtime-v1\index.ts"
"UNKNOWN","\intelligence\evolution-intelligence-runtime-v1\contracts\evolution.contracts.ts"
"UNKNOWN","\intelligence\evolution-intelligence-runtime-v1\evolution\processor.ts"
"UNKNOWN","\intelligence\evolution-intelligence-runtime-v1\models\evolution.model.ts"
"UNKNOWN","\intelligence\evolution-intelligence-runtime-v1\runtime\controller.ts"
"UNKNOWN","\intelligence\evolution-intelligence-runtime-v1\types\evolution.types.ts"
"UNKNOWN","\intelligence\evolution-learning-runtime-v1\index.ts"
"UNKNOWN","\intelligence\evolution-learning-runtime-v1\contracts\ecosystem.contracts.ts"
"UNKNOWN","\intelligence\evolution-learning-runtime-v1\ecosystem\processor.ts"
"UNKNOWN","\intelligence\evolution-learning-runtime-v1\models\ecosystem.model.ts"
"UNKNOWN","\intelligence\evolution-learning-runtime-v1\runtime\controller.ts"
"UNKNOWN","\intelligence\evolution-learning-runtime-v1\types\ecosystem.types.ts"
"UNKNOWN","\intelligence\evolution-memory-intelligence-engine-v1\index.ts"
"UNKNOWN","\intelligence\evolution-memory-intelligence-engine-v1\contracts\recursive-evolution.contracts.ts"
"UNKNOWN","\intelligence\evolution-memory-intelligence-engine-v1\models\recursive-evolution.model.ts"
"UNKNOWN","\intelligence\evolution-memory-intelligence-engine-v1\recursion\processor.ts"
"UNKNOWN","\intelligence\evolution-memory-intelligence-engine-v1\runtime\controller.ts"
"UNKNOWN","\intelligence\evolution-memory-intelligence-engine-v1\types\recursive-evolution.types.ts"
"UNKNOWN","\intelligence\evolution-monitor-engine-v1\index.ts"
"UNKNOWN","\intelligence\evolution-monitor-engine-v1\contracts\evolution.contracts.ts"
"UNKNOWN","\intelligence\evolution-monitor-engine-v1\evolution\processor.ts"
"UNKNOWN","\intelligence\evolution-monitor-engine-v1\models\evolution.model.ts"
"UNKNOWN","\intelligence\evolution-monitor-engine-v1\runtime\controller.ts"
"UNKNOWN","\intelligence\evolution-monitor-engine-v1\types\evolution.types.ts"
"UNKNOWN","\intelligence\evolution-optimization-engine-v1\index.ts"
"GENERATED_OR_BACKUP","\intelligence\evolution-optimization-engine-v1\index.ts.backup-20260907-004036"
"GENERATED_OR_BACKUP","\intelligence\evolution-optimization-engine-v1\index.ts.backup-20260907-004825"
"UNKNOWN","\intelligence\evolution-optimization-engine-v1\contracts\evolution.contracts.ts"
"GENERATED_OR_BACKUP","\intelligence\evolution-optimization-engine-v1\contracts\evolution.contracts.ts.backup-20260907-004036"
"UNKNOWN","\intelligence\evolution-optimization-engine-v1\contracts\evolutionary.contracts.ts"
"UNKNOWN","\intelligence\evolution-optimization-engine-v1\evolution\processor.ts"
"GENERATED_OR_BACKUP","\intelligence\evolution-optimization-engine-v1\evolution\processor.ts.backup-20260907-004036"
"GENERATED_OR_BACKUP","\intelligence\evolution-optimization-engine-v1\evolution\processor.ts.backup-20260907-004825"
"UNKNOWN","\intelligence\evolution-optimization-engine-v1\models\evolution.model.ts"
"GENERATED_OR_BACKUP","\intelligence\evolution-optimization-engine-v1\models\evolution.model.ts.backup-20260907-004036"
"UNKNOWN","\intelligence\evolution-optimization-engine-v1\models\evolutionary.model.ts"
"UNKNOWN","\intelligence\evolution-optimization-engine-v1\runtime\controller.ts"
"GENERATED_OR_BACKUP","\intelligence\evolution-optimization-engine-v1\runtime\controller.ts.backup-20260907-004036"
"GENERATED_OR_BACKUP","\intelligence\evolution-optimization-engine-v1\runtime\controller.ts.backup-20260907-004825"
"UNKNOWN","\intelligence\evolution-optimization-engine-v1\types\evolution.types.ts"
"GENERATED_OR_BACKUP","\intelligence\evolution-optimization-engine-v1\types\evolution.types.ts.backup-20260907-004036"
"UNKNOWN","\intelligence\evolution-optimization-engine-v1\types\evolutionary.types.ts"
"UNKNOWN","\intelligence\evolution-pattern-intelligence-engine-v1\index.ts"
"UNKNOWN","\intelligence\evolution-pattern-intelligence-engine-v1\contracts\meta-evolution.contracts.ts"
"UNKNOWN","\intelligence\evolution-pattern-intelligence-engine-v1\evolution\processor.ts"
"UNKNOWN","\intelligence\evolution-pattern-intelligence-engine-v1\models\meta-evolution.model.ts"
"UNKNOWN","\intelligence\evolution-pattern-intelligence-engine-v1\runtime\controller.ts"
"UNKNOWN","\intelligence\evolution-pattern-intelligence-engine-v1\types\meta-evolution.types.ts"
"UNKNOWN","\intelligence\evolution-readiness-engine-v1\index.ts"
"UNKNOWN","\intelligence\evolution-readiness-engine-v1\contracts\singularity.contracts.ts"
"UNKNOWN","\intelligence\evolution-readiness-engine-v1\convergence\processor.ts"
"UNKNOWN","\intelligence\evolution-readiness-engine-v1\models\singularity.model.ts"
"UNKNOWN","\intelligence\evolution-readiness-engine-v1\runtime\controller.ts"
"UNKNOWN","\intelligence\evolution-readiness-engine-v1\types\singularity.types.ts"
"UNKNOWN","\intelligence\evolution-runtime-v1\index.ts"
"UNKNOWN","\intelligence\evolution-runtime-v1\contracts\evolution.contracts.ts"
"UNKNOWN","\intelligence\evolution-runtime-v1\evolution\processor.ts"
"UNKNOWN","\intelligence\evolution-runtime-v1\models\evolution.model.ts"
"UNKNOWN","\intelligence\evolution-runtime-v1\runtime\controller.ts"
"UNKNOWN","\intelligence\evolution-runtime-v1\types\evolution.types.ts"
"UNKNOWN","\intelligence\evolution-strategy-intelligence-engine-v1\index.ts"
"UNKNOWN","\intelligence\evolution-strategy-intelligence-engine-v1\contracts\evolution.contracts.ts"
"UNKNOWN","\intelligence\evolution-strategy-intelligence-engine-v1\evolution\processor.ts"
"UNKNOWN","\intelligence\evolution-strategy-intelligence-engine-v1\models\evolution.model.ts"
"UNKNOWN","\intelligence\evolution-strategy-intelligence-engine-v1\runtime\controller.ts"
"UNKNOWN","\intelligence\evolution-strategy-intelligence-engine-v1\types\evolution.types.ts"
"UNKNOWN","\intelligence\evolution-tracking-engine-v1\index.ts"
"UNKNOWN","\intelligence\evolution-tracking-engine-v1\contracts\evolution.contracts.ts"
"UNKNOWN","\intelligence\evolution-tracking-engine-v1\evolution\processor.ts"
"UNKNOWN","\intelligence\evolution-tracking-engine-v1\models\evolution.model.ts"
"UNKNOWN","\intelligence\evolution-tracking-engine-v1\runtime\controller.ts"
"UNKNOWN","\intelligence\evolution-tracking-engine-v1\types\evolution.types.ts"
"UNKNOWN","\intelligence\evolutionary-intelligence-engine-v1\index.ts"
"UNKNOWN","\intelligence\evolutionary-intelligence-engine-v1\contracts\evolutionary.contracts.ts"
"UNKNOWN","\intelligence\evolutionary-intelligence-engine-v1\evolution\processor.ts"
"UNKNOWN","\intelligence\evolutionary-intelligence-engine-v1\models\evolutionary.model.ts"
"UNKNOWN","\intelligence\evolutionary-intelligence-engine-v1\runtime\controller.ts"
"UNKNOWN","\intelligence\evolutionary-intelligence-engine-v1\types\evolutionary.types.ts"
"UNKNOWN","\intelligence\execution-context-engine-v1\index.ts"
"UNKNOWN","\intelligence\execution-context-engine-v1\contracts\runtime.contracts.ts"
"UNKNOWN","\intelligence\execution-context-engine-v1\execution\processor.ts"
"UNKNOWN","\intelligence\execution-context-engine-v1\models\runtime.model.ts"
"UNKNOWN","\intelligence\execution-context-engine-v1\runtime\controller.ts"
"UNKNOWN","\intelligence\execution-context-engine-v1\types\runtime.types.ts"
"UNKNOWN","\intelligence\execution-context-intelligence-engine-v1\index.ts"
"UNKNOWN","\intelligence\execution-context-intelligence-engine-v1\contracts\execution.contracts.ts"
"UNKNOWN","\intelligence\execution-context-intelligence-engine-v1\execution\processor.ts"
"UNKNOWN","\intelligence\execution-context-intelligence-engine-v1\models\execution.model.ts"
"UNKNOWN","\intelligence\execution-context-intelligence-engine-v1\runtime\controller.ts"
"UNKNOWN","\intelligence\execution-context-intelligence-engine-v1\types\execution.types.ts"
"UNKNOWN","\intelligence\execution-evaluation-engine-v1\index.ts"
"UNKNOWN","\intelligence\execution-evaluation-engine-v1\contracts\execution.contracts.ts"
"UNKNOWN","\intelligence\execution-evaluation-engine-v1\execution\processor.ts"
"UNKNOWN","\intelligence\execution-evaluation-engine-v1\models\execution.model.ts"
"UNKNOWN","\intelligence\execution-evaluation-engine-v1\runtime\controller.ts"
"UNKNOWN","\intelligence\execution-evaluation-engine-v1\types\execution.types.ts"
"UNKNOWN","\intelligence\execution-intelligence-engine-v1\index.ts"
"UNKNOWN","\intelligence\execution-intelligence-engine-v1\contracts\execution.contracts.ts"
"UNKNOWN","\intelligence\execution-intelligence-engine-v1\execution\processor.ts"
"UNKNOWN","\intelligence\execution-intelligence-engine-v1\models\execution.model.ts"
"UNKNOWN","\intelligence\execution-intelligence-engine-v1\runtime\controller.ts"
"UNKNOWN","\intelligence\execution-intelligence-engine-v1\types\execution.types.ts"
"UNKNOWN","\intelligence\execution-optimization-engine-v1\index.ts"
"UNKNOWN","\intelligence\execution-optimization-engine-v1\contracts\execution.contracts.ts"
"UNKNOWN","\intelligence\execution-optimization-engine-v1\execution\processor.ts"
"UNKNOWN","\intelligence\execution-optimization-engine-v1\models\execution.model.ts"
"UNKNOWN","\intelligence\execution-optimization-engine-v1\runtime\controller.ts"
"UNKNOWN","\intelligence\execution-optimization-engine-v1\types\execution.types.ts"
"UNKNOWN","\intelligence\execution-resource-allocation-engine-v1\index.ts"
"UNKNOWN","\intelligence\execution-resource-allocation-engine-v1\contracts\execution.contracts.ts"
"UNKNOWN","\intelligence\execution-resource-allocation-engine-v1\execution\processor.ts"
"UNKNOWN","\intelligence\execution-resource-allocation-engine-v1\models\execution.model.ts"
"UNKNOWN","\intelligence\execution-resource-allocation-engine-v1\runtime\controller.ts"
"UNKNOWN","\intelligence\execution-resource-allocation-engine-v1\types\execution.types.ts"
"UNKNOWN","\intelligence\execution-sequence-planning-engine-v1\index.ts"
"UNKNOWN","\intelligence\execution-sequence-planning-engine-v1\contracts\execution.contracts.ts"
"UNKNOWN","\intelligence\execution-sequence-planning-engine-v1\execution\processor.ts"
"UNKNOWN","\intelligence\execution-sequence-planning-engine-v1\models\execution.model.ts"
"UNKNOWN","\intelligence\execution-sequence-planning-engine-v1\runtime\controller.ts"
"UNKNOWN","\intelligence\execution-sequence-planning-engine-v1\types\execution.types.ts"
"UNKNOWN","\intelligence\execution-strategy-platform-v1\index.ts"
"UNKNOWN","\intelligence\execution-strategy-platform-v1\contracts\execution.contracts.ts"
"UNKNOWN","\intelligence\execution-strategy-platform-v1\execution\processor.ts"
"UNKNOWN","\intelligence\execution-strategy-platform-v1\models\execution.model.ts"
"UNKNOWN","\intelligence\execution-strategy-platform-v1\runtime\controller.ts"
"UNKNOWN","\intelligence\execution-strategy-platform-v1\types\execution.types.ts"
"UNKNOWN","\intelligence\execution-strategy-registry-v1\index.ts"
"UNKNOWN","\intelligence\expansion-evaluation-engine-v1\index.ts"
"UNKNOWN","\intelligence\expansion-evaluation-engine-v1\contracts\expansion.contracts.ts"
"UNKNOWN","\intelligence\expansion-evaluation-engine-v1\expansion\processor.ts"
"UNKNOWN","\intelligence\expansion-evaluation-engine-v1\models\expansion.model.ts"
"UNKNOWN","\intelligence\expansion-evaluation-engine-v1\runtime\controller.ts"
"UNKNOWN","\intelligence\expansion-evaluation-engine-v1\types\expansion.types.ts"
"UNKNOWN","\intelligence\expansion-intelligence-engine-v1\index.ts"
"UNKNOWN","\intelligence\expansion-intelligence-engine-v1\contracts\expansion.contracts.ts"
"UNKNOWN","\intelligence\expansion-intelligence-engine-v1\expansion\processor.ts"
"UNKNOWN","\intelligence\expansion-intelligence-engine-v1\models\expansion.model.ts"
"UNKNOWN","\intelligence\expansion-intelligence-engine-v1\runtime\controller.ts"
"UNKNOWN","\intelligence\expansion-intelligence-engine-v1\types\expansion.types.ts"
"UNKNOWN","\intelligence\experience-collection-engine-v1\index.ts"
"UNKNOWN","\intelligence\experience-collection-engine-v1\contracts\learning.contracts.ts"
"UNKNOWN","\intelligence\experience-collection-engine-v1\learning\processor.ts"
"UNKNOWN","\intelligence\experience-collection-engine-v1\models\learning.model.ts"
"UNKNOWN","\intelligence\experience-collection-engine-v1\runtime\controller.ts"
"UNKNOWN","\intelligence\experience-collection-engine-v1\types\learning.types.ts"
"UNKNOWN","\intelligence\experience-consolidation-engine-v1\index.ts"
"UNKNOWN","\intelligence\experience-consolidation-engine-v1\contracts\memory.contracts.ts"
"UNKNOWN","\intelligence\experience-consolidation-engine-v1\memory\processor.ts"
"UNKNOWN","\intelligence\experience-consolidation-engine-v1\models\memory.model.ts"
"UNKNOWN","\intelligence\experience-consolidation-engine-v1\recall\resolver.ts"
"UNKNOWN","\intelligence\experience-consolidation-engine-v1\types\memory.types.ts"
"UNKNOWN","\intelligence\experience-intelligence-engine-v1\index.ts"
"UNKNOWN","\intelligence\experience-intelligence-engine-v1\contracts\learning.contracts.ts"
"UNKNOWN","\intelligence\experience-intelligence-engine-v1\learning\processor.ts"
"UNKNOWN","\intelligence\experience-intelligence-engine-v1\models\learning.model.ts"
"UNKNOWN","\intelligence\experience-intelligence-engine-v1\runtime\controller.ts"
"UNKNOWN","\intelligence\experience-intelligence-engine-v1\types\learning.types.ts"
"UNKNOWN","\intelligence\experience-memory-engine-v1\index.ts"
"UNKNOWN","\intelligence\experience-memory-engine-v1\contracts\memory.contracts.ts"
"UNKNOWN","\intelligence\experience-memory-engine-v1\memory\processor.ts"
"GENERATED_OR_BACKUP","\intelligence\experience-memory-engine-v1\models\memory.model.ts.backup-20260906-204738"
"UNKNOWN","\intelligence\experience-memory-engine-v1\runtime\controller.ts"
"UNKNOWN","\intelligence\experience-memory-engine-v1\types\memory.types.ts"
"UNKNOWN","\intelligence\expert-network-engine-v1\index.ts"
"UNKNOWN","\intelligence\expert-network-engine-v1\collaboration\processor.ts"
"UNKNOWN","\intelligence\expert-network-engine-v1\contracts\collaboration.contracts.ts"
"UNKNOWN","\intelligence\expert-network-engine-v1\models\collaboration.model.ts"
"UNKNOWN","\intelligence\expert-network-engine-v1\runtime\controller.ts"
"UNKNOWN","\intelligence\expert-network-engine-v1\types\collaboration.types.ts"
"UNKNOWN","\intelligence\extension-management-engine-v1\index.ts"
"UNKNOWN","\intelligence\extension-management-engine-v1\contracts\ecosystem.contracts.ts"
"UNKNOWN","\intelligence\extension-management-engine-v1\ecosystem\processor.ts"
"UNKNOWN","\intelligence\extension-management-engine-v1\models\ecosystem.model.ts"
"UNKNOWN","\intelligence\extension-management-engine-v1\runtime\controller.ts"
"UNKNOWN","\intelligence\extension-management-engine-v1\types\ecosystem.types.ts"
"UNKNOWN","\intelligence\external-agent-connector-v1\index.ts"
"UNKNOWN","\intelligence\external-agent-connector-v1\contracts\ecosystem.contracts.ts"
"UNKNOWN","\intelligence\external-agent-connector-v1\ecosystem\processor.ts"
"UNKNOWN","\intelligence\external-agent-connector-v1\models\ecosystem.model.ts"
"UNKNOWN","\intelligence\external-agent-connector-v1\runtime\controller.ts"
"UNKNOWN","\intelligence\external-agent-connector-v1\types\ecosystem.types.ts"
"UNKNOWN","\intelligence\external-data-connector-engine-v1\index.ts"
"UNKNOWN","\intelligence\external-data-connector-engine-v1\contracts\integration.contracts.ts"
"UNKNOWN","\intelligence\external-data-connector-engine-v1\integration\processor.ts"
"UNKNOWN","\intelligence\external-data-connector-engine-v1\models\integration.model.ts"
"UNKNOWN","\intelligence\external-data-connector-engine-v1\runtime\controller.ts"
"UNKNOWN","\intelligence\external-data-connector-engine-v1\types\integration.types.ts"
"UNKNOWN","\intelligence\failure-analysis-engine-v1\index.ts"
"UNKNOWN","\intelligence\failure-analysis-engine-v1\contracts\resilience.contracts.ts"
"UNKNOWN","\intelligence\failure-analysis-engine-v1\models\resilience.model.ts"
"UNKNOWN","\intelligence\failure-analysis-engine-v1\resilience\processor.ts"
"UNKNOWN","\intelligence\failure-analysis-engine-v1\runtime\controller.ts"
"UNKNOWN","\intelligence\failure-analysis-engine-v1\types\resilience.types.ts"
"UNKNOWN","\intelligence\federated-api-runtime-v1\index.ts"
"UNKNOWN","\intelligence\federated-api-runtime-v1\api\processor.ts"
"UNKNOWN","\intelligence\federated-api-runtime-v1\contracts\api.contracts.ts"
"UNKNOWN","\intelligence\federated-api-runtime-v1\models\api.model.ts"
"UNKNOWN","\intelligence\federated-api-runtime-v1\runtime\controller.ts"
"UNKNOWN","\intelligence\federated-api-runtime-v1\types\api.types.ts"
"UNKNOWN","\intelligence\federation-protocol-engine-v1\index.ts"
"UNKNOWN","\intelligence\federation-protocol-engine-v1\contracts\federation.contracts.ts"
"UNKNOWN","\intelligence\federation-protocol-engine-v1\federation\processor.ts"
"UNKNOWN","\intelligence\federation-protocol-engine-v1\models\federation.model.ts"
"UNKNOWN","\intelligence\federation-protocol-engine-v1\runtime\controller.ts"
"UNKNOWN","\intelligence\federation-protocol-engine-v1\types\federation.types.ts"
"UNKNOWN","\intelligence\federation-registry-engine-v1\index.ts"
"UNKNOWN","\intelligence\federation-registry-engine-v1\contracts\federation.contracts.ts"
"UNKNOWN","\intelligence\federation-registry-engine-v1\federation\processor.ts"
"UNKNOWN","\intelligence\federation-registry-engine-v1\models\federation.model.ts"
"UNKNOWN","\intelligence\federation-registry-engine-v1\runtime\controller.ts"
"UNKNOWN","\intelligence\federation-registry-engine-v1\types\federation.types.ts"
"UNKNOWN","\intelligence\feedback-learning-engine-v1\index.ts"
"UNKNOWN","\intelligence\feedback-learning-engine-v1\contracts\learning.contracts.ts"
"UNKNOWN","\intelligence\feedback-learning-engine-v1\learning\processor.ts"
"UNKNOWN","\intelligence\feedback-learning-engine-v1\models\learning.model.ts"
"UNKNOWN","\intelligence\feedback-learning-engine-v1\runtime\controller.ts"
"UNKNOWN","\intelligence\feedback-learning-engine-v1\types\learning.types.ts"
"UNKNOWN","\intelligence\forecast-engine-v1\index.ts"
"UNKNOWN","\intelligence\forecast-engine-v1\contracts\prediction.contracts.ts"
"UNKNOWN","\intelligence\forecast-engine-v1\models\prediction.model.ts"
"UNKNOWN","\intelligence\forecast-engine-v1\prediction\processor.ts"
"UNKNOWN","\intelligence\forecast-engine-v1\runtime\controller.ts"
"UNKNOWN","\intelligence\forecast-engine-v1\types\prediction.types.ts"
"UNKNOWN","\intelligence\forecast-modeling-engine-v1\index.ts"
"UNKNOWN","\intelligence\forecast-modeling-engine-v1\contracts\predictive.contracts.ts"
"UNKNOWN","\intelligence\forecast-modeling-engine-v1\models\predictive.model.ts"
"UNKNOWN","\intelligence\forecast-modeling-engine-v1\prediction\processor.ts"
"UNKNOWN","\intelligence\forecast-modeling-engine-v1\runtime\controller.ts"
"UNKNOWN","\intelligence\forecast-modeling-engine-v1\types\predictive.types.ts"
"UNKNOWN","\intelligence\future-architecture-intelligence-core-v1\index.ts"
"UNKNOWN","\intelligence\future-architecture-intelligence-core-v1\architecture\processor.ts"
"UNKNOWN","\intelligence\future-architecture-intelligence-core-v1\contracts\architecture.contracts.ts"
"UNKNOWN","\intelligence\future-architecture-intelligence-core-v1\models\architecture.model.ts"
"UNKNOWN","\intelligence\future-architecture-intelligence-core-v1\runtime\controller.ts"
"UNKNOWN","\intelligence\future-architecture-intelligence-core-v1\types\architecture.types.ts"
"UNKNOWN","\intelligence\future-architecture-intelligence-platform-v1\index.ts"
"UNKNOWN","\intelligence\future-architecture-intelligence-platform-v1\architecture\processor.ts"
"UNKNOWN","\intelligence\future-architecture-intelligence-platform-v1\contracts\architecture.contracts.ts"
"UNKNOWN","\intelligence\future-architecture-intelligence-platform-v1\models\architecture.model.ts"
"UNKNOWN","\intelligence\future-architecture-intelligence-platform-v1\runtime\controller.ts"
"UNKNOWN","\intelligence\future-architecture-intelligence-platform-v1\types\architecture.types.ts"
"UNKNOWN","\intelligence\future-architecture-intelligence-registry-v1\index.ts"
"UNKNOWN","\intelligence\future-architecture-runtime-engine-v1\index.ts"
"UNKNOWN","\intelligence\future-architecture-runtime-engine-v1\architecture\processor.ts"
"UNKNOWN","\intelligence\future-architecture-runtime-engine-v1\contracts\architecture.contracts.ts"
"UNKNOWN","\intelligence\future-architecture-runtime-engine-v1\models\architecture.model.ts"
"UNKNOWN","\intelligence\future-architecture-runtime-engine-v1\runtime\controller.ts"
"UNKNOWN","\intelligence\future-architecture-runtime-engine-v1\types\architecture.types.ts"
"UNKNOWN","\intelligence\future-capability-registry-v1\index.ts"
"UNKNOWN","\intelligence\future-capability-registry-v1\contracts\evolution.contracts.ts"
"UNKNOWN","\intelligence\future-capability-registry-v1\evolution\processor.ts"
"UNKNOWN","\intelligence\future-capability-registry-v1\models\evolution.model.ts"
"UNKNOWN","\intelligence\future-capability-registry-v1\runtime\controller.ts"
"UNKNOWN","\intelligence\future-capability-registry-v1\types\evolution.types.ts"
"UNKNOWN","\intelligence\future-civilization-modeling-v1\index.ts"
"UNKNOWN","\intelligence\future-civilization-modeling-v1\contracts\synthesis.contracts.ts"
"UNKNOWN","\intelligence\future-civilization-modeling-v1\models\synthesis.model.ts"
"UNKNOWN","\intelligence\future-civilization-modeling-v1\runtime\controller.ts"
"UNKNOWN","\intelligence\future-civilization-modeling-v1\synthesis\processor.ts"
"UNKNOWN","\intelligence\future-civilization-modeling-v1\types\synthesis.types.ts"
"UNKNOWN","\intelligence\future-civilization-scenario-engine-v1\index.ts"
"UNKNOWN","\intelligence\future-civilization-scenario-engine-v1\civilization\processor.ts"
"UNKNOWN","\intelligence\future-civilization-scenario-engine-v1\contracts\civilization.contracts.ts"
"UNKNOWN","\intelligence\future-civilization-scenario-engine-v1\models\civilization.model.ts"
"UNKNOWN","\intelligence\future-civilization-scenario-engine-v1\runtime\controller.ts"
"UNKNOWN","\intelligence\future-civilization-scenario-engine-v1\types\civilization.types.ts"
"UNKNOWN","\intelligence\future-computation-adapter-v1\index.ts"
"UNKNOWN","\intelligence\future-computation-adapter-v1\contracts\quantum.contracts.ts"
"UNKNOWN","\intelligence\future-computation-adapter-v1\models\quantum.model.ts"
"UNKNOWN","\intelligence\future-computation-adapter-v1\quantum\processor.ts"
"UNKNOWN","\intelligence\future-computation-adapter-v1\runtime\controller.ts"
"UNKNOWN","\intelligence\future-computation-adapter-v1\types\quantum.types.ts"
"UNKNOWN","\intelligence\future-design-knowledge-registry-v1\index.ts"
"UNKNOWN","\intelligence\future-design-knowledge-registry-v1\architecture\processor.ts"
"UNKNOWN","\intelligence\future-design-knowledge-registry-v1\contracts\architecture.contracts.ts"
"UNKNOWN","\intelligence\future-design-knowledge-registry-v1\models\architecture.model.ts"
"UNKNOWN","\intelligence\future-design-knowledge-registry-v1\runtime\controller.ts"
"UNKNOWN","\intelligence\future-design-knowledge-registry-v1\types\architecture.types.ts"
"UNKNOWN","\intelligence\future-evolution-gateway-v1\index.ts"
"UNKNOWN","\intelligence\future-evolution-gateway-v1\contracts\singularity.contracts.ts"
"UNKNOWN","\intelligence\future-evolution-gateway-v1\convergence\processor.ts"
"UNKNOWN","\intelligence\future-evolution-gateway-v1\models\singularity.model.ts"
"UNKNOWN","\intelligence\future-evolution-gateway-v1\runtime\controller.ts"
"UNKNOWN","\intelligence\future-evolution-gateway-v1\types\singularity.types.ts"
"UNKNOWN","\intelligence\future-evolution-scenario-engine-v1\index.ts"
"UNKNOWN","\intelligence\future-evolution-scenario-engine-v1\contracts\strategy.contracts.ts"
"UNKNOWN","\intelligence\future-evolution-scenario-engine-v1\models\strategy.model.ts"
"UNKNOWN","\intelligence\future-evolution-scenario-engine-v1\runtime\controller.ts"
"UNKNOWN","\intelligence\future-evolution-scenario-engine-v1\strategy\processor.ts"
"UNKNOWN","\intelligence\future-evolution-scenario-engine-v1\types\strategy.types.ts"
"UNKNOWN","\intelligence\future-knowledge-prediction-v1\index.ts"
"UNKNOWN","\intelligence\future-knowledge-prediction-v1\contracts\knowledge.contracts.ts"
"UNKNOWN","\intelligence\future-knowledge-prediction-v1\knowledge\processor.ts"
"UNKNOWN","\intelligence\future-knowledge-prediction-v1\models\knowledge.model.ts"
"UNKNOWN","\intelligence\future-knowledge-prediction-v1\runtime\controller.ts"
"UNKNOWN","\intelligence\future-knowledge-prediction-v1\types\knowledge.types.ts"
"UNKNOWN","\intelligence\future-simulation-engine-v1\index.ts"
"UNKNOWN","\intelligence\future-simulation-engine-v1\contracts\planning.contracts.ts"
"UNKNOWN","\intelligence\future-simulation-engine-v1\models\planning.model.ts"
"UNKNOWN","\intelligence\future-simulation-engine-v1\planning\processor.ts"
"UNKNOWN","\intelligence\future-simulation-engine-v1\simulation\engine.ts"
"UNKNOWN","\intelligence\future-simulation-engine-v1\types\planning.types.ts"
"UNKNOWN","\intelligence\future-trend-analysis-engine-v1\index.ts"
"UNKNOWN","\intelligence\future-trend-analysis-engine-v1\contracts\prediction.contracts.ts"
"UNKNOWN","\intelligence\future-trend-analysis-engine-v1\models\prediction.model.ts"
"UNKNOWN","\intelligence\future-trend-analysis-engine-v1\prediction\processor.ts"
"UNKNOWN","\intelligence\future-trend-analysis-engine-v1\runtime\controller.ts"
"UNKNOWN","\intelligence\future-trend-analysis-engine-v1\types\prediction.types.ts"
"UNKNOWN","\intelligence\global-agent-coordination-layer-v1\index.ts"
"UNKNOWN","\intelligence\global-agent-coordination-layer-v1\civilization\processor.ts"
"UNKNOWN","\intelligence\global-agent-coordination-layer-v1\contracts\civilization.contracts.ts"
"UNKNOWN","\intelligence\global-agent-coordination-layer-v1\models\civilization.model.ts"
"UNKNOWN","\intelligence\global-agent-coordination-layer-v1\runtime\controller.ts"
"UNKNOWN","\intelligence\global-agent-coordination-layer-v1\types\civilization.types.ts"
"UNKNOWN","\intelligence\global-agent-network-manager-v1\index.ts"
"UNKNOWN","\intelligence\global-agent-network-manager-v1\contracts\platform.contracts.ts"
"UNKNOWN","\intelligence\global-agent-network-manager-v1\models\platform.model.ts"
"UNKNOWN","\intelligence\global-agent-network-manager-v1\platform\processor.ts"
"UNKNOWN","\intelligence\global-agent-network-manager-v1\runtime\controller.ts"
"UNKNOWN","\intelligence\global-agent-network-manager-v1\types\platform.types.ts"
"UNKNOWN","\intelligence\global-autonomous-intelligence-platform-core-v1\index.ts"
"UNKNOWN","\intelligence\global-autonomous-intelligence-platform-core-v1\contracts\platform.contracts.ts"
"UNKNOWN","\intelligence\global-autonomous-intelligence-platform-core-v1\models\platform.model.ts"
"UNKNOWN","\intelligence\global-autonomous-intelligence-platform-core-v1\platform\processor.ts"
"UNKNOWN","\intelligence\global-autonomous-intelligence-platform-core-v1\runtime\controller.ts"
"UNKNOWN","\intelligence\global-autonomous-intelligence-platform-core-v1\types\platform.types.ts"
"UNKNOWN","\intelligence\global-autonomous-platform-registry-v1\index.ts"
"UNKNOWN","\intelligence\global-built-environment-grid-registry-v1\index.ts"
"UNKNOWN","\intelligence\global-city-intelligence-network-v1\index.ts"
"UNKNOWN","\intelligence\global-city-intelligence-network-v1\contracts\planetary.contracts.ts"
"UNKNOWN","\intelligence\global-city-intelligence-network-v1\models\planetary.model.ts"
"UNKNOWN","\intelligence\global-city-intelligence-network-v1\planetary\processor.ts"
"UNKNOWN","\intelligence\global-city-intelligence-network-v1\runtime\controller.ts"
"UNKNOWN","\intelligence\global-city-intelligence-network-v1\types\planetary.types.ts"
"UNKNOWN","\intelligence\global-civilization-knowledge-registry-v1\index.ts"
"UNKNOWN","\intelligence\global-civilization-knowledge-registry-v1\civilization\processor.ts"
"UNKNOWN","\intelligence\global-civilization-knowledge-registry-v1\contracts\civilization.contracts.ts"
"UNKNOWN","\intelligence\global-civilization-knowledge-registry-v1\models\civilization.model.ts"
"UNKNOWN","\intelligence\global-civilization-knowledge-registry-v1\runtime\controller.ts"
"UNKNOWN","\intelligence\global-civilization-knowledge-registry-v1\types\civilization.types.ts"
"UNKNOWN","\intelligence\global-collaboration-core-v1\index.ts"
"UNKNOWN","\intelligence\global-collaboration-core-v1\collaboration\processor.ts"
"UNKNOWN","\intelligence\global-collaboration-core-v1\contracts\collaboration.contracts.ts"
"UNKNOWN","\intelligence\global-collaboration-core-v1\models\collaboration.model.ts"
"UNKNOWN","\intelligence\global-collaboration-core-v1\runtime\controller.ts"
"UNKNOWN","\intelligence\global-collaboration-core-v1\types\collaboration.types.ts"
"UNKNOWN","\intelligence\global-collaboration-registry-v1\index.ts"
"UNKNOWN","\intelligence\global-content-intelligence-core-v1\index.ts"
"UNKNOWN","\intelligence\global-content-intelligence-core-v1\content\processor.ts"
"UNKNOWN","\intelligence\global-content-intelligence-core-v1\contracts\content.contracts.ts"
"UNKNOWN","\intelligence\global-content-intelligence-core-v1\models\content.model.ts"
"UNKNOWN","\intelligence\global-content-intelligence-core-v1\runtime\controller.ts"
"UNKNOWN","\intelligence\global-content-intelligence-core-v1\types\content.types.ts"
"UNKNOWN","\intelligence\global-content-intelligence-registry-v1\index.ts"
"UNKNOWN","\intelligence\global-deployment-core-v1\index.ts"
"UNKNOWN","\intelligence\global-deployment-core-v1\contracts\deployment.contracts.ts"
"UNKNOWN","\intelligence\global-deployment-core-v1\deployment\processor.ts"
"UNKNOWN","\intelligence\global-deployment-core-v1\models\deployment.model.ts"
"UNKNOWN","\intelligence\global-deployment-core-v1\runtime\controller.ts"
"UNKNOWN","\intelligence\global-deployment-core-v1\types\deployment.types.ts"
"UNKNOWN","\intelligence\global-deployment-registry-v1\index.ts"
"UNKNOWN","\intelligence\global-federation-core-v1\index.ts"
"UNKNOWN","\intelligence\global-federation-core-v1\contracts\federation.contracts.ts"
"UNKNOWN","\intelligence\global-federation-core-v1\federation\processor.ts"
"UNKNOWN","\intelligence\global-federation-core-v1\models\federation.model.ts"
"UNKNOWN","\intelligence\global-federation-core-v1\runtime\controller.ts"
"UNKNOWN","\intelligence\global-federation-core-v1\types\federation.types.ts"
"UNKNOWN","\intelligence\global-federation-registry-v1\index.ts"
"UNKNOWN","\intelligence\global-federation-runtime-engine-v1\index.ts"
"UNKNOWN","\intelligence\global-federation-runtime-engine-v1\contracts\federation.contracts.ts"
"UNKNOWN","\intelligence\global-federation-runtime-engine-v1\federation\processor.ts"
"UNKNOWN","\intelligence\global-federation-runtime-engine-v1\models\federation.model.ts"
"UNKNOWN","\intelligence\global-federation-runtime-engine-v1\runtime\controller.ts"
"UNKNOWN","\intelligence\global-federation-runtime-engine-v1\types\federation.types.ts"
"UNKNOWN","\intelligence\global-intelligence-api-core-v1\index.ts"
"UNKNOWN","\intelligence\global-intelligence-api-core-v1\api\processor.ts"
"UNKNOWN","\intelligence\global-intelligence-api-core-v1\contracts\api.contracts.ts"
"UNKNOWN","\intelligence\global-intelligence-api-core-v1\models\api.model.ts"
"UNKNOWN","\intelligence\global-intelligence-api-core-v1\runtime\controller.ts"
"UNKNOWN","\intelligence\global-intelligence-api-core-v1\types\api.types.ts"
"UNKNOWN","\intelligence\global-intelligence-api-platform-v1\index.ts"
"UNKNOWN","\intelligence\global-intelligence-api-platform-v1\api\processor.ts"
"UNKNOWN","\intelligence\global-intelligence-api-platform-v1\contracts\api.contracts.ts"
"UNKNOWN","\intelligence\global-intelligence-api-platform-v1\models\api.model.ts"
"UNKNOWN","\intelligence\global-intelligence-api-platform-v1\runtime\controller.ts"
"UNKNOWN","\intelligence\global-intelligence-api-platform-v1\types\api.types.ts"
"UNKNOWN","\intelligence\global-intelligence-api-registry-v1\index.ts"
"UNKNOWN","\intelligence\global-intelligence-civilization-core-v1\index.ts"
"UNKNOWN","\intelligence\global-intelligence-civilization-core-v1\civilization\processor.ts"
"UNKNOWN","\intelligence\global-intelligence-civilization-core-v1\contracts\civilization.contracts.ts"
"UNKNOWN","\intelligence\global-intelligence-civilization-core-v1\models\civilization.model.ts"
"UNKNOWN","\intelligence\global-intelligence-civilization-core-v1\runtime\controller.ts"
"UNKNOWN","\intelligence\global-intelligence-civilization-core-v1\types\civilization.types.ts"
"UNKNOWN","\intelligence\global-intelligence-civilization-registry-v1\index.ts"
"UNKNOWN","\intelligence\global-intelligence-core-v1\index.ts"
"UNKNOWN","\intelligence\global-intelligence-core-v1\contracts\service.contracts.ts"
"UNKNOWN","\intelligence\global-intelligence-core-v1\models\service.model.ts"
"UNKNOWN","\intelligence\global-intelligence-core-v1\runtime\controller.ts"
"UNKNOWN","\intelligence\global-intelligence-core-v1\services\processor.ts"
"UNKNOWN","\intelligence\global-intelligence-core-v1\types\service.types.ts"
"UNKNOWN","\intelligence\global-intelligence-federation-core-v1\index.ts"
"UNKNOWN","\intelligence\global-intelligence-federation-core-v1\contracts\federation.contracts.ts"
"UNKNOWN","\intelligence\global-intelligence-federation-core-v1\federation\processor.ts"
"UNKNOWN","\intelligence\global-intelligence-federation-core-v1\models\federation.model.ts"
"UNKNOWN","\intelligence\global-intelligence-federation-core-v1\runtime\controller.ts"
"UNKNOWN","\intelligence\global-intelligence-federation-core-v1\types\federation.types.ts"
"UNKNOWN","\intelligence\global-intelligence-governance-v1\index.ts"
"UNKNOWN","\intelligence\global-intelligence-governance-v1\contracts\federation.contracts.ts"
"UNKNOWN","\intelligence\global-intelligence-governance-v1\federation\processor.ts"
"UNKNOWN","\intelligence\global-intelligence-governance-v1\models\federation.model.ts"
"UNKNOWN","\intelligence\global-intelligence-governance-v1\runtime\controller.ts"
"UNKNOWN","\intelligence\global-intelligence-governance-v1\types\federation.types.ts"
"UNKNOWN","\intelligence\global-intelligence-harmonization-v1\index.ts"
"UNKNOWN","\intelligence\global-intelligence-harmonization-v1\contracts\synthesis.contracts.ts"
"UNKNOWN","\intelligence\global-intelligence-harmonization-v1\models\synthesis.model.ts"
"UNKNOWN","\intelligence\global-intelligence-harmonization-v1\runtime\controller.ts"
"UNKNOWN","\intelligence\global-intelligence-harmonization-v1\synthesis\processor.ts"
"UNKNOWN","\intelligence\global-intelligence-harmonization-v1\types\synthesis.types.ts"
"UNKNOWN","\intelligence\global-intelligence-marketplace-core-v1\index.ts"
"UNKNOWN","\intelligence\global-intelligence-marketplace-core-v1\contracts\marketplace.contracts.ts"
"UNKNOWN","\intelligence\global-intelligence-marketplace-core-v1\marketplace\processor.ts"
"UNKNOWN","\intelligence\global-intelligence-marketplace-core-v1\models\marketplace.model.ts"
"UNKNOWN","\intelligence\global-intelligence-marketplace-core-v1\runtime\controller.ts"
"UNKNOWN","\intelligence\global-intelligence-marketplace-core-v1\types\marketplace.types.ts"
"UNKNOWN","\intelligence\global-intelligence-marketplace-registry-v1\index.ts"
"UNKNOWN","\intelligence\global-intelligence-monitor-v1\index.ts"
"UNKNOWN","\intelligence\global-intelligence-monitor-v1\consciousness\processor.ts"
"UNKNOWN","\intelligence\global-intelligence-monitor-v1\contracts\consciousness.contracts.ts"
"UNKNOWN","\intelligence\global-intelligence-monitor-v1\models\consciousness.model.ts"
"UNKNOWN","\intelligence\global-intelligence-monitor-v1\runtime\controller.ts"
"UNKNOWN","\intelligence\global-intelligence-monitor-v1\types\consciousness.types.ts"
"UNKNOWN","\intelligence\global-intelligence-os-core-v1\index.ts"
"UNKNOWN","\intelligence\global-intelligence-os-core-v1\contracts\os.contracts.ts"
"UNKNOWN","\intelligence\global-intelligence-os-core-v1\core\processor.ts"
"UNKNOWN","\intelligence\global-intelligence-os-core-v1\models\os.model.ts"
"UNKNOWN","\intelligence\global-intelligence-os-core-v1\runtime\controller.ts"
"UNKNOWN","\intelligence\global-intelligence-os-core-v1\types\os.types.ts"
"UNKNOWN","\intelligence\global-intelligence-os-registry-v1\index.ts"
"UNKNOWN","\intelligence\global-intelligence-platform-gateway-v1\index.ts"
"UNKNOWN","\intelligence\global-intelligence-platform-gateway-v1\contracts\platform.contracts.ts"
"UNKNOWN","\intelligence\global-intelligence-platform-gateway-v1\models\platform.model.ts"
"UNKNOWN","\intelligence\global-intelligence-platform-gateway-v1\platform\processor.ts"
"UNKNOWN","\intelligence\global-intelligence-platform-gateway-v1\runtime\controller.ts"
"UNKNOWN","\intelligence\global-intelligence-platform-gateway-v1\types\platform.types.ts"
"UNKNOWN","\intelligence\global-intelligence-platform-v1\index.ts"
"UNKNOWN","\intelligence\global-intelligence-platform-v1\contracts\federation.contracts.ts"
"UNKNOWN","\intelligence\global-intelligence-platform-v1\federation\processor.ts"
"UNKNOWN","\intelligence\global-intelligence-platform-v1\models\federation.model.ts"
"UNKNOWN","\intelligence\global-intelligence-platform-v1\runtime\controller.ts"
"UNKNOWN","\intelligence\global-intelligence-platform-v1\types\federation.types.ts"
"UNKNOWN","\intelligence\global-intelligence-runtime-v1\index.ts"
"GENERATED_OR_BACKUP","\intelligence\global-intelligence-runtime-v1\index.ts.backup-20260907-023118"
"UNKNOWN","\intelligence\global-intelligence-runtime-v1\contracts\os.contracts.ts"
"UNKNOWN","\intelligence\global-intelligence-runtime-v1\contracts\service.contracts.ts"
"UNKNOWN","\intelligence\global-intelligence-runtime-v1\core\processor.ts"
"UNKNOWN","\intelligence\global-intelligence-runtime-v1\models\os.model.ts"
"UNKNOWN","\intelligence\global-intelligence-runtime-v1\models\service.model.ts"
"UNKNOWN","\intelligence\global-intelligence-runtime-v1\runtime\controller.ts"
"GENERATED_OR_BACKUP","\intelligence\global-intelligence-runtime-v1\runtime\controller.ts.backup-20260907-023118"
"UNKNOWN","\intelligence\global-intelligence-runtime-v1\services\processor.ts"
"UNKNOWN","\intelligence\global-intelligence-runtime-v1\types\os.types.ts"
"UNKNOWN","\intelligence\global-intelligence-runtime-v1\types\service.types.ts"
"UNKNOWN","\intelligence\global-intelligence-services-registry-v1\index.ts"
"UNKNOWN","\intelligence\global-knowledge-federation-platform-v1\index.ts"
"UNKNOWN","\intelligence\global-knowledge-federation-platform-v1\contracts\federation.contracts.ts"
"UNKNOWN","\intelligence\global-knowledge-federation-platform-v1\federation\processor.ts"
"UNKNOWN","\intelligence\global-knowledge-federation-platform-v1\models\federation.model.ts"
"UNKNOWN","\intelligence\global-knowledge-federation-platform-v1\runtime\controller.ts"
"UNKNOWN","\intelligence\global-knowledge-federation-platform-v1\types\federation.types.ts"
"UNKNOWN","\intelligence\global-knowledge-federation-registry-v1\index.ts"
"UNKNOWN","\intelligence\global-knowledge-graph-engine-v1\index.ts"
"UNKNOWN","\intelligence\global-knowledge-graph-engine-v1\civilization\processor.ts"
"UNKNOWN","\intelligence\global-knowledge-graph-engine-v1\contracts\civilization.contracts.ts"
"UNKNOWN","\intelligence\global-knowledge-graph-engine-v1\models\civilization.model.ts"
"UNKNOWN","\intelligence\global-knowledge-graph-engine-v1\runtime\controller.ts"
"UNKNOWN","\intelligence\global-knowledge-graph-engine-v1\types\civilization.types.ts"
"UNKNOWN","\intelligence\global-priority-management-engine-v1\index.ts"
"UNKNOWN","\intelligence\global-priority-management-engine-v1\contracts\meta.contracts.ts"
"UNKNOWN","\intelligence\global-priority-management-engine-v1\models\meta.model.ts"
"UNKNOWN","\intelligence\global-priority-management-engine-v1\orchestration\processor.ts"
"UNKNOWN","\intelligence\global-priority-management-engine-v1\runtime\controller.ts"
"UNKNOWN","\intelligence\global-priority-management-engine-v1\types\meta.types.ts"
"UNKNOWN","\intelligence\global-real-estate-intelligence-core-v1\index.ts"
"UNKNOWN","\intelligence\global-real-estate-intelligence-core-v1\contracts\realestate.contracts.ts"
"UNKNOWN","\intelligence\global-real-estate-intelligence-core-v1\models\realestate.model.ts"
"UNKNOWN","\intelligence\global-real-estate-intelligence-core-v1\real-estate\processor.ts"
"UNKNOWN","\intelligence\global-real-estate-intelligence-core-v1\runtime\controller.ts"
"UNKNOWN","\intelligence\global-real-estate-intelligence-core-v1\types\realestate.types.ts"
"UNKNOWN","\intelligence\global-real-estate-intelligence-registry-v1\index.ts"
"UNKNOWN","\intelligence\global-real-estate-runtime-v1\index.ts"
"UNKNOWN","\intelligence\global-real-estate-runtime-v1\contracts\realestate.contracts.ts"
"UNKNOWN","\intelligence\global-real-estate-runtime-v1\models\realestate.model.ts"
"UNKNOWN","\intelligence\global-real-estate-runtime-v1\real-estate\processor.ts"
"UNKNOWN","\intelligence\global-real-estate-runtime-v1\runtime\controller.ts"
"UNKNOWN","\intelligence\global-real-estate-runtime-v1\types\realestate.types.ts"
"UNKNOWN","\intelligence\global-society-intelligence-layer-v1\index.ts"
"UNKNOWN","\intelligence\global-society-intelligence-layer-v1\civilization\processor.ts"
"UNKNOWN","\intelligence\global-society-intelligence-layer-v1\contracts\civilization.contracts.ts"
"UNKNOWN","\intelligence\global-society-intelligence-layer-v1\models\civilization.model.ts"
"UNKNOWN","\intelligence\global-society-intelligence-layer-v1\runtime\controller.ts"
"UNKNOWN","\intelligence\global-society-intelligence-layer-v1\types\civilization.types.ts"
"UNKNOWN","\intelligence\global-spatial-computing-network-v1\index.ts"
"UNKNOWN","\intelligence\global-spatial-computing-network-v1\contracts\planetary.contracts.ts"
"UNKNOWN","\intelligence\global-spatial-computing-network-v1\models\planetary.model.ts"
"UNKNOWN","\intelligence\global-spatial-computing-network-v1\planetary\processor.ts"
"UNKNOWN","\intelligence\global-spatial-computing-network-v1\runtime\controller.ts"
"UNKNOWN","\intelligence\global-spatial-computing-network-v1\types\planetary.types.ts"
"UNKNOWN","\intelligence\global-synchronization-engine-v1\index.ts"
"UNKNOWN","\intelligence\global-synchronization-engine-v1\contracts\convergence.contracts.ts"
"UNKNOWN","\intelligence\global-synchronization-engine-v1\convergence\processor.ts"
"UNKNOWN","\intelligence\global-synchronization-engine-v1\models\convergence.model.ts"
"UNKNOWN","\intelligence\global-synchronization-engine-v1\runtime\controller.ts"
"UNKNOWN","\intelligence\global-synchronization-engine-v1\types\convergence.types.ts"
"UNKNOWN","\intelligence\global-urban-intelligence-network-v1\index.ts"
"UNKNOWN","\intelligence\global-urban-intelligence-network-v1\contracts\environment.contracts.ts"
"UNKNOWN","\intelligence\global-urban-intelligence-network-v1\environment\processor.ts"
"UNKNOWN","\intelligence\global-urban-intelligence-network-v1\models\environment.model.ts"
"UNKNOWN","\intelligence\global-urban-intelligence-network-v1\runtime\controller.ts"
"UNKNOWN","\intelligence\global-urban-intelligence-network-v1\types\environment.types.ts"
"UNKNOWN","\intelligence\global-wisdom-integration-layer-v1\index.ts"
"UNKNOWN","\intelligence\global-wisdom-integration-layer-v1\architecture\processor.ts"
"UNKNOWN","\intelligence\global-wisdom-integration-layer-v1\contracts\architecture.contracts.ts"
"UNKNOWN","\intelligence\global-wisdom-integration-layer-v1\models\architecture.model.ts"
"UNKNOWN","\intelligence\global-wisdom-integration-layer-v1\runtime\controller.ts"
"UNKNOWN","\intelligence\global-wisdom-integration-layer-v1\types\architecture.types.ts"
"UNKNOWN","\intelligence\goal-decomposition-engine-v1\index.ts"
"UNKNOWN","\intelligence\goal-decomposition-engine-v1\contracts\planning.contracts.ts"
"UNKNOWN","\intelligence\goal-decomposition-engine-v1\models\planning.model.ts"
"UNKNOWN","\intelligence\goal-decomposition-engine-v1\planning\processor.ts"
"UNKNOWN","\intelligence\goal-decomposition-engine-v1\simulation\engine.ts"
"UNKNOWN","\intelligence\goal-decomposition-engine-v1\types\planning.types.ts"
"UNKNOWN","\intelligence\governance-adaptation-engine-v1\index.ts"
"UNKNOWN","\intelligence\governance-adaptation-engine-v1\contracts\meta-governance.contracts.ts"
"UNKNOWN","\intelligence\governance-adaptation-engine-v1\governance\processor.ts"
"UNKNOWN","\intelligence\governance-adaptation-engine-v1\models\meta-governance.model.ts"
"UNKNOWN","\intelligence\governance-adaptation-engine-v1\runtime\controller.ts"
"UNKNOWN","\intelligence\governance-adaptation-engine-v1\types\meta-governance.types.ts"
"UNKNOWN","\intelligence\governance-capability-expansion-engine-v1\index.ts"
"UNKNOWN","\intelligence\governance-capability-expansion-engine-v1\contracts\meta-evolution.contracts.ts"
"UNKNOWN","\intelligence\governance-capability-expansion-engine-v1\evolution\processor.ts"
"UNKNOWN","\intelligence\governance-capability-expansion-engine-v1\models\meta-evolution.model.ts"
"UNKNOWN","\intelligence\governance-capability-expansion-engine-v1\runtime\controller.ts"
"UNKNOWN","\intelligence\governance-capability-expansion-engine-v1\types\meta-evolution.types.ts"
"UNKNOWN","\intelligence\governance-context-intelligence-engine-v1\index.ts"
"UNKNOWN","\intelligence\governance-context-intelligence-engine-v1\contracts\governance.contracts.ts"
"UNKNOWN","\intelligence\governance-context-intelligence-engine-v1\governance\processor.ts"
"UNKNOWN","\intelligence\governance-context-intelligence-engine-v1\models\governance.model.ts"
"UNKNOWN","\intelligence\governance-context-intelligence-engine-v1\runtime\controller.ts"
"UNKNOWN","\intelligence\governance-context-intelligence-engine-v1\types\governance.types.ts"
"UNKNOWN","\intelligence\governance-control-runtime-v1\index.ts"
"UNKNOWN","\intelligence\governance-control-runtime-v1\contracts\governance.contracts.ts"
"UNKNOWN","\intelligence\governance-control-runtime-v1\governance\processor.ts"
"UNKNOWN","\intelligence\governance-control-runtime-v1\models\governance.model.ts"
"UNKNOWN","\intelligence\governance-control-runtime-v1\runtime\monitor.ts"
"UNKNOWN","\intelligence\governance-control-runtime-v1\types\governance.types.ts"
"UNKNOWN","\intelligence\governance-decision-engine-v1\index.ts"
"GENERATED_OR_BACKUP","\intelligence\governance-decision-engine-v1\index.ts.backup-20260907-005005"
"UNKNOWN","\intelligence\governance-decision-engine-v1\contracts\engine.contracts.ts"
"UNKNOWN","\intelligence\governance-decision-engine-v1\contracts\governance.contracts.ts"
"UNKNOWN","\intelligence\governance-decision-engine-v1\engine\processor.ts"
"UNKNOWN","\intelligence\governance-decision-engine-v1\governance\processor.ts"
"UNKNOWN","\intelligence\governance-decision-engine-v1\models\engine.model.ts"
"UNKNOWN","\intelligence\governance-decision-engine-v1\models\governance.model.ts"
"UNKNOWN","\intelligence\governance-decision-engine-v1\runtime\controller.ts"
"GENERATED_OR_BACKUP","\intelligence\governance-decision-engine-v1\runtime\controller.ts.backup-20260907-005005"
"UNKNOWN","\intelligence\governance-decision-engine-v1\types\engine.types.ts"
"UNKNOWN","\intelligence\governance-decision-engine-v1\types\governance.types.ts"
"UNKNOWN","\intelligence\governance-evaluation-engine-v1\index.ts"
"GENERATED_OR_BACKUP","\intelligence\governance-evaluation-engine-v1\index.ts.backup-20260906-205346"
"GENERATED_OR_BACKUP","\intelligence\governance-evaluation-engine-v1\index.ts.backup-20260907-004915"
"UNKNOWN","\intelligence\governance-evaluation-engine-v1\contracts\governance.contracts.ts"
"GENERATED_OR_BACKUP","\intelligence\governance-evaluation-engine-v1\contracts\governance.contracts.ts.backup-20260906-205346"
"GENERATED_OR_BACKUP","\intelligence\governance-evaluation-engine-v1\contracts\governance.contracts.ts.backup-20260907-004915"
"UNKNOWN","\intelligence\governance-evaluation-engine-v1\governance\processor.ts"
"GENERATED_OR_BACKUP","\intelligence\governance-evaluation-engine-v1\governance\processor.ts.backup-20260906-205346"
"GENERATED_OR_BACKUP","\intelligence\governance-evaluation-engine-v1\governance\processor.ts.backup-20260907-004915"
"UNKNOWN","\intelligence\governance-evaluation-engine-v1\models\governance.model.ts"
"GENERATED_OR_BACKUP","\intelligence\governance-evaluation-engine-v1\models\governance.model.ts.backup-20260906-205346"
"GENERATED_OR_BACKUP","\intelligence\governance-evaluation-engine-v1\models\governance.model.ts.backup-20260907-004915"
"UNKNOWN","\intelligence\governance-evaluation-engine-v1\runtime\controller.ts"
"GENERATED_OR_BACKUP","\intelligence\governance-evaluation-engine-v1\runtime\controller.ts.backup-20260906-205346"
"GENERATED_OR_BACKUP","\intelligence\governance-evaluation-engine-v1\runtime\controller.ts.backup-20260907-004915"
"UNKNOWN","\intelligence\governance-evaluation-engine-v1\types\governance.types.ts"
"GENERATED_OR_BACKUP","\intelligence\governance-evaluation-engine-v1\types\governance.types.ts.backup-20260906-205346"
"GENERATED_OR_BACKUP","\intelligence\governance-evaluation-engine-v1\types\governance.types.ts.backup-20260907-004915"
"UNKNOWN","\intelligence\governance-evolution-intelligence-engine-v1\index.ts"
"UNKNOWN","\intelligence\governance-evolution-intelligence-engine-v1\contracts\meta-governance.contracts.ts"
"UNKNOWN","\intelligence\governance-evolution-intelligence-engine-v1\meta\processor.ts"
"UNKNOWN","\intelligence\governance-evolution-intelligence-engine-v1\models\meta-governance.model.ts"
"UNKNOWN","\intelligence\governance-evolution-intelligence-engine-v1\runtime\controller.ts"
"UNKNOWN","\intelligence\governance-evolution-intelligence-engine-v1\types\meta-governance.types.ts"
"UNKNOWN","\intelligence\governance-evolution-memory-engine-v1\index.ts"
"UNKNOWN","\intelligence\governance-evolution-memory-engine-v1\contracts\meta-evolution.contracts.ts"
"UNKNOWN","\intelligence\governance-evolution-memory-engine-v1\evolution\processor.ts"
"UNKNOWN","\intelligence\governance-evolution-memory-engine-v1\models\meta-evolution.model.ts"
"UNKNOWN","\intelligence\governance-evolution-memory-engine-v1\runtime\controller.ts"
"UNKNOWN","\intelligence\governance-evolution-memory-engine-v1\types\meta-evolution.types.ts"
"UNKNOWN","\intelligence\governance-experience-engine-v1\index.ts"
"UNKNOWN","\intelligence\governance-experience-engine-v1\contracts\meta-learning.contracts.ts"
"UNKNOWN","\intelligence\governance-experience-engine-v1\learning\processor.ts"
"UNKNOWN","\intelligence\governance-experience-engine-v1\models\meta-learning.model.ts"
"UNKNOWN","\intelligence\governance-experience-engine-v1\runtime\controller.ts"
"UNKNOWN","\intelligence\governance-experience-engine-v1\types\meta-learning.types.ts"
"UNKNOWN","\intelligence\governance-intelligence-engine-v1\index.ts"
"GENERATED_OR_BACKUP","\intelligence\governance-intelligence-engine-v1\index.ts.backup-20260906-205346"
"UNKNOWN","\intelligence\governance-intelligence-engine-v1\contracts\governance.contracts.ts"
"UNKNOWN","\intelligence\governance-intelligence-engine-v1\contracts\meta-governance.contracts.ts"
"UNKNOWN","\intelligence\governance-intelligence-engine-v1\governance\processor.ts"
"GENERATED_OR_BACKUP","\intelligence\governance-intelligence-engine-v1\governance\processor.ts.backup-20260906-205346"
"UNKNOWN","\intelligence\governance-intelligence-engine-v1\models\governance.model.ts"
"UNKNOWN","\intelligence\governance-intelligence-engine-v1\models\meta-governance.model.ts"
"UNKNOWN","\intelligence\governance-intelligence-engine-v1\runtime\controller.ts"
"GENERATED_OR_BACKUP","\intelligence\governance-intelligence-engine-v1\runtime\controller.ts.backup-20260906-205346"
"UNKNOWN","\intelligence\governance-intelligence-engine-v1\types\governance.types.ts"
"UNKNOWN","\intelligence\governance-intelligence-engine-v1\types\meta-governance.types.ts"
"UNKNOWN","\intelligence\governance-learning-engine-v1\index.ts"
"UNKNOWN","\intelligence\governance-learning-engine-v1\contracts\optimization.contracts.ts"
"UNKNOWN","\intelligence\governance-learning-engine-v1\models\optimization.model.ts"
"UNKNOWN","\intelligence\governance-learning-engine-v1\optimization\processor.ts"
"UNKNOWN","\intelligence\governance-learning-engine-v1\runtime\controller.ts"
"UNKNOWN","\intelligence\governance-learning-engine-v1\types\optimization.types.ts"
"UNKNOWN","\intelligence\governance-optimization-engine-v1\index.ts"
"GENERATED_OR_BACKUP","\intelligence\governance-optimization-engine-v1\index.ts.backup-20260907-005323"
"UNKNOWN","\intelligence\governance-optimization-engine-v1\contracts\governance.contracts.ts"
"UNKNOWN","\intelligence\governance-optimization-engine-v1\contracts\optimization.contracts.ts"
"UNKNOWN","\intelligence\governance-optimization-engine-v1\governance\processor.ts"
"UNKNOWN","\intelligence\governance-optimization-engine-v1\models\governance.model.ts"
"UNKNOWN","\intelligence\governance-optimization-engine-v1\models\optimization.model.ts"
"UNKNOWN","\intelligence\governance-optimization-engine-v1\optimization\processor.ts"
"UNKNOWN","\intelligence\governance-optimization-engine-v1\runtime\controller.ts"
"GENERATED_OR_BACKUP","\intelligence\governance-optimization-engine-v1\runtime\controller.ts.backup-20260907-005323"
"UNKNOWN","\intelligence\governance-optimization-engine-v1\types\governance.types.ts"
"UNKNOWN","\intelligence\governance-optimization-engine-v1\types\optimization.types.ts"
"UNKNOWN","\intelligence\governance-orchestration-runtime-v1\index.ts"
"UNKNOWN","\intelligence\governance-orchestration-runtime-v1\contracts\governance.contracts.ts"
"UNKNOWN","\intelligence\governance-orchestration-runtime-v1\governance\processor.ts"
"UNKNOWN","\intelligence\governance-orchestration-runtime-v1\models\governance.model.ts"
"UNKNOWN","\intelligence\governance-orchestration-runtime-v1\runtime\controller.ts"
"UNKNOWN","\intelligence\governance-orchestration-runtime-v1\types\governance.types.ts"
"UNKNOWN","\intelligence\governance-pattern-engine-v1\index.ts"
"UNKNOWN","\intelligence\governance-pattern-engine-v1\contracts\meta-learning.contracts.ts"
"UNKNOWN","\intelligence\governance-pattern-engine-v1\learning\processor.ts"
"UNKNOWN","\intelligence\governance-pattern-engine-v1\models\meta-learning.model.ts"
"UNKNOWN","\intelligence\governance-pattern-engine-v1\runtime\controller.ts"
"UNKNOWN","\intelligence\governance-pattern-engine-v1\types\meta-learning.types.ts"
"UNKNOWN","\intelligence\governance-performance-engine-v1\index.ts"
"UNKNOWN","\intelligence\governance-performance-engine-v1\contracts\optimization.contracts.ts"
"UNKNOWN","\intelligence\governance-performance-engine-v1\models\optimization.model.ts"
"UNKNOWN","\intelligence\governance-performance-engine-v1\optimization\processor.ts"
"UNKNOWN","\intelligence\governance-performance-engine-v1\runtime\controller.ts"
"UNKNOWN","\intelligence\governance-performance-engine-v1\types\optimization.types.ts"
"UNKNOWN","\intelligence\governance-policy-engine-v1\index.ts"
"GENERATED_OR_BACKUP","\intelligence\governance-policy-engine-v1\index.ts.backup-20260907-004915"
"UNKNOWN","\intelligence\governance-policy-engine-v1\contracts\governance.contracts.ts"
"GENERATED_OR_BACKUP","\intelligence\governance-policy-engine-v1\contracts\governance.contracts.ts.backup-20260907-004915"
"UNKNOWN","\intelligence\governance-policy-engine-v1\governance\processor.ts"
"GENERATED_OR_BACKUP","\intelligence\governance-policy-engine-v1\governance\processor.ts.backup-20260907-004915"
"UNKNOWN","\intelligence\governance-policy-engine-v1\models\governance.model.ts"
"GENERATED_OR_BACKUP","\intelligence\governance-policy-engine-v1\models\governance.model.ts.backup-20260907-004915"
"UNKNOWN","\intelligence\governance-policy-engine-v1\runtime\controller.ts"
"GENERATED_OR_BACKUP","\intelligence\governance-policy-engine-v1\runtime\controller.ts.backup-20260907-004915"
"UNKNOWN","\intelligence\governance-policy-engine-v1\types\governance.types.ts"
"GENERATED_OR_BACKUP","\intelligence\governance-policy-engine-v1\types\governance.types.ts.backup-20260907-004915"
"UNKNOWN","\intelligence\governance-policy-registry-v1\index.ts"
"UNKNOWN","\intelligence\governance-policy-registry-v1\contracts\governance.contracts.ts"
"UNKNOWN","\intelligence\governance-policy-registry-v1\governance\processor.ts"
"UNKNOWN","\intelligence\governance-policy-registry-v1\models\governance.model.ts"
"UNKNOWN","\intelligence\governance-policy-registry-v1\runtime\controller.ts"
"UNKNOWN","\intelligence\governance-policy-registry-v1\types\governance.types.ts"
"UNKNOWN","\intelligence\governance-rule-manager-v1\index.ts"
"UNKNOWN","\intelligence\governance-rule-manager-v1\contracts\governance.contracts.ts"
"UNKNOWN","\intelligence\governance-rule-manager-v1\governance\processor.ts"
"UNKNOWN","\intelligence\governance-rule-manager-v1\models\governance.model.ts"
"UNKNOWN","\intelligence\governance-rule-manager-v1\runtime\monitor.ts"
"UNKNOWN","\intelligence\governance-rule-manager-v1\types\governance.types.ts"
"UNKNOWN","\intelligence\governance-rules-engine-v1\index.ts"
"UNKNOWN","\intelligence\governance-rules-engine-v1\contracts\engine.contracts.ts"
"UNKNOWN","\intelligence\governance-rules-engine-v1\engine\processor.ts"
"UNKNOWN","\intelligence\governance-rules-engine-v1\models\engine.model.ts"
"UNKNOWN","\intelligence\governance-rules-engine-v1\runtime\controller.ts"
"UNKNOWN","\intelligence\governance-rules-engine-v1\types\engine.types.ts"
"UNKNOWN","\intelligence\governance-runtime-engine-v1\index.ts"
"UNKNOWN","\intelligence\governance-runtime-engine-v1\contracts\engine.contracts.ts"
"UNKNOWN","\intelligence\governance-runtime-engine-v1\engine\processor.ts"
"UNKNOWN","\intelligence\governance-runtime-engine-v1\models\engine.model.ts"
"UNKNOWN","\intelligence\governance-runtime-engine-v1\runtime\controller.ts"
"UNKNOWN","\intelligence\governance-runtime-engine-v1\types\engine.types.ts"
"UNKNOWN","\intelligence\governance-runtime-manager-v1\index.ts"
"UNKNOWN","\intelligence\governance-runtime-manager-v1\contracts\governance.contracts.ts"
"UNKNOWN","\intelligence\governance-runtime-manager-v1\governance\processor.ts"
"UNKNOWN","\intelligence\governance-runtime-manager-v1\models\governance.model.ts"
"UNKNOWN","\intelligence\governance-runtime-manager-v1\runtime\controller.ts"
"UNKNOWN","\intelligence\governance-runtime-manager-v1\types\governance.types.ts"
"UNKNOWN","\intelligence\governance-safety-platform-v1\index.ts"
"UNKNOWN","\intelligence\governance-safety-platform-v1\contracts\governance.contracts.ts"
"UNKNOWN","\intelligence\governance-safety-platform-v1\governance\processor.ts"
"UNKNOWN","\intelligence\governance-safety-platform-v1\models\governance.model.ts"
"UNKNOWN","\intelligence\governance-safety-platform-v1\runtime\controller.ts"
"UNKNOWN","\intelligence\governance-safety-platform-v1\types\governance.types.ts"
"UNKNOWN","\intelligence\governance-safety-registry-v1\index.ts"
"UNKNOWN","\intelligence\governance-validation-engine-v1\index.ts"
"UNKNOWN","\intelligence\governance-validation-engine-v1\contracts\engine.contracts.ts"
"UNKNOWN","\intelligence\governance-validation-engine-v1\engine\processor.ts"
"UNKNOWN","\intelligence\governance-validation-engine-v1\models\engine.model.ts"
"UNKNOWN","\intelligence\governance-validation-engine-v1\runtime\controller.ts"
"UNKNOWN","\intelligence\governance-validation-engine-v1\types\engine.types.ts"
"UNKNOWN","\intelligence\growth-management-engine-v1\index.ts"
"UNKNOWN","\intelligence\growth-management-engine-v1\contracts\evolution.contracts.ts"
"UNKNOWN","\intelligence\growth-management-engine-v1\evolution\processor.ts"
"UNKNOWN","\intelligence\growth-management-engine-v1\models\evolution.model.ts"
"UNKNOWN","\intelligence\growth-management-engine-v1\runtime\controller.ts"
"UNKNOWN","\intelligence\growth-management-engine-v1\types\evolution.types.ts"
"UNKNOWN","\intelligence\growth-pattern-analysis-engine-v1\index.ts"
"UNKNOWN","\intelligence\growth-pattern-analysis-engine-v1\contracts\evolution.contracts.ts"
"UNKNOWN","\intelligence\growth-pattern-analysis-engine-v1\evolution\processor.ts"
"UNKNOWN","\intelligence\growth-pattern-analysis-engine-v1\models\evolution.model.ts"
"UNKNOWN","\intelligence\growth-pattern-analysis-engine-v1\runtime\controller.ts"
"UNKNOWN","\intelligence\growth-pattern-analysis-engine-v1\types\evolution.types.ts"
"UNKNOWN","\intelligence\human-environment-intelligence-v1\index.ts"
"UNKNOWN","\intelligence\human-environment-intelligence-v1\civilization\processor.ts"
"UNKNOWN","\intelligence\human-environment-intelligence-v1\contracts\civilization.contracts.ts"
"UNKNOWN","\intelligence\human-environment-intelligence-v1\models\civilization.model.ts"
"UNKNOWN","\intelligence\human-environment-intelligence-v1\runtime\controller.ts"
"UNKNOWN","\intelligence\human-environment-intelligence-v1\types\civilization.types.ts"
"UNKNOWN","\intelligence\hybrid-intelligence-interface-v1\index.ts"
"UNKNOWN","\intelligence\hybrid-intelligence-interface-v1\contracts\quantum.contracts.ts"
"UNKNOWN","\intelligence\hybrid-intelligence-interface-v1\models\quantum.model.ts"
"UNKNOWN","\intelligence\hybrid-intelligence-interface-v1\quantum\processor.ts"
"UNKNOWN","\intelligence\hybrid-intelligence-interface-v1\runtime\controller.ts"
"UNKNOWN","\intelligence\hybrid-intelligence-interface-v1\types\quantum.types.ts"
"UNKNOWN","\intelligence\idea-generation-engine-v1\index.ts"
"UNKNOWN","\intelligence\idea-generation-engine-v1\contracts\creativity.contracts.ts"
"UNKNOWN","\intelligence\idea-generation-engine-v1\creativity\processor.ts"
"UNKNOWN","\intelligence\idea-generation-engine-v1\models\creativity.model.ts"
"UNKNOWN","\intelligence\idea-generation-engine-v1\runtime\controller.ts"
"UNKNOWN","\intelligence\idea-generation-engine-v1\types\creativity.types.ts"
"UNKNOWN","\intelligence\identity-authentication-engine-v1\index.ts"
"UNKNOWN","\intelligence\identity-authentication-engine-v1\contracts\security.contracts.ts"
"UNKNOWN","\intelligence\identity-authentication-engine-v1\models\security.model.ts"
"UNKNOWN","\intelligence\identity-authentication-engine-v1\runtime\controller.ts"
"UNKNOWN","\intelligence\identity-authentication-engine-v1\security\processor.ts"
"UNKNOWN","\intelligence\identity-authentication-engine-v1\types\security.types.ts"
"UNKNOWN","\intelligence\identity-decision-engine-v1\index.ts"
"UNKNOWN","\intelligence\identity-decision-engine-v1\contracts\identity.contracts.ts"
"UNKNOWN","\intelligence\identity-decision-engine-v1\identity\processor.ts"
"UNKNOWN","\intelligence\identity-decision-engine-v1\models\identity.model.ts"
"UNKNOWN","\intelligence\identity-decision-engine-v1\runtime\controller.ts"
"UNKNOWN","\intelligence\identity-decision-engine-v1\types\identity.types.ts"
"UNKNOWN","\intelligence\identity-evolution-engine-v1\index.ts"
"UNKNOWN","\intelligence\identity-evolution-engine-v1\contracts\identity.contracts.ts"
"UNKNOWN","\intelligence\identity-evolution-engine-v1\identity\processor.ts"
"UNKNOWN","\intelligence\identity-evolution-engine-v1\models\identity.model.ts"
"UNKNOWN","\intelligence\identity-evolution-engine-v1\runtime\controller.ts"
"UNKNOWN","\intelligence\identity-evolution-engine-v1\types\identity.types.ts"
"UNKNOWN","\intelligence\identity-intelligence-engine-v1\index.ts"
"UNKNOWN","\intelligence\identity-intelligence-engine-v1\contracts\identity.contracts.ts"
"UNKNOWN","\intelligence\identity-intelligence-engine-v1\identity\processor.ts"
"UNKNOWN","\intelligence\identity-intelligence-engine-v1\models\identity.model.ts"
"UNKNOWN","\intelligence\identity-intelligence-engine-v1\runtime\controller.ts"
"UNKNOWN","\intelligence\identity-intelligence-engine-v1\types\identity.types.ts"
"UNKNOWN","\intelligence\identity-resolution-engine-v1\index.ts"
"UNKNOWN","\intelligence\identity-resolution-engine-v1\contracts\identity.contracts.ts"
"UNKNOWN","\intelligence\identity-resolution-engine-v1\identity\processor.ts"
"UNKNOWN","\intelligence\identity-resolution-engine-v1\models\identity.model.ts"
"UNKNOWN","\intelligence\identity-resolution-engine-v1\runtime\controller.ts"
"UNKNOWN","\intelligence\identity-resolution-engine-v1\types\identity.types.ts"
"UNKNOWN","\intelligence\identity-security-engine-v1\index.ts"
"UNKNOWN","\intelligence\identity-security-engine-v1\contracts\security.contracts.ts"
"UNKNOWN","\intelligence\identity-security-engine-v1\models\security.model.ts"
"UNKNOWN","\intelligence\identity-security-engine-v1\runtime\controller.ts"
"UNKNOWN","\intelligence\identity-security-engine-v1\security\processor.ts"
"UNKNOWN","\intelligence\identity-security-engine-v1\types\security.types.ts"
"UNKNOWN","\intelligence\inference-management-engine-v1\index.ts"
"UNKNOWN","\intelligence\inference-management-engine-v1\contracts\reasoning.contracts.ts"
"UNKNOWN","\intelligence\inference-management-engine-v1\models\reasoning.model.ts"
"UNKNOWN","\intelligence\inference-management-engine-v1\reasoning\processor.ts"
"UNKNOWN","\intelligence\inference-management-engine-v1\runtime\controller.ts"
"UNKNOWN","\intelligence\inference-management-engine-v1\types\reasoning.types.ts"
"UNKNOWN","\intelligence\inference-management-runtime-v1\index.ts"
"UNKNOWN","\intelligence\inference-management-runtime-v1\ai\processor.ts"
"UNKNOWN","\intelligence\inference-management-runtime-v1\contracts\ai.contracts.ts"
"UNKNOWN","\intelligence\inference-management-runtime-v1\models\ai.model.ts"
"UNKNOWN","\intelligence\inference-management-runtime-v1\runtime\controller.ts"
"UNKNOWN","\intelligence\inference-management-runtime-v1\types\ai.types.ts"
"UNKNOWN","\intelligence\infrastructure-intelligence-layer-v1\index.ts"
"UNKNOWN","\intelligence\infrastructure-intelligence-layer-v1\contracts\grid.contracts.ts"
"UNKNOWN","\intelligence\infrastructure-intelligence-layer-v1\grid\processor.ts"
"UNKNOWN","\intelligence\infrastructure-intelligence-layer-v1\models\grid.model.ts"
"UNKNOWN","\intelligence\infrastructure-intelligence-layer-v1\runtime\controller.ts"
"UNKNOWN","\intelligence\infrastructure-intelligence-layer-v1\types\grid.types.ts"
"UNKNOWN","\intelligence\infrastructure-registry-engine-v1\index.ts"
"UNKNOWN","\intelligence\infrastructure-registry-engine-v1\contracts\deployment.contracts.ts"
"UNKNOWN","\intelligence\infrastructure-registry-engine-v1\deployment\processor.ts"
"UNKNOWN","\intelligence\infrastructure-registry-engine-v1\models\deployment.model.ts"
"UNKNOWN","\intelligence\infrastructure-registry-engine-v1\runtime\controller.ts"
"UNKNOWN","\intelligence\infrastructure-registry-engine-v1\types\deployment.types.ts"
"UNKNOWN","\intelligence\integration-contract-engine-v1\index.ts"
"GENERATED_OR_BACKUP","\intelligence\integration-contract-engine-v1\index.ts.backup-20260907-005517"
"UNKNOWN","\intelligence\integration-contract-engine-v1\contracts\integration.contracts.ts"
"GENERATED_OR_BACKUP","\intelligence\integration-contract-engine-v1\contracts\integration.contracts.ts.backup-20260907-005517"
"UNKNOWN","\intelligence\integration-contract-engine-v1\integration\processor.ts"
"GENERATED_OR_BACKUP","\intelligence\integration-contract-engine-v1\integration\processor.ts.backup-20260907-005517"
"UNKNOWN","\intelligence\integration-contract-engine-v1\models\integration.model.ts"
"GENERATED_OR_BACKUP","\intelligence\integration-contract-engine-v1\models\integration.model.ts.backup-20260907-005517"
"UNKNOWN","\intelligence\integration-contract-engine-v1\runtime\controller.ts"
"GENERATED_OR_BACKUP","\intelligence\integration-contract-engine-v1\runtime\controller.ts.backup-20260907-005517"
"UNKNOWN","\intelligence\integration-contract-engine-v1\types\integration.types.ts"
"GENERATED_OR_BACKUP","\intelligence\integration-contract-engine-v1\types\integration.types.ts.backup-20260907-005517"
"UNKNOWN","\intelligence\integration-evaluation-engine-v1\index.ts"
"GENERATED_OR_BACKUP","\intelligence\integration-evaluation-engine-v1\index.ts.backup-20260907-003909"
"UNKNOWN","\intelligence\integration-evaluation-engine-v1\contracts\integration.contracts.ts"
"GENERATED_OR_BACKUP","\intelligence\integration-evaluation-engine-v1\contracts\integration.contracts.ts.backup-20260907-003909"
"UNKNOWN","\intelligence\integration-evaluation-engine-v1\integration\processor.ts"
"GENERATED_OR_BACKUP","\intelligence\integration-evaluation-engine-v1\integration\processor.ts.backup-20260907-003909"
"UNKNOWN","\intelligence\integration-evaluation-engine-v1\models\integration.model.ts"
"GENERATED_OR_BACKUP","\intelligence\integration-evaluation-engine-v1\models\integration.model.ts.backup-20260907-003909"
"UNKNOWN","\intelligence\integration-evaluation-engine-v1\runtime\controller.ts"
"GENERATED_OR_BACKUP","\intelligence\integration-evaluation-engine-v1\runtime\controller.ts.backup-20260907-003909"
"UNKNOWN","\intelligence\integration-evaluation-engine-v1\types\integration.types.ts"
"GENERATED_OR_BACKUP","\intelligence\integration-evaluation-engine-v1\types\integration.types.ts.backup-20260907-003909"
"UNKNOWN","\intelligence\integration-intelligence-engine-v1\index.ts"
"GENERATED_OR_BACKUP","\intelligence\integration-intelligence-engine-v1\index.ts.backup-20260907-003909"
"UNKNOWN","\intelligence\integration-intelligence-engine-v1\contracts\integration.contracts.ts"
"GENERATED_OR_BACKUP","\intelligence\integration-intelligence-engine-v1\contracts\integration.contracts.ts.backup-20260907-003909"
"UNKNOWN","\intelligence\integration-intelligence-engine-v1\integration\processor.ts"
"GENERATED_OR_BACKUP","\intelligence\integration-intelligence-engine-v1\integration\processor.ts.backup-20260907-003909"
"UNKNOWN","\intelligence\integration-intelligence-engine-v1\models\integration.model.ts"
"GENERATED_OR_BACKUP","\intelligence\integration-intelligence-engine-v1\models\integration.model.ts.backup-20260907-003909"
"UNKNOWN","\intelligence\integration-intelligence-engine-v1\runtime\controller.ts"
"GENERATED_OR_BACKUP","\intelligence\integration-intelligence-engine-v1\runtime\controller.ts.backup-20260907-003909"
"UNKNOWN","\intelligence\integration-intelligence-engine-v1\types\integration.types.ts"
"GENERATED_OR_BACKUP","\intelligence\integration-intelligence-engine-v1\types\integration.types.ts.backup-20260907-003909"
"UNKNOWN","\intelligence\integration-optimization-engine-v1\index.ts"
"GENERATED_OR_BACKUP","\intelligence\integration-optimization-engine-v1\index.ts.backup-20260907-003909"
"UNKNOWN","\intelligence\integration-optimization-engine-v1\contracts\integration.contracts.ts"
"GENERATED_OR_BACKUP","\intelligence\integration-optimization-engine-v1\contracts\integration.contracts.ts.backup-20260907-003909"
"UNKNOWN","\intelligence\integration-optimization-engine-v1\integration\processor.ts"
"GENERATED_OR_BACKUP","\intelligence\integration-optimization-engine-v1\integration\processor.ts.backup-20260907-003909"
"UNKNOWN","\intelligence\integration-optimization-engine-v1\models\integration.model.ts"
"GENERATED_OR_BACKUP","\intelligence\integration-optimization-engine-v1\models\integration.model.ts.backup-20260907-003909"
"UNKNOWN","\intelligence\integration-optimization-engine-v1\runtime\controller.ts"
"GENERATED_OR_BACKUP","\intelligence\integration-optimization-engine-v1\runtime\controller.ts.backup-20260907-003909"
"UNKNOWN","\intelligence\integration-optimization-engine-v1\types\integration.types.ts"
"GENERATED_OR_BACKUP","\intelligence\integration-optimization-engine-v1\types\integration.types.ts.backup-20260907-003909"
"UNKNOWN","\intelligence\integration-orchestration-runtime-v1\index.ts"
"UNKNOWN","\intelligence\integration-orchestration-runtime-v1\contracts\integration.contracts.ts"
"UNKNOWN","\intelligence\integration-orchestration-runtime-v1\integration\processor.ts"
"UNKNOWN","\intelligence\integration-orchestration-runtime-v1\models\integration.model.ts"
"UNKNOWN","\intelligence\integration-orchestration-runtime-v1\runtime\controller.ts"
"UNKNOWN","\intelligence\integration-orchestration-runtime-v1\types\integration.types.ts"
"UNKNOWN","\intelligence\integration-pattern-intelligence-engine-v1\index.ts"
"UNKNOWN","\intelligence\integration-pattern-intelligence-engine-v1\contracts\integration.contracts.ts"
"UNKNOWN","\intelligence\integration-pattern-intelligence-engine-v1\integration\processor.ts"
"UNKNOWN","\intelligence\integration-pattern-intelligence-engine-v1\models\integration.model.ts"
"UNKNOWN","\intelligence\integration-pattern-intelligence-engine-v1\runtime\controller.ts"
"UNKNOWN","\intelligence\integration-pattern-intelligence-engine-v1\types\integration.types.ts"
"UNKNOWN","\intelligence\integration-runtime-v1\index.ts"
"UNKNOWN","\intelligence\integration-runtime-v1\contracts\integration.contracts.ts"
"UNKNOWN","\intelligence\integration-runtime-v1\integration\processor.ts"
"UNKNOWN","\intelligence\integration-runtime-v1\models\integration.model.ts"
"UNKNOWN","\intelligence\integration-runtime-v1\runtime\controller.ts"
"UNKNOWN","\intelligence\integration-runtime-v1\types\integration.types.ts"
"UNKNOWN","\intelligence\integrity-validation-engine-v1\index.ts"
"UNKNOWN","\intelligence\integrity-validation-engine-v1\contracts\trust.contracts.ts"
"UNKNOWN","\intelligence\integrity-validation-engine-v1\models\trust.model.ts"
"UNKNOWN","\intelligence\integrity-validation-engine-v1\runtime\controller.ts"
"UNKNOWN","\intelligence\integrity-validation-engine-v1\types\trust.types.ts"
"UNKNOWN","\intelligence\integrity-validation-engine-v1\verification\processor.ts"
"UNKNOWN","\intelligence\intelligence-adaptation-engine-v1\index.ts"
"UNKNOWN","\intelligence\intelligence-adaptation-engine-v1\contracts\evolution.contracts.ts"
"UNKNOWN","\intelligence\intelligence-adaptation-engine-v1\evolution\processor.ts"
"UNKNOWN","\intelligence\intelligence-adaptation-engine-v1\models\evolution.model.ts"
"UNKNOWN","\intelligence\intelligence-adaptation-engine-v1\runtime\controller.ts"
"UNKNOWN","\intelligence\intelligence-adaptation-engine-v1\types\evolution.types.ts"
"UNKNOWN","\intelligence\intelligence-agent-marketplace-core-v1\index.ts"
"UNKNOWN","\intelligence\intelligence-agent-marketplace-core-v1\contracts\marketplace.contracts.ts"
"UNKNOWN","\intelligence\intelligence-agent-marketplace-core-v1\marketplace\processor.ts"
"UNKNOWN","\intelligence\intelligence-agent-marketplace-core-v1\models\marketplace.model.ts"
"UNKNOWN","\intelligence\intelligence-agent-marketplace-core-v1\runtime\controller.ts"
"UNKNOWN","\intelligence\intelligence-agent-marketplace-core-v1\types\marketplace.types.ts"
"UNKNOWN","\intelligence\intelligence-agent-registry-v1\index.ts"
"UNKNOWN","\intelligence\intelligence-agent-registry-v1\contracts\ecosystem.contracts.ts"
"UNKNOWN","\intelligence\intelligence-agent-registry-v1\ecosystem\processor.ts"
"UNKNOWN","\intelligence\intelligence-agent-registry-v1\models\ecosystem.model.ts"
"UNKNOWN","\intelligence\intelligence-agent-registry-v1\runtime\controller.ts"
"UNKNOWN","\intelligence\intelligence-agent-registry-v1\types\ecosystem.types.ts"
"UNKNOWN","\intelligence\intelligence-alignment-engine-v1\index.ts"
"UNKNOWN","\intelligence\intelligence-alignment-engine-v1\contracts\convergence.contracts.ts"
"UNKNOWN","\intelligence\intelligence-alignment-engine-v1\convergence\processor.ts"
"UNKNOWN","\intelligence\intelligence-alignment-engine-v1\models\convergence.model.ts"
"UNKNOWN","\intelligence\intelligence-alignment-engine-v1\runtime\controller.ts"
"UNKNOWN","\intelligence\intelligence-alignment-engine-v1\types\convergence.types.ts"
"UNKNOWN","\intelligence\intelligence-api-contract-engine-v1\index.ts"
"GENERATED_OR_BACKUP","\intelligence\intelligence-api-contract-engine-v1\index.ts.backup-20260907-011411"
"UNKNOWN","\intelligence\intelligence-api-contract-engine-v1\api\processor.ts"
"GENERATED_OR_BACKUP","\intelligence\intelligence-api-contract-engine-v1\api\processor.ts.backup-20260907-011411"
"UNKNOWN","\intelligence\intelligence-api-contract-engine-v1\contracts\api.contracts.ts"
"GENERATED_OR_BACKUP","\intelligence\intelligence-api-contract-engine-v1\contracts\api.contracts.ts.backup-20260907-011411"
"UNKNOWN","\intelligence\intelligence-api-contract-engine-v1\models\api.model.ts"
"GENERATED_OR_BACKUP","\intelligence\intelligence-api-contract-engine-v1\models\api.model.ts.backup-20260907-011411"
"UNKNOWN","\intelligence\intelligence-api-contract-engine-v1\runtime\controller.ts"
"GENERATED_OR_BACKUP","\intelligence\intelligence-api-contract-engine-v1\runtime\controller.ts.backup-20260907-011411"
"UNKNOWN","\intelligence\intelligence-api-contract-engine-v1\types\api.types.ts"
"GENERATED_OR_BACKUP","\intelligence\intelligence-api-contract-engine-v1\types\api.types.ts.backup-20260907-011411"
"UNKNOWN","\intelligence\intelligence-api-core-v1\index.ts"
"GENERATED_OR_BACKUP","\intelligence\intelligence-api-core-v1\index.ts.backup-20260907-011411"
"UNKNOWN","\intelligence\intelligence-api-core-v1\api\processor.ts"
"GENERATED_OR_BACKUP","\intelligence\intelligence-api-core-v1\api\processor.ts.backup-20260907-011411"
"UNKNOWN","\intelligence\intelligence-api-core-v1\contracts\api.contracts.ts"
"GENERATED_OR_BACKUP","\intelligence\intelligence-api-core-v1\contracts\api.contracts.ts.backup-20260907-011411"
"UNKNOWN","\intelligence\intelligence-api-core-v1\models\api.model.ts"
"GENERATED_OR_BACKUP","\intelligence\intelligence-api-core-v1\models\api.model.ts.backup-20260907-011411"
"UNKNOWN","\intelligence\intelligence-api-core-v1\runtime\controller.ts"
"GENERATED_OR_BACKUP","\intelligence\intelligence-api-core-v1\runtime\controller.ts.backup-20260907-011411"
"UNKNOWN","\intelligence\intelligence-api-core-v1\types\api.types.ts"
"GENERATED_OR_BACKUP","\intelligence\intelligence-api-core-v1\types\api.types.ts.backup-20260907-011411"
"UNKNOWN","\intelligence\intelligence-api-platform-v1\index.ts"
"GENERATED_OR_BACKUP","\intelligence\intelligence-api-platform-v1\index.ts.backup-20260907-011411"
"UNKNOWN","\intelligence\intelligence-api-platform-v1\api\processor.ts"
"GENERATED_OR_BACKUP","\intelligence\intelligence-api-platform-v1\api\processor.ts.backup-20260907-011411"
"UNKNOWN","\intelligence\intelligence-api-platform-v1\contracts\api.contracts.ts"
"GENERATED_OR_BACKUP","\intelligence\intelligence-api-platform-v1\contracts\api.contracts.ts.backup-20260907-011411"
"UNKNOWN","\intelligence\intelligence-api-platform-v1\models\api.model.ts"
"GENERATED_OR_BACKUP","\intelligence\intelligence-api-platform-v1\models\api.model.ts.backup-20260907-011411"
"UNKNOWN","\intelligence\intelligence-api-platform-v1\runtime\controller.ts"
"GENERATED_OR_BACKUP","\intelligence\intelligence-api-platform-v1\runtime\controller.ts.backup-20260907-011411"
"UNKNOWN","\intelligence\intelligence-api-platform-v1\types\api.types.ts"
"GENERATED_OR_BACKUP","\intelligence\intelligence-api-platform-v1\types\api.types.ts.backup-20260907-011411"
"UNKNOWN","\intelligence\intelligence-api-registry-v1\index.ts"
"GENERATED_OR_BACKUP","\intelligence\intelligence-api-registry-v1\index.ts.backup-20260907-011412"
"UNKNOWN","\intelligence\intelligence-api-runtime-engine-v1\index.ts"
"GENERATED_OR_BACKUP","\intelligence\intelligence-api-runtime-engine-v1\index.ts.backup-20260907-011411"
"UNKNOWN","\intelligence\intelligence-api-runtime-engine-v1\api\processor.ts"
"GENERATED_OR_BACKUP","\intelligence\intelligence-api-runtime-engine-v1\api\processor.ts.backup-20260907-011411"
"UNKNOWN","\intelligence\intelligence-api-runtime-engine-v1\contracts\api.contracts.ts"
"GENERATED_OR_BACKUP","\intelligence\intelligence-api-runtime-engine-v1\contracts\api.contracts.ts.backup-20260907-011411"
"UNKNOWN","\intelligence\intelligence-api-runtime-engine-v1\models\api.model.ts"
"GENERATED_OR_BACKUP","\intelligence\intelligence-api-runtime-engine-v1\models\api.model.ts.backup-20260907-011411"
"UNKNOWN","\intelligence\intelligence-api-runtime-engine-v1\runtime\controller.ts"
"GENERATED_OR_BACKUP","\intelligence\intelligence-api-runtime-engine-v1\runtime\controller.ts.backup-20260907-011411"
"UNKNOWN","\intelligence\intelligence-api-runtime-engine-v1\types\api.types.ts"
"GENERATED_OR_BACKUP","\intelligence\intelligence-api-runtime-engine-v1\types\api.types.ts.backup-20260907-011411"
"UNKNOWN","\intelligence\intelligence-audit-core-v1\index.ts"
"UNKNOWN","\intelligence\intelligence-audit-core-v1\audit\processor.ts"
"UNKNOWN","\intelligence\intelligence-audit-core-v1\contracts\audit.contracts.ts"
"UNKNOWN","\intelligence\intelligence-audit-core-v1\models\audit.model.ts"
"UNKNOWN","\intelligence\intelligence-audit-core-v1\runtime\controller.ts"
"UNKNOWN","\intelligence\intelligence-audit-core-v1\types\audit.types.ts"
"UNKNOWN","\intelligence\intelligence-audit-engine-v1\index.ts"
"UNKNOWN","\intelligence\intelligence-audit-engine-v1\contracts\governance.contracts.ts"
"UNKNOWN","\intelligence\intelligence-audit-engine-v1\governance\processor.ts"
"UNKNOWN","\intelligence\intelligence-audit-engine-v1\models\governance.model.ts"
"UNKNOWN","\intelligence\intelligence-audit-engine-v1\runtime\controller.ts"
"UNKNOWN","\intelligence\intelligence-audit-engine-v1\types\governance.types.ts"
"UNKNOWN","\intelligence\intelligence-audit-platform-v1\index.ts"
"UNKNOWN","\intelligence\intelligence-audit-platform-v1\audit\processor.ts"
"UNKNOWN","\intelligence\intelligence-audit-platform-v1\contracts\audit.contracts.ts"
"UNKNOWN","\intelligence\intelligence-audit-platform-v1\models\audit.model.ts"
"UNKNOWN","\intelligence\intelligence-audit-platform-v1\runtime\controller.ts"
"UNKNOWN","\intelligence\intelligence-audit-platform-v1\types\audit.types.ts"
"UNKNOWN","\intelligence\intelligence-audit-registry-v1\index.ts"
"UNKNOWN","\intelligence\intelligence-audit-runtime-v1\index.ts"
"UNKNOWN","\intelligence\intelligence-audit-runtime-v1\contracts\governance.contracts.ts"
"UNKNOWN","\intelligence\intelligence-audit-runtime-v1\control\monitor.ts"
"UNKNOWN","\intelligence\intelligence-audit-runtime-v1\governance\processor.ts"
"UNKNOWN","\intelligence\intelligence-audit-runtime-v1\models\governance.model.ts"
"UNKNOWN","\intelligence\intelligence-audit-runtime-v1\types\governance.types.ts"
"UNKNOWN","\intelligence\intelligence-authentication-layer-v1\index.ts"
"UNKNOWN","\intelligence\intelligence-authentication-layer-v1\contracts\security.contracts.ts"
"UNKNOWN","\intelligence\intelligence-authentication-layer-v1\models\security.model.ts"
"UNKNOWN","\intelligence\intelligence-authentication-layer-v1\runtime\controller.ts"
"UNKNOWN","\intelligence\intelligence-authentication-layer-v1\security\processor.ts"
"UNKNOWN","\intelligence\intelligence-authentication-layer-v1\types\security.types.ts"
"UNKNOWN","\intelligence\intelligence-balance-control-engine-v1\index.ts"
"UNKNOWN","\intelligence\intelligence-balance-control-engine-v1\contracts\regulation.contracts.ts"
"UNKNOWN","\intelligence\intelligence-balance-control-engine-v1\models\regulation.model.ts"
"UNKNOWN","\intelligence\intelligence-balance-control-engine-v1\regulation\processor.ts"
"UNKNOWN","\intelligence\intelligence-balance-control-engine-v1\runtime\controller.ts"
"UNKNOWN","\intelligence\intelligence-balance-control-engine-v1\types\regulation.types.ts"
"UNKNOWN","\intelligence\intelligence-capability-analysis-engine-v1\index.ts"
"UNKNOWN","\intelligence\intelligence-capability-analysis-engine-v1\contracts\singularity.contracts.ts"
"UNKNOWN","\intelligence\intelligence-capability-analysis-engine-v1\convergence\processor.ts"
"UNKNOWN","\intelligence\intelligence-capability-analysis-engine-v1\models\singularity.model.ts"
"UNKNOWN","\intelligence\intelligence-capability-analysis-engine-v1\runtime\controller.ts"
"UNKNOWN","\intelligence\intelligence-capability-analysis-engine-v1\types\singularity.types.ts"
"UNKNOWN","\intelligence\intelligence-capability-assessment-engine-v1\index.ts"
"UNKNOWN","\intelligence\intelligence-capability-assessment-engine-v1\contracts\maturity.contracts.ts"
"UNKNOWN","\intelligence\intelligence-capability-assessment-engine-v1\maturity\processor.ts"
"UNKNOWN","\intelligence\intelligence-capability-assessment-engine-v1\models\maturity.model.ts"
"UNKNOWN","\intelligence\intelligence-capability-assessment-engine-v1\runtime\controller.ts"
"UNKNOWN","\intelligence\intelligence-capability-assessment-engine-v1\types\maturity.types.ts"
"UNKNOWN","\intelligence\intelligence-compliance-engine-v1\index.ts"
"UNKNOWN","\intelligence\intelligence-compliance-engine-v1\contracts\governance.contracts.ts"
"UNKNOWN","\intelligence\intelligence-compliance-engine-v1\governance\processor.ts"
"UNKNOWN","\intelligence\intelligence-compliance-engine-v1\models\governance.model.ts"
"UNKNOWN","\intelligence\intelligence-compliance-engine-v1\runtime\controller.ts"
"UNKNOWN","\intelligence\intelligence-compliance-engine-v1\types\governance.types.ts"
"UNKNOWN","\intelligence\intelligence-consensus-engine-v1\index.ts"
"UNKNOWN","\intelligence\intelligence-consensus-engine-v1\contracts\reasoning.contracts.ts"
"UNKNOWN","\intelligence\intelligence-consensus-engine-v1\models\reasoning.model.ts"
"UNKNOWN","\intelligence\intelligence-consensus-engine-v1\reasoning\processor.ts"
"UNKNOWN","\intelligence\intelligence-consensus-engine-v1\runtime\controller.ts"
"UNKNOWN","\intelligence\intelligence-consensus-engine-v1\types\reasoning.types.ts"
"UNKNOWN","\intelligence\intelligence-control-engine-v1\index.ts"
"UNKNOWN","\intelligence\intelligence-control-engine-v1\contracts\governance.contracts.ts"
"UNKNOWN","\intelligence\intelligence-control-engine-v1\governance\processor.ts"
"UNKNOWN","\intelligence\intelligence-control-engine-v1\models\governance.model.ts"
"UNKNOWN","\intelligence\intelligence-control-engine-v1\runtime\controller.ts"
"UNKNOWN","\intelligence\intelligence-control-engine-v1\types\governance.types.ts"
"UNKNOWN","\intelligence\intelligence-control-plane-v1\index.ts"
"UNKNOWN","\intelligence\intelligence-control-plane-v1\contracts\platform.contracts.ts"
"UNKNOWN","\intelligence\intelligence-control-plane-v1\models\platform.model.ts"
"UNKNOWN","\intelligence\intelligence-control-plane-v1\platform\processor.ts"
"UNKNOWN","\intelligence\intelligence-control-plane-v1\runtime\controller.ts"
"UNKNOWN","\intelligence\intelligence-control-plane-v1\types\platform.types.ts"
"UNKNOWN","\intelligence\intelligence-convergence-engine-v1\index.ts"
"UNKNOWN","\intelligence\intelligence-convergence-engine-v1\contracts\singularity.contracts.ts"
"UNKNOWN","\intelligence\intelligence-convergence-engine-v1\convergence\processor.ts"
"UNKNOWN","\intelligence\intelligence-convergence-engine-v1\models\singularity.model.ts"
"UNKNOWN","\intelligence\intelligence-convergence-engine-v1\runtime\controller.ts"
"UNKNOWN","\intelligence\intelligence-convergence-engine-v1\types\singularity.types.ts"
"UNKNOWN","\intelligence\intelligence-coordination-bus-v1\index.ts"
"UNKNOWN","\intelligence\intelligence-coordination-bus-v1\contracts\convergence.contracts.ts"
"UNKNOWN","\intelligence\intelligence-coordination-bus-v1\convergence\processor.ts"
"UNKNOWN","\intelligence\intelligence-coordination-bus-v1\models\convergence.model.ts"
"UNKNOWN","\intelligence\intelligence-coordination-bus-v1\runtime\controller.ts"
"UNKNOWN","\intelligence\intelligence-coordination-bus-v1\types\convergence.types.ts"
"UNKNOWN","\intelligence\intelligence-coordination-engine-v1\index.ts"
"UNKNOWN","\intelligence\intelligence-coordination-engine-v1\contracts\coordination.contracts.ts"
"UNKNOWN","\intelligence\intelligence-coordination-engine-v1\contracts\meta.contracts.ts"
"UNKNOWN","\intelligence\intelligence-coordination-engine-v1\coordination\processor.ts"
"UNKNOWN","\intelligence\intelligence-coordination-engine-v1\models\coordination.model.ts"
"UNKNOWN","\intelligence\intelligence-coordination-engine-v1\models\meta.model.ts"
"UNKNOWN","\intelligence\intelligence-coordination-engine-v1\orchestration\processor.ts"
"UNKNOWN","\intelligence\intelligence-coordination-engine-v1\runtime\controller.ts"
"UNKNOWN","\intelligence\intelligence-coordination-engine-v1\types\coordination.types.ts"
"UNKNOWN","\intelligence\intelligence-coordination-engine-v1\types\meta.types.ts"
"UNKNOWN","\intelligence\intelligence-coordination-policy-engine-v1\index.ts"
"UNKNOWN","\intelligence\intelligence-coordination-policy-engine-v1\contracts\coordination.contracts.ts"
"UNKNOWN","\intelligence\intelligence-coordination-policy-engine-v1\coordination\processor.ts"
"UNKNOWN","\intelligence\intelligence-coordination-policy-engine-v1\models\coordination.model.ts"
"UNKNOWN","\intelligence\intelligence-coordination-policy-engine-v1\runtime\controller.ts"
"UNKNOWN","\intelligence\intelligence-coordination-policy-engine-v1\types\coordination.types.ts"
"UNKNOWN","\intelligence\intelligence-domain-federation-v1\index.ts"
"UNKNOWN","\intelligence\intelligence-domain-federation-v1\contracts\federation.contracts.ts"
"UNKNOWN","\intelligence\intelligence-domain-federation-v1\federation\processor.ts"
"UNKNOWN","\intelligence\intelligence-domain-federation-v1\models\federation.model.ts"
"UNKNOWN","\intelligence\intelligence-domain-federation-v1\runtime\controller.ts"
"UNKNOWN","\intelligence\intelligence-domain-federation-v1\types\federation.types.ts"
"UNKNOWN","\intelligence\intelligence-ecosystem-manager-v1\index.ts"
"UNKNOWN","\intelligence\intelligence-ecosystem-manager-v1\contracts\platform.contracts.ts"
"UNKNOWN","\intelligence\intelligence-ecosystem-manager-v1\models\platform.model.ts"
"UNKNOWN","\intelligence\intelligence-ecosystem-manager-v1\platform\processor.ts"
"UNKNOWN","\intelligence\intelligence-ecosystem-manager-v1\runtime\controller.ts"
"UNKNOWN","\intelligence\intelligence-ecosystem-manager-v1\types\platform.types.ts"
"UNKNOWN","\intelligence\intelligence-evolution-analysis-engine-v1\index.ts"
"UNKNOWN","\intelligence\intelligence-evolution-analysis-engine-v1\contracts\evolution.contracts.ts"
"UNKNOWN","\intelligence\intelligence-evolution-analysis-engine-v1\evolution\processor.ts"
"UNKNOWN","\intelligence\intelligence-evolution-analysis-engine-v1\models\evolution.model.ts"
"UNKNOWN","\intelligence\intelligence-evolution-analysis-engine-v1\runtime\controller.ts"
"UNKNOWN","\intelligence\intelligence-evolution-analysis-engine-v1\types\evolution.types.ts"
"UNKNOWN","\intelligence\intelligence-evolution-engine-v1\index.ts"
"UNKNOWN","\intelligence\intelligence-evolution-engine-v1\contracts\evolution.contracts.ts"
"UNKNOWN","\intelligence\intelligence-evolution-engine-v1\evolution\processor.ts"
"UNKNOWN","\intelligence\intelligence-evolution-engine-v1\models\evolution.model.ts"
"UNKNOWN","\intelligence\intelligence-evolution-engine-v1\optimization\analyzer.ts"
"UNKNOWN","\intelligence\intelligence-evolution-engine-v1\types\evolution.types.ts"
"UNKNOWN","\intelligence\intelligence-evolution-engine-v2\index.ts"
"UNKNOWN","\intelligence\intelligence-evolution-engine-v2\contracts\evolution.contracts.ts"
"UNKNOWN","\intelligence\intelligence-evolution-engine-v2\evolution\processor.ts"
"UNKNOWN","\intelligence\intelligence-evolution-engine-v2\models\evolution.model.ts"
"UNKNOWN","\intelligence\intelligence-evolution-engine-v2\runtime\controller.ts"
"UNKNOWN","\intelligence\intelligence-evolution-engine-v2\types\evolution.types.ts"
"UNKNOWN","\intelligence\intelligence-evolution-orchestrator-v1\index.ts"
"UNKNOWN","\intelligence\intelligence-evolution-orchestrator-v1\contracts\evolution.contracts.ts"
"UNKNOWN","\intelligence\intelligence-evolution-orchestrator-v1\evolution\processor.ts"
"UNKNOWN","\intelligence\intelligence-evolution-orchestrator-v1\models\evolution.model.ts"
"UNKNOWN","\intelligence\intelligence-evolution-orchestrator-v1\optimization\optimizer.ts"
"UNKNOWN","\intelligence\intelligence-evolution-orchestrator-v1\types\evolution.types.ts"
"UNKNOWN","\intelligence\intelligence-evolution-platform-v1\index.ts"
"UNKNOWN","\intelligence\intelligence-evolution-platform-v1\contracts\evolution.contracts.ts"
"UNKNOWN","\intelligence\intelligence-evolution-platform-v1\evolution\processor.ts"
"UNKNOWN","\intelligence\intelligence-evolution-platform-v1\models\evolution.model.ts"
"UNKNOWN","\intelligence\intelligence-evolution-platform-v1\runtime\controller.ts"
"UNKNOWN","\intelligence\intelligence-evolution-platform-v1\types\evolution.types.ts"
"UNKNOWN","\intelligence\intelligence-evolution-state-engine-v1\index.ts"
"UNKNOWN","\intelligence\intelligence-evolution-state-engine-v1\contracts\evolution.contracts.ts"
"UNKNOWN","\intelligence\intelligence-evolution-state-engine-v1\evolution\processor.ts"
"UNKNOWN","\intelligence\intelligence-evolution-state-engine-v1\models\evolution.model.ts"
"UNKNOWN","\intelligence\intelligence-evolution-state-engine-v1\runtime\controller.ts"
"UNKNOWN","\intelligence\intelligence-evolution-state-engine-v1\types\evolution.types.ts"
"UNKNOWN","\intelligence\intelligence-expansion-engine-v1\index.ts"
"UNKNOWN","\intelligence\intelligence-expansion-engine-v1\contracts\evolution.contracts.ts"
"UNKNOWN","\intelligence\intelligence-expansion-engine-v1\evolution\processor.ts"
"UNKNOWN","\intelligence\intelligence-expansion-engine-v1\models\evolution.model.ts"
"UNKNOWN","\intelligence\intelligence-expansion-engine-v1\runtime\controller.ts"
"UNKNOWN","\intelligence\intelligence-expansion-engine-v1\types\evolution.types.ts"
"UNKNOWN","\intelligence\intelligence-federation-engine-v1\index.ts"
"UNKNOWN","\intelligence\intelligence-federation-engine-v1\bridge\processor.ts"
"UNKNOWN","\intelligence\intelligence-federation-engine-v1\contracts\bridge.contracts.ts"
"UNKNOWN","\intelligence\intelligence-federation-engine-v1\models\bridge.model.ts"
"UNKNOWN","\intelligence\intelligence-federation-engine-v1\runtime\controller.ts"
"UNKNOWN","\intelligence\intelligence-federation-engine-v1\types\bridge.types.ts"
"UNKNOWN","\intelligence\intelligence-feedback-loop-engine-v1\index.ts"
"UNKNOWN","\intelligence\intelligence-feedback-loop-engine-v1\contracts\optimization.contracts.ts"
"UNKNOWN","\intelligence\intelligence-feedback-loop-engine-v1\models\optimization.model.ts"
"UNKNOWN","\intelligence\intelligence-feedback-loop-engine-v1\optimization\processor.ts"
"UNKNOWN","\intelligence\intelligence-feedback-loop-engine-v1\runtime\controller.ts"
"UNKNOWN","\intelligence\intelligence-feedback-loop-engine-v1\types\optimization.types.ts"
"UNKNOWN","\intelligence\intelligence-feedback-loop-v1\index.ts"
"UNKNOWN","\intelligence\intelligence-feedback-loop-v1\contracts\integration.contracts.ts"
"UNKNOWN","\intelligence\intelligence-feedback-loop-v1\engine\processor.ts"
"UNKNOWN","\intelligence\intelligence-feedback-loop-v1\models\domain.model.ts"
"UNKNOWN","\intelligence\intelligence-feedback-loop-v1\types\integration.types.ts"
"UNKNOWN","\intelligence\intelligence-flow-engine-v1\index.ts"
"GENERATED_OR_BACKUP","\intelligence\intelligence-flow-engine-v1\index.ts.backup-20260907-003953"
"UNKNOWN","\intelligence\intelligence-flow-engine-v1\contracts\orchestration.contracts.ts"
"GENERATED_OR_BACKUP","\intelligence\intelligence-flow-engine-v1\contracts\orchestration.contracts.ts.backup-20260907-003953"
"UNKNOWN","\intelligence\intelligence-flow-engine-v1\models\orchestration.model.ts"
"GENERATED_OR_BACKUP","\intelligence\intelligence-flow-engine-v1\models\orchestration.model.ts.backup-20260907-003953"
"UNKNOWN","\intelligence\intelligence-flow-engine-v1\orchestration\processor.ts"
"GENERATED_OR_BACKUP","\intelligence\intelligence-flow-engine-v1\orchestration\processor.ts.backup-20260907-003953"
"UNKNOWN","\intelligence\intelligence-flow-engine-v1\runtime\controller.ts"
"GENERATED_OR_BACKUP","\intelligence\intelligence-flow-engine-v1\runtime\controller.ts.backup-20260907-003953"
"UNKNOWN","\intelligence\intelligence-flow-engine-v1\types\orchestration.types.ts"
"GENERATED_OR_BACKUP","\intelligence\intelligence-flow-engine-v1\types\orchestration.types.ts.backup-20260907-003953"
"UNKNOWN","\intelligence\intelligence-gateway-engine-v1\index.ts"
"GENERATED_OR_BACKUP","\intelligence\intelligence-gateway-engine-v1\index.ts.backup-20260907-005517"
"UNKNOWN","\intelligence\intelligence-gateway-engine-v1\contracts\integration.contracts.ts"
"GENERATED_OR_BACKUP","\intelligence\intelligence-gateway-engine-v1\contracts\integration.contracts.ts.backup-20260907-005517"
"UNKNOWN","\intelligence\intelligence-gateway-engine-v1\integration\processor.ts"
"GENERATED_OR_BACKUP","\intelligence\intelligence-gateway-engine-v1\integration\processor.ts.backup-20260907-005517"
"UNKNOWN","\intelligence\intelligence-gateway-engine-v1\models\integration.model.ts"
"GENERATED_OR_BACKUP","\intelligence\intelligence-gateway-engine-v1\models\integration.model.ts.backup-20260907-005517"
"UNKNOWN","\intelligence\intelligence-gateway-engine-v1\runtime\controller.ts"
"GENERATED_OR_BACKUP","\intelligence\intelligence-gateway-engine-v1\runtime\controller.ts.backup-20260907-005517"
"UNKNOWN","\intelligence\intelligence-gateway-engine-v1\types\integration.types.ts"
"GENERATED_OR_BACKUP","\intelligence\intelligence-gateway-engine-v1\types\integration.types.ts.backup-20260907-005517"
"UNKNOWN","\intelligence\intelligence-genome-engine-v1\index.ts"
"UNKNOWN","\intelligence\intelligence-genome-engine-v1\contracts\evolutionary.contracts.ts"
"UNKNOWN","\intelligence\intelligence-genome-engine-v1\evolution\processor.ts"
"UNKNOWN","\intelligence\intelligence-genome-engine-v1\models\evolutionary.model.ts"
"UNKNOWN","\intelligence\intelligence-genome-engine-v1\runtime\controller.ts"
"UNKNOWN","\intelligence\intelligence-genome-engine-v1\types\evolutionary.types.ts"
"UNKNOWN","\intelligence\intelligence-goal-planner-v1\index.ts"
"UNKNOWN","\intelligence\intelligence-goal-planner-v1\contracts\strategy.contracts.ts"
"UNKNOWN","\intelligence\intelligence-goal-planner-v1\models\strategy.model.ts"
"UNKNOWN","\intelligence\intelligence-goal-planner-v1\planning\processor.ts"
"UNKNOWN","\intelligence\intelligence-goal-planner-v1\runtime\controller.ts"
"UNKNOWN","\intelligence\intelligence-goal-planner-v1\types\strategy.types.ts"
"UNKNOWN","\intelligence\intelligence-governance-core-v1\index.ts"
"UNKNOWN","\intelligence\intelligence-governance-core-v1\contracts\governance.contracts.ts"
"UNKNOWN","\intelligence\intelligence-governance-core-v1\governance\processor.ts"
"UNKNOWN","\intelligence\intelligence-governance-core-v1\models\governance.model.ts"
"UNKNOWN","\intelligence\intelligence-governance-core-v1\runtime\controller.ts"
"UNKNOWN","\intelligence\intelligence-governance-core-v1\types\governance.types.ts"
"UNKNOWN","\intelligence\intelligence-governance-engine-core-v1\index.ts"
"UNKNOWN","\intelligence\intelligence-governance-engine-core-v1\contracts\engine.contracts.ts"
"UNKNOWN","\intelligence\intelligence-governance-engine-core-v1\engine\processor.ts"
"UNKNOWN","\intelligence\intelligence-governance-engine-core-v1\models\engine.model.ts"
"UNKNOWN","\intelligence\intelligence-governance-engine-core-v1\runtime\controller.ts"
"UNKNOWN","\intelligence\intelligence-governance-engine-core-v1\types\engine.types.ts"
"UNKNOWN","\intelligence\intelligence-governance-engine-platform-v1\index.ts"
"UNKNOWN","\intelligence\intelligence-governance-engine-platform-v1\contracts\engine.contracts.ts"
"UNKNOWN","\intelligence\intelligence-governance-engine-platform-v1\engine\processor.ts"
"UNKNOWN","\intelligence\intelligence-governance-engine-platform-v1\models\engine.model.ts"
"UNKNOWN","\intelligence\intelligence-governance-engine-platform-v1\runtime\controller.ts"
"UNKNOWN","\intelligence\intelligence-governance-engine-platform-v1\types\engine.types.ts"
"UNKNOWN","\intelligence\intelligence-governance-engine-registry-v1\index.ts"
"UNKNOWN","\intelligence\intelligence-governance-engine-v1\index.ts"
"GENERATED_OR_BACKUP","\intelligence\intelligence-governance-engine-v1\index.ts.backup-20260907-010138"
"UNKNOWN","\intelligence\intelligence-governance-engine-v1\contracts\governance.contracts.ts"
"UNKNOWN","\intelligence\intelligence-governance-engine-v1\contracts\os.contracts.ts"
"UNKNOWN","\intelligence\intelligence-governance-engine-v1\governance\processor.ts"
"UNKNOWN","\intelligence\intelligence-governance-engine-v1\kernel\processor.ts"
"UNKNOWN","\intelligence\intelligence-governance-engine-v1\models\governance.model.ts"
"UNKNOWN","\intelligence\intelligence-governance-engine-v1\models\os.model.ts"
"UNKNOWN","\intelligence\intelligence-governance-engine-v1\runtime\controller.ts"
"GENERATED_OR_BACKUP","\intelligence\intelligence-governance-engine-v1\runtime\controller.ts.backup-20260907-010138"
"UNKNOWN","\intelligence\intelligence-governance-engine-v1\types\governance.types.ts"
"UNKNOWN","\intelligence\intelligence-governance-engine-v1\types\os.types.ts"
"UNKNOWN","\intelligence\intelligence-governance-layer-v1\index.ts"
"UNKNOWN","\intelligence\intelligence-governance-layer-v1\civilization\processor.ts"
"UNKNOWN","\intelligence\intelligence-governance-layer-v1\contracts\civilization.contracts.ts"
"UNKNOWN","\intelligence\intelligence-governance-layer-v1\models\civilization.model.ts"
"UNKNOWN","\intelligence\intelligence-governance-layer-v1\runtime\controller.ts"
"UNKNOWN","\intelligence\intelligence-governance-layer-v1\types\civilization.types.ts"
"UNKNOWN","\intelligence\intelligence-governance-optimization-core-v1\index.ts"
"UNKNOWN","\intelligence\intelligence-governance-optimization-core-v1\contracts\optimization.contracts.ts"
"UNKNOWN","\intelligence\intelligence-governance-optimization-core-v1\models\optimization.model.ts"
"UNKNOWN","\intelligence\intelligence-governance-optimization-core-v1\optimization\processor.ts"
"UNKNOWN","\intelligence\intelligence-governance-optimization-core-v1\runtime\controller.ts"
"UNKNOWN","\intelligence\intelligence-governance-optimization-core-v1\types\optimization.types.ts"
"UNKNOWN","\intelligence\intelligence-governance-optimization-platform-v1\index.ts"
"UNKNOWN","\intelligence\intelligence-governance-optimization-platform-v1\contracts\optimization.contracts.ts"
"UNKNOWN","\intelligence\intelligence-governance-optimization-platform-v1\models\optimization.model.ts"
"UNKNOWN","\intelligence\intelligence-governance-optimization-platform-v1\optimization\processor.ts"
"UNKNOWN","\intelligence\intelligence-governance-optimization-platform-v1\runtime\controller.ts"
"UNKNOWN","\intelligence\intelligence-governance-optimization-platform-v1\types\optimization.types.ts"
"UNKNOWN","\intelligence\intelligence-governance-optimization-registry-v1\index.ts"
"UNKNOWN","\intelligence\intelligence-governance-platform-v1\index.ts"
"UNKNOWN","\intelligence\intelligence-governance-platform-v1\contracts\governance.contracts.ts"
"UNKNOWN","\intelligence\intelligence-governance-platform-v1\governance\processor.ts"
"UNKNOWN","\intelligence\intelligence-governance-platform-v1\models\governance.model.ts"
"UNKNOWN","\intelligence\intelligence-governance-platform-v1\runtime\controller.ts"
"UNKNOWN","\intelligence\intelligence-governance-platform-v1\types\governance.types.ts"
"UNKNOWN","\intelligence\intelligence-governance-registry-v1\index.ts"
"UNKNOWN","\intelligence\intelligence-growth-tracker-v1\index.ts"
"UNKNOWN","\intelligence\intelligence-growth-tracker-v1\contracts\evolution.contracts.ts"
"UNKNOWN","\intelligence\intelligence-growth-tracker-v1\evolution\processor.ts"
"UNKNOWN","\intelligence\intelligence-growth-tracker-v1\models\evolution.model.ts"
"UNKNOWN","\intelligence\intelligence-growth-tracker-v1\runtime\controller.ts"
"UNKNOWN","\intelligence\intelligence-growth-tracker-v1\types\evolution.types.ts"
"UNKNOWN","\intelligence\intelligence-integration-connector-v1\index.ts"
"UNKNOWN","\intelligence\intelligence-integration-connector-v1\contracts\integration.contracts.ts"
"UNKNOWN","\intelligence\intelligence-integration-connector-v1\integration\processor.ts"
"UNKNOWN","\intelligence\intelligence-integration-connector-v1\models\integration.model.ts"
"UNKNOWN","\intelligence\intelligence-integration-connector-v1\runtime\bridge.ts"
"UNKNOWN","\intelligence\intelligence-integration-connector-v1\types\integration.types.ts"
"UNKNOWN","\intelligence\intelligence-integration-engine-v1\index.ts"
"GENERATED_OR_BACKUP","\intelligence\intelligence-integration-engine-v1\index.ts.backup-20260907-004538"
"GENERATED_OR_BACKUP","\intelligence\intelligence-integration-engine-v1\index.ts.backup-20260907-004915"
"UNKNOWN","\intelligence\intelligence-integration-engine-v1\contracts\governance.contracts.ts"
"UNKNOWN","\intelligence\intelligence-integration-engine-v1\contracts\integration.contracts.ts"
"UNKNOWN","\intelligence\intelligence-integration-engine-v1\contracts\synthesis.contracts.ts"
"UNKNOWN","\intelligence\intelligence-integration-engine-v1\governance\processor.ts"
"UNKNOWN","\intelligence\intelligence-integration-engine-v1\integration\processor.ts"
"UNKNOWN","\intelligence\intelligence-integration-engine-v1\models\governance.model.ts"
"UNKNOWN","\intelligence\intelligence-integration-engine-v1\models\integration.model.ts"
"UNKNOWN","\intelligence\intelligence-integration-engine-v1\models\synthesis.model.ts"
"UNKNOWN","\intelligence\intelligence-integration-engine-v1\runtime\controller.ts"
"GENERATED_OR_BACKUP","\intelligence\intelligence-integration-engine-v1\runtime\controller.ts.backup-20260907-004538"
"GENERATED_OR_BACKUP","\intelligence\intelligence-integration-engine-v1\runtime\controller.ts.backup-20260907-004915"
"UNKNOWN","\intelligence\intelligence-integration-engine-v1\synthesis\processor.ts"
"UNKNOWN","\intelligence\intelligence-integration-engine-v1\types\governance.types.ts"
"UNKNOWN","\intelligence\intelligence-integration-engine-v1\types\integration.types.ts"
"UNKNOWN","\intelligence\intelligence-integration-engine-v1\types\synthesis.types.ts"
"UNKNOWN","\intelligence\intelligence-integrity-engine-v1\index.ts"
"UNKNOWN","\intelligence\intelligence-integrity-engine-v1\contracts\validation.contracts.ts"
"UNKNOWN","\intelligence\intelligence-integrity-engine-v1\models\validation.model.ts"
"UNKNOWN","\intelligence\intelligence-integrity-engine-v1\runtime\controller.ts"
"UNKNOWN","\intelligence\intelligence-integrity-engine-v1\types\validation.types.ts"
"UNKNOWN","\intelligence\intelligence-integrity-engine-v1\validation\processor.ts"
"UNKNOWN","\intelligence\intelligence-kernel-engine-v1\index.ts"
"UNKNOWN","\intelligence\intelligence-kernel-engine-v1\contracts\os.contracts.ts"
"UNKNOWN","\intelligence\intelligence-kernel-engine-v1\kernel\processor.ts"
"UNKNOWN","\intelligence\intelligence-kernel-engine-v1\models\os.model.ts"
"UNKNOWN","\intelligence\intelligence-kernel-engine-v1\runtime\controller.ts"
"UNKNOWN","\intelligence\intelligence-kernel-engine-v1\types\os.types.ts"
"UNKNOWN","\intelligence\intelligence-lifecycle-engine-v1\index.ts"
"UNKNOWN","\intelligence\intelligence-lifecycle-engine-v1\contracts\evolutionary.contracts.ts"
"UNKNOWN","\intelligence\intelligence-lifecycle-engine-v1\evolution\processor.ts"
"UNKNOWN","\intelligence\intelligence-lifecycle-engine-v1\models\evolutionary.model.ts"
"UNKNOWN","\intelligence\intelligence-lifecycle-engine-v1\runtime\controller.ts"
"UNKNOWN","\intelligence\intelligence-lifecycle-engine-v1\types\evolutionary.types.ts"
"UNKNOWN","\intelligence\intelligence-lifecycle-manager-v1\index.ts"
"GENERATED_OR_BACKUP","\intelligence\intelligence-lifecycle-manager-v1\index.ts.backup-20260907-012546"
"UNKNOWN","\intelligence\intelligence-lifecycle-manager-v1\contracts\kernel.contracts.ts"
"UNKNOWN","\intelligence\intelligence-lifecycle-manager-v1\contracts\os.contracts.ts"
"UNKNOWN","\intelligence\intelligence-lifecycle-manager-v1\core\processor.ts"
"UNKNOWN","\intelligence\intelligence-lifecycle-manager-v1\kernel\processor.ts"
"UNKNOWN","\intelligence\intelligence-lifecycle-manager-v1\models\kernel.model.ts"
"UNKNOWN","\intelligence\intelligence-lifecycle-manager-v1\models\os.model.ts"
"UNKNOWN","\intelligence\intelligence-lifecycle-manager-v1\runtime\controller.ts"
"GENERATED_OR_BACKUP","\intelligence\intelligence-lifecycle-manager-v1\runtime\controller.ts.backup-20260907-012546"
"UNKNOWN","\intelligence\intelligence-lifecycle-manager-v1\types\kernel.types.ts"
"UNKNOWN","\intelligence\intelligence-lifecycle-manager-v1\types\os.types.ts"
"UNKNOWN","\intelligence\intelligence-marketplace-core-v1\index.ts"
"UNKNOWN","\intelligence\intelligence-marketplace-core-v1\contracts\marketplace.contracts.ts"
"UNKNOWN","\intelligence\intelligence-marketplace-core-v1\marketplace\processor.ts"
"UNKNOWN","\intelligence\intelligence-marketplace-core-v1\models\marketplace.model.ts"
"UNKNOWN","\intelligence\intelligence-marketplace-core-v1\runtime\controller.ts"
"UNKNOWN","\intelligence\intelligence-marketplace-core-v1\types\marketplace.types.ts"
"UNKNOWN","\intelligence\intelligence-marketplace-platform-v1\index.ts"
"UNKNOWN","\intelligence\intelligence-marketplace-platform-v1\contracts\marketplace.contracts.ts"
"UNKNOWN","\intelligence\intelligence-marketplace-platform-v1\marketplace\processor.ts"
"UNKNOWN","\intelligence\intelligence-marketplace-platform-v1\models\marketplace.model.ts"
"UNKNOWN","\intelligence\intelligence-marketplace-platform-v1\runtime\controller.ts"
"UNKNOWN","\intelligence\intelligence-marketplace-platform-v1\types\marketplace.types.ts"
"UNKNOWN","\intelligence\intelligence-marketplace-registry-v1\index.ts"
"UNKNOWN","\intelligence\intelligence-maturity-registry-v1\index.ts"
"UNKNOWN","\intelligence\intelligence-memory-continuum-v1\index.ts"
"UNKNOWN","\intelligence\intelligence-memory-continuum-v1\contracts\knowledge.contracts.ts"
"UNKNOWN","\intelligence\intelligence-memory-continuum-v1\knowledge\processor.ts"
"UNKNOWN","\intelligence\intelligence-memory-continuum-v1\models\knowledge.model.ts"
"UNKNOWN","\intelligence\intelligence-memory-continuum-v1\runtime\controller.ts"
"UNKNOWN","\intelligence\intelligence-memory-continuum-v1\types\knowledge.types.ts"
"UNKNOWN","\intelligence\intelligence-memory-integration-layer-v1\index.ts"
"UNKNOWN","\intelligence\intelligence-memory-integration-layer-v1\contracts\memory.contracts.ts"
"UNKNOWN","\intelligence\intelligence-memory-integration-layer-v1\memory\processor.ts"
"UNKNOWN","\intelligence\intelligence-memory-integration-layer-v1\models\memory.model.ts"
"UNKNOWN","\intelligence\intelligence-memory-integration-layer-v1\recall\resolver.ts"
"UNKNOWN","\intelligence\intelligence-memory-integration-layer-v1\types\memory.types.ts"
"UNKNOWN","\intelligence\intelligence-meta-planner-v1\index.ts"
"UNKNOWN","\intelligence\intelligence-meta-planner-v1\contracts\meta.contracts.ts"
"UNKNOWN","\intelligence\intelligence-meta-planner-v1\models\meta.model.ts"
"UNKNOWN","\intelligence\intelligence-meta-planner-v1\orchestration\processor.ts"
"UNKNOWN","\intelligence\intelligence-meta-planner-v1\runtime\controller.ts"
"UNKNOWN","\intelligence\intelligence-meta-planner-v1\types\meta.types.ts"
"UNKNOWN","\intelligence\intelligence-module-registry-v1\index.ts"
"UNKNOWN","\intelligence\intelligence-module-registry-v1\contracts\os.contracts.ts"
"UNKNOWN","\intelligence\intelligence-module-registry-v1\core\processor.ts"
"UNKNOWN","\intelligence\intelligence-module-registry-v1\models\os.model.ts"
"UNKNOWN","\intelligence\intelligence-module-registry-v1\runtime\controller.ts"
"UNKNOWN","\intelligence\intelligence-module-registry-v1\types\os.types.ts"
"UNKNOWN","\intelligence\intelligence-network-manager-v1\index.ts"
"UNKNOWN","\intelligence\intelligence-network-manager-v1\contracts\coordination.contracts.ts"
"UNKNOWN","\intelligence\intelligence-network-manager-v1\coordination\processor.ts"
"UNKNOWN","\intelligence\intelligence-network-manager-v1\models\coordination.model.ts"
"UNKNOWN","\intelligence\intelligence-network-manager-v1\runtime\controller.ts"
"UNKNOWN","\intelligence\intelligence-network-manager-v1\types\coordination.types.ts"
"UNKNOWN","\intelligence\intelligence-node-management-engine-v1\index.ts"
"UNKNOWN","\intelligence\intelligence-node-management-engine-v1\contracts\federation.contracts.ts"
"UNKNOWN","\intelligence\intelligence-node-management-engine-v1\federation\processor.ts"
"UNKNOWN","\intelligence\intelligence-node-management-engine-v1\models\federation.model.ts"
"UNKNOWN","\intelligence\intelligence-node-management-engine-v1\runtime\controller.ts"
"UNKNOWN","\intelligence\intelligence-node-management-engine-v1\types\federation.types.ts"
"UNKNOWN","\intelligence\intelligence-operating-system-platform-v1\index.ts"
"UNKNOWN","\intelligence\intelligence-operating-system-platform-v1\contracts\os.contracts.ts"
"UNKNOWN","\intelligence\intelligence-operating-system-platform-v1\core\processor.ts"
"UNKNOWN","\intelligence\intelligence-operating-system-platform-v1\models\os.model.ts"
"UNKNOWN","\intelligence\intelligence-operating-system-platform-v1\runtime\controller.ts"
"UNKNOWN","\intelligence\intelligence-operating-system-platform-v1\types\os.types.ts"
"UNKNOWN","\intelligence\intelligence-optimization-engine-v1\index.ts"
"GENERATED_OR_BACKUP","\intelligence\intelligence-optimization-engine-v1\index.ts.backup-20260907-013644"
"UNKNOWN","\intelligence\intelligence-optimization-engine-v1\contracts\optimization.contracts.ts"
"GENERATED_OR_BACKUP","\intelligence\intelligence-optimization-engine-v1\contracts\optimization.contracts.ts.backup-20260907-013644"
"UNKNOWN","\intelligence\intelligence-optimization-engine-v1\models\optimization.model.ts"
"GENERATED_OR_BACKUP","\intelligence\intelligence-optimization-engine-v1\models\optimization.model.ts.backup-20260907-013644"
"UNKNOWN","\intelligence\intelligence-optimization-engine-v1\optimization\processor.ts"
"GENERATED_OR_BACKUP","\intelligence\intelligence-optimization-engine-v1\optimization\processor.ts.backup-20260907-013644"
"UNKNOWN","\intelligence\intelligence-optimization-engine-v1\runtime\controller.ts"
"GENERATED_OR_BACKUP","\intelligence\intelligence-optimization-engine-v1\runtime\controller.ts.backup-20260907-013644"
"UNKNOWN","\intelligence\intelligence-optimization-engine-v1\types\optimization.types.ts"
"GENERATED_OR_BACKUP","\intelligence\intelligence-optimization-engine-v1\types\optimization.types.ts.backup-20260907-013644"
"UNKNOWN","\intelligence\intelligence-orchestration-core-v1\index.ts"
"UNKNOWN","\intelligence\intelligence-orchestration-core-v1\contracts\orchestration.contracts.ts"
"UNKNOWN","\intelligence\intelligence-orchestration-core-v1\models\orchestration.model.ts"
"UNKNOWN","\intelligence\intelligence-orchestration-core-v1\orchestration\processor.ts"
"UNKNOWN","\intelligence\intelligence-orchestration-core-v1\runtime\controller.ts"
"UNKNOWN","\intelligence\intelligence-orchestration-core-v1\types\orchestration.types.ts"
"UNKNOWN","\intelligence\intelligence-orchestration-registry-v1\index.ts"
"UNKNOWN","\intelligence\intelligence-performance-analysis-engine-v1\index.ts"
"UNKNOWN","\intelligence\intelligence-performance-analysis-engine-v1\contracts\optimization.contracts.ts"
"UNKNOWN","\intelligence\intelligence-performance-analysis-engine-v1\models\optimization.model.ts"
"UNKNOWN","\intelligence\intelligence-performance-analysis-engine-v1\optimization\processor.ts"
"UNKNOWN","\intelligence\intelligence-performance-analysis-engine-v1\runtime\controller.ts"
"UNKNOWN","\intelligence\intelligence-performance-analysis-engine-v1\types\optimization.types.ts"
"UNKNOWN","\intelligence\intelligence-permission-layer-v1\index.ts"
"UNKNOWN","\intelligence\intelligence-permission-layer-v1\contracts\governance.contracts.ts"
"UNKNOWN","\intelligence\intelligence-permission-layer-v1\governance\processor.ts"
"UNKNOWN","\intelligence\intelligence-permission-layer-v1\models\governance.model.ts"
"UNKNOWN","\intelligence\intelligence-permission-layer-v1\runtime\controller.ts"
"UNKNOWN","\intelligence\intelligence-permission-layer-v1\types\governance.types.ts"
"UNKNOWN","\intelligence\intelligence-policy-core-v1\index.ts"
"UNKNOWN","\intelligence\intelligence-policy-core-v1\contracts\policy.contracts.ts"
"UNKNOWN","\intelligence\intelligence-policy-core-v1\models\policy.model.ts"
"UNKNOWN","\intelligence\intelligence-policy-core-v1\policy\processor.ts"
"UNKNOWN","\intelligence\intelligence-policy-core-v1\runtime\controller.ts"
"UNKNOWN","\intelligence\intelligence-policy-core-v1\types\policy.types.ts"
"UNKNOWN","\intelligence\intelligence-policy-engine-v1\index.ts"
"GENERATED_OR_BACKUP","\intelligence\intelligence-policy-engine-v1\index.ts.backup-20260907-010231"
"UNKNOWN","\intelligence\intelligence-policy-engine-v1\contracts\governance.contracts.ts"
"GENERATED_OR_BACKUP","\intelligence\intelligence-policy-engine-v1\contracts\governance.contracts.ts.backup-20260907-010231"
"UNKNOWN","\intelligence\intelligence-policy-engine-v1\control\monitor.ts"
"UNKNOWN","\intelligence\intelligence-policy-engine-v1\governance\processor.ts"
"GENERATED_OR_BACKUP","\intelligence\intelligence-policy-engine-v1\governance\processor.ts.backup-20260907-010231"
"UNKNOWN","\intelligence\intelligence-policy-engine-v1\models\governance.model.ts"
"GENERATED_OR_BACKUP","\intelligence\intelligence-policy-engine-v1\models\governance.model.ts.backup-20260907-010231"
"UNKNOWN","\intelligence\intelligence-policy-engine-v1\runtime\controller.ts"
"UNKNOWN","\intelligence\intelligence-policy-engine-v1\runtime\monitor.ts"
"UNKNOWN","\intelligence\intelligence-policy-engine-v1\types\governance.types.ts"
"GENERATED_OR_BACKUP","\intelligence\intelligence-policy-engine-v1\types\governance.types.ts.backup-20260907-010231"
"UNKNOWN","\intelligence\intelligence-policy-platform-v1\index.ts"
"UNKNOWN","\intelligence\intelligence-policy-platform-v1\contracts\policy.contracts.ts"
"UNKNOWN","\intelligence\intelligence-policy-platform-v1\models\policy.model.ts"
"UNKNOWN","\intelligence\intelligence-policy-platform-v1\policy\processor.ts"
"UNKNOWN","\intelligence\intelligence-policy-platform-v1\runtime\controller.ts"
"UNKNOWN","\intelligence\intelligence-policy-platform-v1\types\policy.types.ts"
"UNKNOWN","\intelligence\intelligence-policy-registry-v1\index.ts"
"UNKNOWN","\intelligence\intelligence-presence-engine-v1\index.ts"
"UNKNOWN","\intelligence\intelligence-presence-engine-v1\contracts\identity.contracts.ts"
"UNKNOWN","\intelligence\intelligence-presence-engine-v1\identity\processor.ts"
"UNKNOWN","\intelligence\intelligence-presence-engine-v1\models\identity.model.ts"
"UNKNOWN","\intelligence\intelligence-presence-engine-v1\runtime\controller.ts"
"UNKNOWN","\intelligence\intelligence-presence-engine-v1\types\identity.types.ts"
"UNKNOWN","\intelligence\intelligence-process-manager-v1\index.ts"
"UNKNOWN","\intelligence\intelligence-process-manager-v1\contracts\os.contracts.ts"
"UNKNOWN","\intelligence\intelligence-process-manager-v1\kernel\processor.ts"
"UNKNOWN","\intelligence\intelligence-process-manager-v1\models\os.model.ts"
"UNKNOWN","\intelligence\intelligence-process-manager-v1\runtime\controller.ts"
"UNKNOWN","\intelligence\intelligence-process-manager-v1\types\os.types.ts"
"UNKNOWN","\intelligence\intelligence-profile-engine-v1\index.ts"
"UNKNOWN","\intelligence\intelligence-profile-engine-v1\contracts\identity.contracts.ts"
"UNKNOWN","\intelligence\intelligence-profile-engine-v1\identity\processor.ts"
"UNKNOWN","\intelligence\intelligence-profile-engine-v1\models\identity.model.ts"
"UNKNOWN","\intelligence\intelligence-profile-engine-v1\runtime\controller.ts"
"UNKNOWN","\intelligence\intelligence-profile-engine-v1\types\identity.types.ts"
"UNKNOWN","\intelligence\intelligence-readiness-engine-v1\index.ts"
"UNKNOWN","\intelligence\intelligence-readiness-engine-v1\contracts\maturity.contracts.ts"
"UNKNOWN","\intelligence\intelligence-readiness-engine-v1\maturity\processor.ts"
"UNKNOWN","\intelligence\intelligence-readiness-engine-v1\models\maturity.model.ts"
"UNKNOWN","\intelligence\intelligence-readiness-engine-v1\runtime\controller.ts"
"UNKNOWN","\intelligence\intelligence-readiness-engine-v1\types\maturity.types.ts"
"UNKNOWN","\intelligence\intelligence-request-router-v1\index.ts"
"GENERATED_OR_BACKUP","\intelligence\intelligence-request-router-v1\index.ts.backup-20260907-011411"
"UNKNOWN","\intelligence\intelligence-request-router-v1\api\processor.ts"
"GENERATED_OR_BACKUP","\intelligence\intelligence-request-router-v1\api\processor.ts.backup-20260907-011411"
"UNKNOWN","\intelligence\intelligence-request-router-v1\contracts\api.contracts.ts"
"GENERATED_OR_BACKUP","\intelligence\intelligence-request-router-v1\contracts\api.contracts.ts.backup-20260907-011411"
"UNKNOWN","\intelligence\intelligence-request-router-v1\models\api.model.ts"
"GENERATED_OR_BACKUP","\intelligence\intelligence-request-router-v1\models\api.model.ts.backup-20260907-011411"
"UNKNOWN","\intelligence\intelligence-request-router-v1\runtime\controller.ts"
"GENERATED_OR_BACKUP","\intelligence\intelligence-request-router-v1\runtime\controller.ts.backup-20260907-011411"
"UNKNOWN","\intelligence\intelligence-request-router-v1\types\api.types.ts"
"GENERATED_OR_BACKUP","\intelligence\intelligence-request-router-v1\types\api.types.ts.backup-20260907-011411"
"UNKNOWN","\intelligence\intelligence-response-engine-v1\index.ts"
"GENERATED_OR_BACKUP","\intelligence\intelligence-response-engine-v1\index.ts.backup-20260907-011411"
"UNKNOWN","\intelligence\intelligence-response-engine-v1\api\processor.ts"
"GENERATED_OR_BACKUP","\intelligence\intelligence-response-engine-v1\api\processor.ts.backup-20260907-011411"
"UNKNOWN","\intelligence\intelligence-response-engine-v1\contracts\api.contracts.ts"
"GENERATED_OR_BACKUP","\intelligence\intelligence-response-engine-v1\contracts\api.contracts.ts.backup-20260907-011411"
"UNKNOWN","\intelligence\intelligence-response-engine-v1\models\api.model.ts"
"GENERATED_OR_BACKUP","\intelligence\intelligence-response-engine-v1\models\api.model.ts.backup-20260907-011411"
"UNKNOWN","\intelligence\intelligence-response-engine-v1\runtime\controller.ts"
"GENERATED_OR_BACKUP","\intelligence\intelligence-response-engine-v1\runtime\controller.ts.backup-20260907-011411"
"UNKNOWN","\intelligence\intelligence-response-engine-v1\types\api.types.ts"
"GENERATED_OR_BACKUP","\intelligence\intelligence-response-engine-v1\types\api.types.ts.backup-20260907-011411"
"UNKNOWN","\intelligence\intelligence-risk-prediction-engine-v1\index.ts"
"UNKNOWN","\intelligence\intelligence-risk-prediction-engine-v1\contracts\prediction.contracts.ts"
"UNKNOWN","\intelligence\intelligence-risk-prediction-engine-v1\models\prediction.model.ts"
"UNKNOWN","\intelligence\intelligence-risk-prediction-engine-v1\prediction\processor.ts"
"UNKNOWN","\intelligence\intelligence-risk-prediction-engine-v1\runtime\controller.ts"
"UNKNOWN","\intelligence\intelligence-risk-prediction-engine-v1\types\prediction.types.ts"
"UNKNOWN","\intelligence\intelligence-routing-engine-v1\index.ts"
"UNKNOWN","\intelligence\intelligence-routing-engine-v1\contracts\coordination.contracts.ts"
"UNKNOWN","\intelligence\intelligence-routing-engine-v1\coordination\processor.ts"
"UNKNOWN","\intelligence\intelligence-routing-engine-v1\models\coordination.model.ts"
"UNKNOWN","\intelligence\intelligence-routing-engine-v1\routing\router.ts"
"UNKNOWN","\intelligence\intelligence-routing-engine-v1\types\coordination.types.ts"
"UNKNOWN","\intelligence\intelligence-rule-management-v1\index.ts"
"UNKNOWN","\intelligence\intelligence-rule-management-v1\contracts\governance.contracts.ts"
"UNKNOWN","\intelligence\intelligence-rule-management-v1\control\monitor.ts"
"UNKNOWN","\intelligence\intelligence-rule-management-v1\governance\processor.ts"
"UNKNOWN","\intelligence\intelligence-rule-management-v1\models\governance.model.ts"
"UNKNOWN","\intelligence\intelligence-rule-management-v1\types\governance.types.ts"
"UNKNOWN","\intelligence\intelligence-safety-engine-v1\index.ts"
"UNKNOWN","\intelligence\intelligence-safety-engine-v1\contracts\governance.contracts.ts"
"UNKNOWN","\intelligence\intelligence-safety-engine-v1\governance\processor.ts"
"UNKNOWN","\intelligence\intelligence-safety-engine-v1\models\governance.model.ts"
"UNKNOWN","\intelligence\intelligence-safety-engine-v1\runtime\controller.ts"
"UNKNOWN","\intelligence\intelligence-safety-engine-v1\types\governance.types.ts"
"UNKNOWN","\intelligence\intelligence-security-core-v1\index.ts"
"GENERATED_OR_BACKUP","\intelligence\intelligence-security-core-v1\index.ts.backup-20260907-020933"
"UNKNOWN","\intelligence\intelligence-security-core-v1\contracts\security.contracts.ts"
"GENERATED_OR_BACKUP","\intelligence\intelligence-security-core-v1\contracts\security.contracts.ts.backup-20260907-020932"
"UNKNOWN","\intelligence\intelligence-security-core-v1\models\security.model.ts"
"GENERATED_OR_BACKUP","\intelligence\intelligence-security-core-v1\models\security.model.ts.backup-20260907-020932"
"UNKNOWN","\intelligence\intelligence-security-core-v1\runtime\controller.ts"
"GENERATED_OR_BACKUP","\intelligence\intelligence-security-core-v1\runtime\controller.ts.backup-20260907-020933"
"UNKNOWN","\intelligence\intelligence-security-core-v1\security\processor.ts"
"GENERATED_OR_BACKUP","\intelligence\intelligence-security-core-v1\security\processor.ts.backup-20260907-020933"
"UNKNOWN","\intelligence\intelligence-security-core-v1\types\security.types.ts"
"GENERATED_OR_BACKUP","\intelligence\intelligence-security-core-v1\types\security.types.ts.backup-20260907-020933"
"UNKNOWN","\intelligence\intelligence-security-registry-v1\index.ts"
"UNKNOWN","\intelligence\intelligence-service-gateway-v1\index.ts"
"UNKNOWN","\intelligence\intelligence-service-gateway-v1\api\processor.ts"
"UNKNOWN","\intelligence\intelligence-service-gateway-v1\contracts\api.contracts.ts"
"UNKNOWN","\intelligence\intelligence-service-gateway-v1\models\api.model.ts"
"UNKNOWN","\intelligence\intelligence-service-gateway-v1\runtime\controller.ts"
"UNKNOWN","\intelligence\intelligence-service-gateway-v1\types\api.types.ts"
"UNKNOWN","\intelligence\intelligence-service-mesh-core-v1\index.ts"
"UNKNOWN","\intelligence\intelligence-service-mesh-core-v1\contracts\mesh.contracts.ts"
"UNKNOWN","\intelligence\intelligence-service-mesh-core-v1\mesh\processor.ts"
"UNKNOWN","\intelligence\intelligence-service-mesh-core-v1\models\mesh.model.ts"
"UNKNOWN","\intelligence\intelligence-service-mesh-core-v1\runtime\controller.ts"
"UNKNOWN","\intelligence\intelligence-service-mesh-core-v1\types\mesh.types.ts"
"UNKNOWN","\intelligence\intelligence-service-mesh-platform-v1\index.ts"
"UNKNOWN","\intelligence\intelligence-service-mesh-platform-v1\contracts\mesh.contracts.ts"
"UNKNOWN","\intelligence\intelligence-service-mesh-platform-v1\mesh\processor.ts"
"UNKNOWN","\intelligence\intelligence-service-mesh-platform-v1\models\mesh.model.ts"
"UNKNOWN","\intelligence\intelligence-service-mesh-platform-v1\runtime\controller.ts"
"UNKNOWN","\intelligence\intelligence-service-mesh-platform-v1\types\mesh.types.ts"
"UNKNOWN","\intelligence\intelligence-service-mesh-registry-v1\index.ts"
"UNKNOWN","\intelligence\intelligence-service-registry-engine-v1\index.ts"
"UNKNOWN","\intelligence\intelligence-service-registry-engine-v1\contracts\mesh.contracts.ts"
"UNKNOWN","\intelligence\intelligence-service-registry-engine-v1\mesh\processor.ts"
"UNKNOWN","\intelligence\intelligence-service-registry-engine-v1\models\mesh.model.ts"
"UNKNOWN","\intelligence\intelligence-service-registry-engine-v1\runtime\controller.ts"
"UNKNOWN","\intelligence\intelligence-service-registry-engine-v1\types\mesh.types.ts"
"UNKNOWN","\intelligence\intelligence-service-registry-v1\index.ts"
"GENERATED_OR_BACKUP","\intelligence\intelligence-service-registry-v1\index.ts.backup-20260907-015501"
"UNKNOWN","\intelligence\intelligence-service-registry-v1\contracts\marketplace.contracts.ts"
"GENERATED_OR_BACKUP","\intelligence\intelligence-service-registry-v1\contracts\marketplace.contracts.ts.backup-20260907-015500"
"UNKNOWN","\intelligence\intelligence-service-registry-v1\marketplace\processor.ts"
"GENERATED_OR_BACKUP","\intelligence\intelligence-service-registry-v1\marketplace\processor.ts.backup-20260907-015500"
"UNKNOWN","\intelligence\intelligence-service-registry-v1\models\marketplace.model.ts"
"GENERATED_OR_BACKUP","\intelligence\intelligence-service-registry-v1\models\marketplace.model.ts.backup-20260907-015500"
"UNKNOWN","\intelligence\intelligence-service-registry-v1\runtime\controller.ts"
"GENERATED_OR_BACKUP","\intelligence\intelligence-service-registry-v1\runtime\controller.ts.backup-20260907-015500"
"UNKNOWN","\intelligence\intelligence-service-registry-v1\types\marketplace.types.ts"
"GENERATED_OR_BACKUP","\intelligence\intelligence-service-registry-v1\types\marketplace.types.ts.backup-20260907-015500"
"UNKNOWN","\intelligence\intelligence-society-network-v1\index.ts"
"UNKNOWN","\intelligence\intelligence-society-network-v1\civilization\processor.ts"
"UNKNOWN","\intelligence\intelligence-society-network-v1\contracts\civilization.contracts.ts"
"UNKNOWN","\intelligence\intelligence-society-network-v1\models\civilization.model.ts"
"UNKNOWN","\intelligence\intelligence-society-network-v1\runtime\controller.ts"
"UNKNOWN","\intelligence\intelligence-society-network-v1\types\civilization.types.ts"
"UNKNOWN","\intelligence\intelligence-state-analysis-engine-v1\index.ts"
"UNKNOWN","\intelligence\intelligence-state-analysis-engine-v1\awareness\processor.ts"
"UNKNOWN","\intelligence\intelligence-state-analysis-engine-v1\contracts\awareness.contracts.ts"
"UNKNOWN","\intelligence\intelligence-state-analysis-engine-v1\models\awareness.model.ts"
"UNKNOWN","\intelligence\intelligence-state-analysis-engine-v1\runtime\controller.ts"
"UNKNOWN","\intelligence\intelligence-state-analysis-engine-v1\types\awareness.types.ts"
"UNKNOWN","\intelligence\intelligence-state-monitor-v1\index.ts"
"UNKNOWN","\intelligence\intelligence-state-monitor-v1\awareness\processor.ts"
"UNKNOWN","\intelligence\intelligence-state-monitor-v1\contracts\awareness.contracts.ts"
"UNKNOWN","\intelligence\intelligence-state-monitor-v1\contracts\regulation.contracts.ts"
"UNKNOWN","\intelligence\intelligence-state-monitor-v1\models\awareness.model.ts"
"UNKNOWN","\intelligence\intelligence-state-monitor-v1\models\regulation.model.ts"
"UNKNOWN","\intelligence\intelligence-state-monitor-v1\regulation\processor.ts"
"UNKNOWN","\intelligence\intelligence-state-monitor-v1\runtime\controller.ts"
"UNKNOWN","\intelligence\intelligence-state-monitor-v1\types\awareness.types.ts"
"UNKNOWN","\intelligence\intelligence-state-monitor-v1\types\regulation.types.ts"
"UNKNOWN","\intelligence\intelligence-state-sync-engine-v1\index.ts"
"UNKNOWN","\intelligence\intelligence-state-sync-engine-v1\contracts\synchronization.contracts.ts"
"UNKNOWN","\intelligence\intelligence-state-sync-engine-v1\models\synchronization.model.ts"
"UNKNOWN","\intelligence\intelligence-state-sync-engine-v1\runtime\controller.ts"
"UNKNOWN","\intelligence\intelligence-state-sync-engine-v1\synchronization\processor.ts"
"UNKNOWN","\intelligence\intelligence-state-sync-engine-v1\types\synchronization.types.ts"
"UNKNOWN","\intelligence\intelligence-strategy-state-engine-v1\index.ts"
"UNKNOWN","\intelligence\intelligence-strategy-state-engine-v1\contracts\strategy.contracts.ts"
"UNKNOWN","\intelligence\intelligence-strategy-state-engine-v1\models\strategy.model.ts"
"UNKNOWN","\intelligence\intelligence-strategy-state-engine-v1\runtime\controller.ts"
"UNKNOWN","\intelligence\intelligence-strategy-state-engine-v1\strategy\processor.ts"
"UNKNOWN","\intelligence\intelligence-strategy-state-engine-v1\types\strategy.types.ts"
"UNKNOWN","\intelligence\intelligence-synthesis-layer-v1\index.ts"
"UNKNOWN","\intelligence\intelligence-synthesis-layer-v1\context\builder.ts"
"UNKNOWN","\intelligence\intelligence-synthesis-layer-v1\contracts\fusion.contracts.ts"
"UNKNOWN","\intelligence\intelligence-synthesis-layer-v1\fusion\processor.ts"
"UNKNOWN","\intelligence\intelligence-synthesis-layer-v1\models\fusion.model.ts"
"UNKNOWN","\intelligence\intelligence-synthesis-layer-v1\types\fusion.types.ts"
"UNKNOWN","\intelligence\intelligence-task-scheduler-v1\index.ts"
"UNKNOWN","\intelligence\intelligence-task-scheduler-v1\contracts\workflow.contracts.ts"
"UNKNOWN","\intelligence\intelligence-task-scheduler-v1\models\workflow.model.ts"
"UNKNOWN","\intelligence\intelligence-task-scheduler-v1\runtime\controller.ts"
"UNKNOWN","\intelligence\intelligence-task-scheduler-v1\types\workflow.types.ts"
"UNKNOWN","\intelligence\intelligence-task-scheduler-v1\workflow\processor.ts"
"UNKNOWN","\intelligence\intelligence-translation-engine-v1\index.ts"
"UNKNOWN","\intelligence\intelligence-translation-engine-v1\bridge\processor.ts"
"UNKNOWN","\intelligence\intelligence-translation-engine-v1\contracts\bridge.contracts.ts"
"UNKNOWN","\intelligence\intelligence-translation-engine-v1\models\bridge.model.ts"
"UNKNOWN","\intelligence\intelligence-translation-engine-v1\runtime\controller.ts"
"UNKNOWN","\intelligence\intelligence-translation-engine-v1\types\bridge.types.ts"
"UNKNOWN","\intelligence\intelligence-trust-core-v1\index.ts"
"UNKNOWN","\intelligence\intelligence-trust-core-v1\contracts\trust.contracts.ts"
"UNKNOWN","\intelligence\intelligence-trust-core-v1\models\trust.model.ts"
"UNKNOWN","\intelligence\intelligence-trust-core-v1\runtime\controller.ts"
"UNKNOWN","\intelligence\intelligence-trust-core-v1\trust\processor.ts"
"UNKNOWN","\intelligence\intelligence-trust-core-v1\types\trust.types.ts"
"UNKNOWN","\intelligence\intelligence-trust-platform-v1\index.ts"
"GENERATED_OR_BACKUP","\intelligence\intelligence-trust-platform-v1\index.ts.backup-20260907-013115"
"UNKNOWN","\intelligence\intelligence-trust-platform-v1\contracts\security.contracts.ts"
"UNKNOWN","\intelligence\intelligence-trust-platform-v1\contracts\trust.contracts.ts"
"UNKNOWN","\intelligence\intelligence-trust-platform-v1\models\security.model.ts"
"UNKNOWN","\intelligence\intelligence-trust-platform-v1\models\trust.model.ts"
"UNKNOWN","\intelligence\intelligence-trust-platform-v1\runtime\controller.ts"
"GENERATED_OR_BACKUP","\intelligence\intelligence-trust-platform-v1\runtime\controller.ts.backup-20260907-013115"
"UNKNOWN","\intelligence\intelligence-trust-platform-v1\security\processor.ts"
"UNKNOWN","\intelligence\intelligence-trust-platform-v1\trust\processor.ts"
"UNKNOWN","\intelligence\intelligence-trust-platform-v1\types\security.types.ts"
"UNKNOWN","\intelligence\intelligence-trust-platform-v1\types\trust.types.ts"
"UNKNOWN","\intelligence\intelligence-trust-registry-v1\index.ts"
"UNKNOWN","\intelligence\intelligence-validation-core-v1\index.ts"
"UNKNOWN","\intelligence\intelligence-validation-core-v1\contracts\validation.contracts.ts"
"UNKNOWN","\intelligence\intelligence-validation-core-v1\models\validation.model.ts"
"UNKNOWN","\intelligence\intelligence-validation-core-v1\runtime\controller.ts"
"UNKNOWN","\intelligence\intelligence-validation-core-v1\types\validation.types.ts"
"UNKNOWN","\intelligence\intelligence-validation-core-v1\validation\processor.ts"
"UNKNOWN","\intelligence\intelligence-verification-engine-v1\index.ts"
"UNKNOWN","\intelligence\intelligence-verification-engine-v1\contracts\trust.contracts.ts"
"UNKNOWN","\intelligence\intelligence-verification-engine-v1\models\trust.model.ts"
"UNKNOWN","\intelligence\intelligence-verification-engine-v1\runtime\controller.ts"
"UNKNOWN","\intelligence\intelligence-verification-engine-v1\types\trust.types.ts"
"UNKNOWN","\intelligence\intelligence-verification-engine-v1\verification\processor.ts"
"UNKNOWN","\intelligence\intelligence-workflow-manager-v1\index.ts"
"UNKNOWN","\intelligence\intelligence-workflow-manager-v1\contracts\orchestration.contracts.ts"
"UNKNOWN","\intelligence\intelligence-workflow-manager-v1\models\orchestration.model.ts"
"UNKNOWN","\intelligence\intelligence-workflow-manager-v1\orchestration\processor.ts"
"UNKNOWN","\intelligence\intelligence-workflow-manager-v1\runtime\controller.ts"
"UNKNOWN","\intelligence\intelligence-workflow-manager-v1\types\orchestration.types.ts"
"UNKNOWN","\intelligence\intelligence-workflow-scheduler-v1\index.ts"
"UNKNOWN","\intelligence\intelligence-workflow-scheduler-v1\contracts\os.contracts.ts"
"UNKNOWN","\intelligence\intelligence-workflow-scheduler-v1\kernel\processor.ts"
"UNKNOWN","\intelligence\intelligence-workflow-scheduler-v1\models\os.model.ts"
"UNKNOWN","\intelligence\intelligence-workflow-scheduler-v1\runtime\controller.ts"
"UNKNOWN","\intelligence\intelligence-workflow-scheduler-v1\types\os.types.ts"
"UNKNOWN","\intelligence\intelligent-product-registry-v1\index.ts"
"UNKNOWN","\intelligence\intelligent-product-registry-v1\contracts\product.contracts.ts"
"UNKNOWN","\intelligence\intelligent-product-registry-v1\models\product.model.ts"
"UNKNOWN","\intelligence\intelligent-product-registry-v1\product\processor.ts"
"UNKNOWN","\intelligence\intelligent-product-registry-v1\runtime\controller.ts"
"UNKNOWN","\intelligence\intelligent-product-registry-v1\types\product.types.ts"
"UNKNOWN","\intelligence\internal-intelligence-model-engine-v1\index.ts"
"UNKNOWN","\intelligence\internal-intelligence-model-engine-v1\awareness\processor.ts"
"UNKNOWN","\intelligence\internal-intelligence-model-engine-v1\contracts\awareness.contracts.ts"
"UNKNOWN","\intelligence\internal-intelligence-model-engine-v1\models\awareness.model.ts"
"UNKNOWN","\intelligence\internal-intelligence-model-engine-v1\runtime\controller.ts"
"UNKNOWN","\intelligence\internal-intelligence-model-engine-v1\types\awareness.types.ts"
"UNKNOWN","\intelligence\investment-intelligence-engine-v1\index.ts"
"GENERATED_OR_BACKUP","\intelligence\investment-intelligence-engine-v1\index.ts.backup-20260907-021856"
"UNKNOWN","\intelligence\investment-intelligence-engine-v1\contracts\realestate.contracts.ts"
"GENERATED_OR_BACKUP","\intelligence\investment-intelligence-engine-v1\contracts\realestate.contracts.ts.backup-20260907-021855"
"UNKNOWN","\intelligence\investment-intelligence-engine-v1\models\realestate.model.ts"
"GENERATED_OR_BACKUP","\intelligence\investment-intelligence-engine-v1\models\realestate.model.ts.backup-20260907-021855"
"UNKNOWN","\intelligence\investment-intelligence-engine-v1\property\processor.ts"
"GENERATED_OR_BACKUP","\intelligence\investment-intelligence-engine-v1\property\processor.ts.backup-20260907-021855"
"UNKNOWN","\intelligence\investment-intelligence-engine-v1\runtime\controller.ts"
"GENERATED_OR_BACKUP","\intelligence\investment-intelligence-engine-v1\runtime\controller.ts.backup-20260907-021855"
"UNKNOWN","\intelligence\investment-intelligence-engine-v1\types\realestate.types.ts"
"GENERATED_OR_BACKUP","\intelligence\investment-intelligence-engine-v1\types\realestate.types.ts.backup-20260907-021855"
"UNKNOWN","\intelligence\investment-intelligence-network-v1\index.ts"
"UNKNOWN","\intelligence\investment-intelligence-network-v1\contracts\network.contracts.ts"
"UNKNOWN","\intelligence\investment-intelligence-network-v1\models\network.model.ts"
"UNKNOWN","\intelligence\investment-intelligence-network-v1\network\processor.ts"
"UNKNOWN","\intelligence\investment-intelligence-network-v1\runtime\controller.ts"
"UNKNOWN","\intelligence\investment-intelligence-network-v1\types\network.types.ts"
"UNKNOWN","\intelligence\kernel-state-manager-v1\index.ts"
"UNKNOWN","\intelligence\kernel-state-manager-v1\contracts\kernel.contracts.ts"
"UNKNOWN","\intelligence\kernel-state-manager-v1\kernel\processor.ts"
"UNKNOWN","\intelligence\kernel-state-manager-v1\models\kernel.model.ts"
"UNKNOWN","\intelligence\kernel-state-manager-v1\runtime\controller.ts"
"UNKNOWN","\intelligence\kernel-state-manager-v1\types\kernel.types.ts"
"UNKNOWN","\intelligence\knowledge-access-engine-v1\index.ts"
"UNKNOWN","\intelligence\knowledge-access-engine-v1\contracts\knowledge.contracts.ts"
"UNKNOWN","\intelligence\knowledge-access-engine-v1\knowledge\processor.ts"
"UNKNOWN","\intelligence\knowledge-access-engine-v1\models\knowledge.model.ts"
"UNKNOWN","\intelligence\knowledge-access-engine-v1\runtime\controller.ts"
"UNKNOWN","\intelligence\knowledge-access-engine-v1\types\knowledge.types.ts"
"UNKNOWN","\intelligence\knowledge-adaptation-engine-v1\index.ts"
"UNKNOWN","\intelligence\knowledge-adaptation-engine-v1\contracts\learning.contracts.ts"
"UNKNOWN","\intelligence\knowledge-adaptation-engine-v1\learning\processor.ts"
"UNKNOWN","\intelligence\knowledge-adaptation-engine-v1\models\learning.model.ts"
"UNKNOWN","\intelligence\knowledge-adaptation-engine-v1\runtime\controller.ts"
"UNKNOWN","\intelligence\knowledge-adaptation-engine-v1\types\learning.types.ts"
"UNKNOWN","\intelligence\knowledge-adaptation-network-v1\index.ts"
"UNKNOWN","\intelligence\knowledge-adaptation-network-v1\contracts\evolution.contracts.ts"
"UNKNOWN","\intelligence\knowledge-adaptation-network-v1\evolution\processor.ts"
"UNKNOWN","\intelligence\knowledge-adaptation-network-v1\models\evolution.model.ts"
"UNKNOWN","\intelligence\knowledge-adaptation-network-v1\runtime\controller.ts"
"UNKNOWN","\intelligence\knowledge-adaptation-network-v1\types\evolution.types.ts"
"UNKNOWN","\intelligence\knowledge-asset-registry-v1\index.ts"
"UNKNOWN","\intelligence\knowledge-asset-registry-v1\contracts\knowledge.contracts.ts"
"UNKNOWN","\intelligence\knowledge-asset-registry-v1\knowledge\processor.ts"
"UNKNOWN","\intelligence\knowledge-asset-registry-v1\models\knowledge.model.ts"
"UNKNOWN","\intelligence\knowledge-asset-registry-v1\runtime\controller.ts"
"UNKNOWN","\intelligence\knowledge-asset-registry-v1\types\knowledge.types.ts"
"UNKNOWN","\intelligence\knowledge-civilization-graph-v1\index.ts"
"UNKNOWN","\intelligence\knowledge-civilization-graph-v1\civilization\processor.ts"
"UNKNOWN","\intelligence\knowledge-civilization-graph-v1\contracts\civilization.contracts.ts"
"UNKNOWN","\intelligence\knowledge-civilization-graph-v1\models\civilization.model.ts"
"UNKNOWN","\intelligence\knowledge-civilization-graph-v1\runtime\controller.ts"
"UNKNOWN","\intelligence\knowledge-civilization-graph-v1\types\civilization.types.ts"
"UNKNOWN","\intelligence\knowledge-consensus-engine-v1\index.ts"
"UNKNOWN","\intelligence\knowledge-consensus-engine-v1\contracts\reasoning.contracts.ts"
"UNKNOWN","\intelligence\knowledge-consensus-engine-v1\models\reasoning.model.ts"
"UNKNOWN","\intelligence\knowledge-consensus-engine-v1\reasoning\processor.ts"
"UNKNOWN","\intelligence\knowledge-consensus-engine-v1\runtime\controller.ts"
"UNKNOWN","\intelligence\knowledge-consensus-engine-v1\types\reasoning.types.ts"
"UNKNOWN","\intelligence\knowledge-context-engine-v1\index.ts"
"UNKNOWN","\intelligence\knowledge-context-engine-v1\contracts\knowledge.contracts.ts"
"UNKNOWN","\intelligence\knowledge-context-engine-v1\graph\processor.ts"
"UNKNOWN","\intelligence\knowledge-context-engine-v1\models\knowledge.model.ts"
"UNKNOWN","\intelligence\knowledge-context-engine-v1\runtime\controller.ts"
"UNKNOWN","\intelligence\knowledge-context-engine-v1\types\knowledge.types.ts"
"UNKNOWN","\intelligence\knowledge-continuum-runtime-v1\index.ts"
"UNKNOWN","\intelligence\knowledge-continuum-runtime-v1\contracts\knowledge.contracts.ts"
"UNKNOWN","\intelligence\knowledge-continuum-runtime-v1\knowledge\processor.ts"
"UNKNOWN","\intelligence\knowledge-continuum-runtime-v1\models\knowledge.model.ts"
"UNKNOWN","\intelligence\knowledge-continuum-runtime-v1\runtime\controller.ts"
"UNKNOWN","\intelligence\knowledge-continuum-runtime-v1\types\knowledge.types.ts"
"UNKNOWN","\intelligence\knowledge-discovery-engine-v1\index.ts"
"UNKNOWN","\intelligence\knowledge-discovery-engine-v1\contracts\knowledge.contracts.ts"
"UNKNOWN","\intelligence\knowledge-discovery-engine-v1\knowledge\processor.ts"
"UNKNOWN","\intelligence\knowledge-discovery-engine-v1\models\knowledge.model.ts"
"UNKNOWN","\intelligence\knowledge-discovery-engine-v1\runtime\controller.ts"
"UNKNOWN","\intelligence\knowledge-discovery-engine-v1\types\knowledge.types.ts"
"UNKNOWN","\intelligence\knowledge-entity-registry-v1\index.ts"
"UNKNOWN","\intelligence\knowledge-entity-registry-v1\contracts\knowledge.contracts.ts"
"UNKNOWN","\intelligence\knowledge-entity-registry-v1\graph\processor.ts"
"UNKNOWN","\intelligence\knowledge-entity-registry-v1\models\knowledge.model.ts"
"UNKNOWN","\intelligence\knowledge-entity-registry-v1\runtime\controller.ts"
"UNKNOWN","\intelligence\knowledge-entity-registry-v1\types\knowledge.types.ts"
"UNKNOWN","\intelligence\knowledge-evaluation-engine-v1\index.ts"
"UNKNOWN","\intelligence\knowledge-evaluation-engine-v1\contracts\knowledge.contracts.ts"
"UNKNOWN","\intelligence\knowledge-evaluation-engine-v1\knowledge\processor.ts"
"UNKNOWN","\intelligence\knowledge-evaluation-engine-v1\models\knowledge.model.ts"
"UNKNOWN","\intelligence\knowledge-evaluation-engine-v1\runtime\controller.ts"
"UNKNOWN","\intelligence\knowledge-evaluation-engine-v1\types\knowledge.types.ts"
"UNKNOWN","\intelligence\knowledge-evolution-engine-v1\index.ts"
"UNKNOWN","\intelligence\knowledge-evolution-engine-v1\contracts\knowledge.contracts.ts"
"UNKNOWN","\intelligence\knowledge-evolution-engine-v1\knowledge\processor.ts"
"UNKNOWN","\intelligence\knowledge-evolution-engine-v1\models\knowledge.model.ts"
"UNKNOWN","\intelligence\knowledge-evolution-engine-v1\runtime\controller.ts"
"UNKNOWN","\intelligence\knowledge-evolution-engine-v1\types\knowledge.types.ts"
"UNKNOWN","\intelligence\knowledge-evolution-graph-v1\index.ts"
"UNKNOWN","\intelligence\knowledge-evolution-graph-v1\contracts\knowledge.contracts.ts"
"UNKNOWN","\intelligence\knowledge-evolution-graph-v1\knowledge\processor.ts"
"UNKNOWN","\intelligence\knowledge-evolution-graph-v1\models\knowledge.model.ts"
"UNKNOWN","\intelligence\knowledge-evolution-graph-v1\runtime\controller.ts"
"UNKNOWN","\intelligence\knowledge-evolution-graph-v1\types\knowledge.types.ts"
"UNKNOWN","\intelligence\knowledge-evolution-network-v1\index.ts"
"UNKNOWN","\intelligence\knowledge-evolution-network-v1\contracts\knowledge.contracts.ts"
"UNKNOWN","\intelligence\knowledge-evolution-network-v1\knowledge\processor.ts"
"UNKNOWN","\intelligence\knowledge-evolution-network-v1\models\knowledge.model.ts"
"UNKNOWN","\intelligence\knowledge-evolution-network-v1\runtime\controller.ts"
"UNKNOWN","\intelligence\knowledge-evolution-network-v1\types\knowledge.types.ts"
"UNKNOWN","\intelligence\knowledge-evolution-platform-v1\index.ts"
"UNKNOWN","\intelligence\knowledge-evolution-platform-v1\contracts\evolution.contracts.ts"
"UNKNOWN","\intelligence\knowledge-evolution-platform-v1\evolution\processor.ts"
"UNKNOWN","\intelligence\knowledge-evolution-platform-v1\models\evolution.model.ts"
"UNKNOWN","\intelligence\knowledge-evolution-platform-v1\runtime\controller.ts"
"UNKNOWN","\intelligence\knowledge-evolution-platform-v1\types\evolution.types.ts"
"UNKNOWN","\intelligence\knowledge-evolution-registry-v1\index.ts"
"UNKNOWN","\intelligence\knowledge-exchange-engine-v1\index.ts"
"UNKNOWN","\intelligence\knowledge-exchange-engine-v1\contracts\knowledge.contracts.ts"
"UNKNOWN","\intelligence\knowledge-exchange-engine-v1\knowledge\processor.ts"
"UNKNOWN","\intelligence\knowledge-exchange-engine-v1\models\knowledge.model.ts"
"UNKNOWN","\intelligence\knowledge-exchange-engine-v1\runtime\controller.ts"
"UNKNOWN","\intelligence\knowledge-exchange-engine-v1\types\knowledge.types.ts"
"UNKNOWN","\intelligence\knowledge-flow-convergence-engine-v1\index.ts"
"UNKNOWN","\intelligence\knowledge-flow-convergence-engine-v1\contracts\convergence.contracts.ts"
"UNKNOWN","\intelligence\knowledge-flow-convergence-engine-v1\convergence\processor.ts"
"UNKNOWN","\intelligence\knowledge-flow-convergence-engine-v1\models\convergence.model.ts"
"UNKNOWN","\intelligence\knowledge-flow-convergence-engine-v1\runtime\controller.ts"
"UNKNOWN","\intelligence\knowledge-flow-convergence-engine-v1\types\convergence.types.ts"
"UNKNOWN","\intelligence\knowledge-fusion-engine-v1\index.ts"
"UNKNOWN","\intelligence\knowledge-fusion-engine-v1\contracts\synthesis.contracts.ts"
"UNKNOWN","\intelligence\knowledge-fusion-engine-v1\models\synthesis.model.ts"
"UNKNOWN","\intelligence\knowledge-fusion-engine-v1\runtime\controller.ts"
"UNKNOWN","\intelligence\knowledge-fusion-engine-v1\synthesis\processor.ts"
"UNKNOWN","\intelligence\knowledge-fusion-engine-v1\types\synthesis.types.ts"
"UNKNOWN","\intelligence\knowledge-fusion-reasoner-v1\index.ts"
"UNKNOWN","\intelligence\knowledge-fusion-reasoner-v1\contracts\reasoning.contracts.ts"
"UNKNOWN","\intelligence\knowledge-fusion-reasoner-v1\models\reasoning.model.ts"
"UNKNOWN","\intelligence\knowledge-fusion-reasoner-v1\reasoning\processor.ts"
"UNKNOWN","\intelligence\knowledge-fusion-reasoner-v1\runtime\controller.ts"
"UNKNOWN","\intelligence\knowledge-fusion-reasoner-v1\types\reasoning.types.ts"
"UNKNOWN","\intelligence\knowledge-graph-engine-v1\index.ts"
"GENERATED_OR_BACKUP","\intelligence\knowledge-graph-engine-v1\index.ts.backup-20260907-005713"
"GENERATED_OR_BACKUP","\intelligence\knowledge-graph-engine-v1\index.ts.backup-20260907-021325"
"UNKNOWN","\intelligence\knowledge-graph-engine-v1\contracts\data.contracts.ts"
"UNKNOWN","\intelligence\knowledge-graph-engine-v1\contracts\knowledge.contracts.ts"
"GENERATED_OR_BACKUP","\intelligence\knowledge-graph-engine-v1\contracts\knowledge.contracts.ts.backup-20260907-005713"
"UNKNOWN","\intelligence\knowledge-graph-engine-v1\data\processor.ts"
"UNKNOWN","\intelligence\knowledge-graph-engine-v1\knowledge\processor.ts"
"GENERATED_OR_BACKUP","\intelligence\knowledge-graph-engine-v1\knowledge\processor.ts.backup-20260907-005713"
"UNKNOWN","\intelligence\knowledge-graph-engine-v1\models\data.model.ts"
"UNKNOWN","\intelligence\knowledge-graph-engine-v1\models\knowledge.model.ts"
"GENERATED_OR_BACKUP","\intelligence\knowledge-graph-engine-v1\models\knowledge.model.ts.backup-20260907-005713"
"UNKNOWN","\intelligence\knowledge-graph-engine-v1\runtime\controller.ts"
"GENERATED_OR_BACKUP","\intelligence\knowledge-graph-engine-v1\runtime\controller.ts.backup-20260907-005713"
"GENERATED_OR_BACKUP","\intelligence\knowledge-graph-engine-v1\runtime\controller.ts.backup-20260907-021325"
"UNKNOWN","\intelligence\knowledge-graph-engine-v1\types\data.types.ts"
"UNKNOWN","\intelligence\knowledge-graph-engine-v1\types\knowledge.types.ts"
"GENERATED_OR_BACKUP","\intelligence\knowledge-graph-engine-v1\types\knowledge.types.ts.backup-20260907-005713"
"UNKNOWN","\intelligence\knowledge-graph-intelligence-core-v1\index.ts"
"GENERATED_OR_BACKUP","\intelligence\knowledge-graph-intelligence-core-v1\index.ts.backup-20260907-012742"
"UNKNOWN","\intelligence\knowledge-graph-intelligence-core-v1\contracts\knowledge.contracts.ts"
"GENERATED_OR_BACKUP","\intelligence\knowledge-graph-intelligence-core-v1\contracts\knowledge.contracts.ts.backup-20260907-012742"
"UNKNOWN","\intelligence\knowledge-graph-intelligence-core-v1\graph\processor.ts"
"GENERATED_OR_BACKUP","\intelligence\knowledge-graph-intelligence-core-v1\graph\processor.ts.backup-20260907-012742"
"UNKNOWN","\intelligence\knowledge-graph-intelligence-core-v1\models\knowledge.model.ts"
"GENERATED_OR_BACKUP","\intelligence\knowledge-graph-intelligence-core-v1\models\knowledge.model.ts.backup-20260907-012742"
"UNKNOWN","\intelligence\knowledge-graph-intelligence-core-v1\runtime\controller.ts"
"GENERATED_OR_BACKUP","\intelligence\knowledge-graph-intelligence-core-v1\runtime\controller.ts.backup-20260907-012742"
"UNKNOWN","\intelligence\knowledge-graph-intelligence-core-v1\types\knowledge.types.ts"
"GENERATED_OR_BACKUP","\intelligence\knowledge-graph-intelligence-core-v1\types\knowledge.types.ts.backup-20260907-012742"
"UNKNOWN","\intelligence\knowledge-graph-intelligence-platform-v1\index.ts"
"UNKNOWN","\intelligence\knowledge-graph-intelligence-platform-v1\contracts\knowledge.contracts.ts"
"UNKNOWN","\intelligence\knowledge-graph-intelligence-platform-v1\graph\processor.ts"
"UNKNOWN","\intelligence\knowledge-graph-intelligence-platform-v1\models\knowledge.model.ts"
"UNKNOWN","\intelligence\knowledge-graph-intelligence-platform-v1\runtime\controller.ts"
"UNKNOWN","\intelligence\knowledge-graph-intelligence-platform-v1\types\knowledge.types.ts"
"UNKNOWN","\intelligence\knowledge-graph-intelligence-registry-v1\index.ts"
"UNKNOWN","\intelligence\knowledge-graph-registry-v1\index.ts"
"UNKNOWN","\intelligence\knowledge-graph-runtime-engine-v1\index.ts"
"UNKNOWN","\intelligence\knowledge-graph-runtime-engine-v1\contracts\knowledge.contracts.ts"
"UNKNOWN","\intelligence\knowledge-graph-runtime-engine-v1\graph\processor.ts"
"UNKNOWN","\intelligence\knowledge-graph-runtime-engine-v1\models\knowledge.model.ts"
"UNKNOWN","\intelligence\knowledge-graph-runtime-engine-v1\runtime\controller.ts"
"UNKNOWN","\intelligence\knowledge-graph-runtime-engine-v1\types\knowledge.types.ts"
"UNKNOWN","\intelligence\knowledge-graph-runtime-v1\index.ts"
"UNKNOWN","\intelligence\knowledge-graph-runtime-v1\contracts\knowledge.contracts.ts"
"UNKNOWN","\intelligence\knowledge-graph-runtime-v1\graph\processor.ts"
"UNKNOWN","\intelligence\knowledge-graph-runtime-v1\models\knowledge.model.ts"
"UNKNOWN","\intelligence\knowledge-graph-runtime-v1\runtime\controller.ts"
"UNKNOWN","\intelligence\knowledge-graph-runtime-v1\types\knowledge.types.ts"
"UNKNOWN","\intelligence\knowledge-integration-engine-v1\index.ts"
"UNKNOWN","\intelligence\knowledge-integration-engine-v1\context\builder.ts"
"UNKNOWN","\intelligence\knowledge-integration-engine-v1\contracts\fusion.contracts.ts"
"UNKNOWN","\intelligence\knowledge-integration-engine-v1\fusion\processor.ts"
"UNKNOWN","\intelligence\knowledge-integration-engine-v1\models\fusion.model.ts"
"UNKNOWN","\intelligence\knowledge-integration-engine-v1\types\fusion.types.ts"
"UNKNOWN","\intelligence\knowledge-intelligence-engine-v1\index.ts"
"GENERATED_OR_BACKUP","\intelligence\knowledge-intelligence-engine-v1\index.ts.backup-20260907-003505"
"UNKNOWN","\intelligence\knowledge-intelligence-engine-v1\contracts\knowledge.contracts.ts"
"GENERATED_OR_BACKUP","\intelligence\knowledge-intelligence-engine-v1\contracts\knowledge.contracts.ts.backup-20260907-003504"
"UNKNOWN","\intelligence\knowledge-intelligence-engine-v1\knowledge\processor.ts"
"GENERATED_OR_BACKUP","\intelligence\knowledge-intelligence-engine-v1\knowledge\processor.ts.backup-20260907-003504"
"UNKNOWN","\intelligence\knowledge-intelligence-engine-v1\models\knowledge.model.ts"
"GENERATED_OR_BACKUP","\intelligence\knowledge-intelligence-engine-v1\models\knowledge.model.ts.backup-20260907-003504"
"UNKNOWN","\intelligence\knowledge-intelligence-engine-v1\runtime\controller.ts"
"GENERATED_OR_BACKUP","\intelligence\knowledge-intelligence-engine-v1\runtime\controller.ts.backup-20260907-003504"
"UNKNOWN","\intelligence\knowledge-intelligence-engine-v1\types\knowledge.types.ts"
"GENERATED_OR_BACKUP","\intelligence\knowledge-intelligence-engine-v1\types\knowledge.types.ts.backup-20260907-003504"
"UNKNOWN","\intelligence\knowledge-intelligence-gateway-v1\index.ts"
"UNKNOWN","\intelligence\knowledge-intelligence-gateway-v1\contracts\platform.contracts.ts"
"UNKNOWN","\intelligence\knowledge-intelligence-gateway-v1\models\platform.model.ts"
"UNKNOWN","\intelligence\knowledge-intelligence-gateway-v1\platform\processor.ts"
"UNKNOWN","\intelligence\knowledge-intelligence-gateway-v1\runtime\controller.ts"
"UNKNOWN","\intelligence\knowledge-intelligence-gateway-v1\types\platform.types.ts"
"UNKNOWN","\intelligence\knowledge-intelligence-platform-v1\index.ts"
"UNKNOWN","\intelligence\knowledge-intelligence-platform-v1\contracts\knowledge.contracts.ts"
"UNKNOWN","\intelligence\knowledge-intelligence-platform-v1\graph\processor.ts"
"UNKNOWN","\intelligence\knowledge-intelligence-platform-v1\models\knowledge.model.ts"
"UNKNOWN","\intelligence\knowledge-intelligence-platform-v1\runtime\controller.ts"
"UNKNOWN","\intelligence\knowledge-intelligence-platform-v1\types\knowledge.types.ts"
"UNKNOWN","\intelligence\knowledge-intelligence-service-v1\index.ts"
"UNKNOWN","\intelligence\knowledge-intelligence-service-v1\contracts\service.contracts.ts"
"UNKNOWN","\intelligence\knowledge-intelligence-service-v1\models\service.model.ts"
"UNKNOWN","\intelligence\knowledge-intelligence-service-v1\runtime\controller.ts"
"UNKNOWN","\intelligence\knowledge-intelligence-service-v1\services\processor.ts"
"UNKNOWN","\intelligence\knowledge-intelligence-service-v1\types\service.types.ts"
"UNKNOWN","\intelligence\knowledge-marketplace-core-v1\index.ts"
"UNKNOWN","\intelligence\knowledge-marketplace-core-v1\contracts\knowledge.contracts.ts"
"UNKNOWN","\intelligence\knowledge-marketplace-core-v1\knowledge\processor.ts"
"UNKNOWN","\intelligence\knowledge-marketplace-core-v1\models\knowledge.model.ts"
"UNKNOWN","\intelligence\knowledge-marketplace-core-v1\runtime\controller.ts"
"UNKNOWN","\intelligence\knowledge-marketplace-core-v1\types\knowledge.types.ts"
"UNKNOWN","\intelligence\knowledge-marketplace-registry-v1\index.ts"
"UNKNOWN","\intelligence\knowledge-marketplace-runtime-v1\index.ts"
"UNKNOWN","\intelligence\knowledge-marketplace-runtime-v1\contracts\knowledge.contracts.ts"
"UNKNOWN","\intelligence\knowledge-marketplace-runtime-v1\knowledge\processor.ts"
"UNKNOWN","\intelligence\knowledge-marketplace-runtime-v1\models\knowledge.model.ts"
"UNKNOWN","\intelligence\knowledge-marketplace-runtime-v1\runtime\controller.ts"
"UNKNOWN","\intelligence\knowledge-marketplace-runtime-v1\types\knowledge.types.ts"
"UNKNOWN","\intelligence\knowledge-mutation-engine-v1\index.ts"
"UNKNOWN","\intelligence\knowledge-mutation-engine-v1\contracts\evolution.contracts.ts"
"UNKNOWN","\intelligence\knowledge-mutation-engine-v1\evolution\processor.ts"
"UNKNOWN","\intelligence\knowledge-mutation-engine-v1\models\evolution.model.ts"
"UNKNOWN","\intelligence\knowledge-mutation-engine-v1\runtime\controller.ts"
"UNKNOWN","\intelligence\knowledge-mutation-engine-v1\types\evolution.types.ts"
"UNKNOWN","\intelligence\knowledge-network-federation-v1\index.ts"
"UNKNOWN","\intelligence\knowledge-network-federation-v1\contracts\federation.contracts.ts"
"UNKNOWN","\intelligence\knowledge-network-federation-v1\federation\processor.ts"
"UNKNOWN","\intelligence\knowledge-network-federation-v1\models\federation.model.ts"
"UNKNOWN","\intelligence\knowledge-network-federation-v1\runtime\controller.ts"
"UNKNOWN","\intelligence\knowledge-network-federation-v1\types\federation.types.ts"
"UNKNOWN","\intelligence\knowledge-node-management-engine-v1\index.ts"
"UNKNOWN","\intelligence\knowledge-node-management-engine-v1\contracts\knowledge.contracts.ts"
"UNKNOWN","\intelligence\knowledge-node-management-engine-v1\graph\processor.ts"
"UNKNOWN","\intelligence\knowledge-node-management-engine-v1\models\knowledge.model.ts"
"UNKNOWN","\intelligence\knowledge-node-management-engine-v1\runtime\controller.ts"
"UNKNOWN","\intelligence\knowledge-node-management-engine-v1\types\knowledge.types.ts"
"UNKNOWN","\intelligence\knowledge-node-registry-v1\index.ts"
"UNKNOWN","\intelligence\knowledge-node-registry-v1\contracts\federation.contracts.ts"
"UNKNOWN","\intelligence\knowledge-node-registry-v1\federation\processor.ts"
"UNKNOWN","\intelligence\knowledge-node-registry-v1\models\federation.model.ts"
"UNKNOWN","\intelligence\knowledge-node-registry-v1\runtime\controller.ts"
"UNKNOWN","\intelligence\knowledge-node-registry-v1\types\federation.types.ts"
"UNKNOWN","\intelligence\knowledge-optimization-engine-v1\index.ts"
"UNKNOWN","\intelligence\knowledge-optimization-engine-v1\contracts\knowledge.contracts.ts"
"UNKNOWN","\intelligence\knowledge-optimization-engine-v1\knowledge\processor.ts"
"UNKNOWN","\intelligence\knowledge-optimization-engine-v1\models\knowledge.model.ts"
"UNKNOWN","\intelligence\knowledge-optimization-engine-v1\runtime\controller.ts"
"UNKNOWN","\intelligence\knowledge-optimization-engine-v1\types\knowledge.types.ts"
"UNKNOWN","\intelligence\knowledge-query-layer-v1\index.ts"
"UNKNOWN","\intelligence\knowledge-query-layer-v1\contracts\knowledge.contracts.ts"
"UNKNOWN","\intelligence\knowledge-query-layer-v1\graph\processor.ts"
"UNKNOWN","\intelligence\knowledge-query-layer-v1\models\knowledge.model.ts"
"UNKNOWN","\intelligence\knowledge-query-layer-v1\runtime\controller.ts"
"UNKNOWN","\intelligence\knowledge-query-layer-v1\types\knowledge.types.ts"
"UNKNOWN","\intelligence\knowledge-reasoning-framework-v1\index.ts"
"UNKNOWN","\intelligence\knowledge-reasoning-framework-v1\agi\processor.ts"
"UNKNOWN","\intelligence\knowledge-reasoning-framework-v1\contracts\agi.contracts.ts"
"UNKNOWN","\intelligence\knowledge-reasoning-framework-v1\models\agi.model.ts"
"UNKNOWN","\intelligence\knowledge-reasoning-framework-v1\runtime\controller.ts"
"UNKNOWN","\intelligence\knowledge-reasoning-framework-v1\types\agi.types.ts"
"UNKNOWN","\intelligence\knowledge-recommendation-engine-v1\index.ts"
"UNKNOWN","\intelligence\knowledge-recommendation-engine-v1\contracts\knowledge.contracts.ts"
"UNKNOWN","\intelligence\knowledge-recommendation-engine-v1\knowledge\processor.ts"
"UNKNOWN","\intelligence\knowledge-recommendation-engine-v1\models\knowledge.model.ts"
"UNKNOWN","\intelligence\knowledge-recommendation-engine-v1\runtime\controller.ts"
"UNKNOWN","\intelligence\knowledge-recommendation-engine-v1\types\knowledge.types.ts"
"UNKNOWN","\intelligence\knowledge-relationship-engine-v1\index.ts"
"UNKNOWN","\intelligence\knowledge-relationship-engine-v1\contracts\knowledge.contracts.ts"
"UNKNOWN","\intelligence\knowledge-relationship-engine-v1\graph\processor.ts"
"UNKNOWN","\intelligence\knowledge-relationship-engine-v1\models\knowledge.model.ts"
"UNKNOWN","\intelligence\knowledge-relationship-engine-v1\runtime\controller.ts"
"UNKNOWN","\intelligence\knowledge-relationship-engine-v1\types\knowledge.types.ts"
"UNKNOWN","\intelligence\knowledge-representation-engine-v1\index.ts"
"UNKNOWN","\intelligence\knowledge-representation-engine-v1\contracts\knowledge.contracts.ts"
"UNKNOWN","\intelligence\knowledge-representation-engine-v1\knowledge\processor.ts"
"UNKNOWN","\intelligence\knowledge-representation-engine-v1\models\knowledge.model.ts"
"UNKNOWN","\intelligence\knowledge-representation-engine-v1\runtime\controller.ts"
"UNKNOWN","\intelligence\knowledge-representation-engine-v1\types\knowledge.types.ts"
"UNKNOWN","\intelligence\knowledge-synchronization-engine-v1\index.ts"
"GENERATED_OR_BACKUP","\intelligence\knowledge-synchronization-engine-v1\index.ts.backup-20260907-011715"
"UNKNOWN","\intelligence\knowledge-synchronization-engine-v1\contracts\federation.contracts.ts"
"UNKNOWN","\intelligence\knowledge-synchronization-engine-v1\contracts\knowledge.contracts.ts"
"UNKNOWN","\intelligence\knowledge-synchronization-engine-v1\federation\processor.ts"
"UNKNOWN","\intelligence\knowledge-synchronization-engine-v1\knowledge\processor.ts"
"UNKNOWN","\intelligence\knowledge-synchronization-engine-v1\models\federation.model.ts"
"UNKNOWN","\intelligence\knowledge-synchronization-engine-v1\models\knowledge.model.ts"
"UNKNOWN","\intelligence\knowledge-synchronization-engine-v1\runtime\controller.ts"
"GENERATED_OR_BACKUP","\intelligence\knowledge-synchronization-engine-v1\runtime\controller.ts.backup-20260907-011715"
"UNKNOWN","\intelligence\knowledge-synchronization-engine-v1\types\federation.types.ts"
"UNKNOWN","\intelligence\knowledge-synchronization-engine-v1\types\knowledge.types.ts"
"UNKNOWN","\intelligence\knowledge-validation-engine-v1\index.ts"
"UNKNOWN","\intelligence\knowledge-validation-engine-v1\contracts\knowledge.contracts.ts"
"UNKNOWN","\intelligence\knowledge-validation-engine-v1\knowledge\processor.ts"
"UNKNOWN","\intelligence\knowledge-validation-engine-v1\models\knowledge.model.ts"
"UNKNOWN","\intelligence\knowledge-validation-engine-v1\runtime\controller.ts"
"UNKNOWN","\intelligence\knowledge-validation-engine-v1\types\knowledge.types.ts"
"UNKNOWN","\intelligence\knowledge-validation-intelligence-v1\index.ts"
"UNKNOWN","\intelligence\knowledge-validation-intelligence-v1\contracts\knowledge.contracts.ts"
"UNKNOWN","\intelligence\knowledge-validation-intelligence-v1\knowledge\processor.ts"
"UNKNOWN","\intelligence\knowledge-validation-intelligence-v1\models\knowledge.model.ts"
"UNKNOWN","\intelligence\knowledge-validation-intelligence-v1\runtime\controller.ts"
"UNKNOWN","\intelligence\knowledge-validation-intelligence-v1\types\knowledge.types.ts"
"UNKNOWN","\intelligence\learning-adaptation-engine-v1\index.ts"
"UNKNOWN","\intelligence\learning-adaptation-engine-v1\contracts\evolution.contracts.ts"
"UNKNOWN","\intelligence\learning-adaptation-engine-v1\evolution\processor.ts"
"UNKNOWN","\intelligence\learning-adaptation-engine-v1\models\evolution.model.ts"
"UNKNOWN","\intelligence\learning-adaptation-engine-v1\runtime\controller.ts"
"UNKNOWN","\intelligence\learning-adaptation-engine-v1\types\evolution.types.ts"
"UNKNOWN","\intelligence\learning-evaluation-engine-v1\index.ts"
"UNKNOWN","\intelligence\learning-evaluation-engine-v1\contracts\learning.contracts.ts"
"UNKNOWN","\intelligence\learning-evaluation-engine-v1\learning\processor.ts"
"UNKNOWN","\intelligence\learning-evaluation-engine-v1\models\learning.model.ts"
"UNKNOWN","\intelligence\learning-evaluation-engine-v1\runtime\controller.ts"
"UNKNOWN","\intelligence\learning-evaluation-engine-v1\types\learning.types.ts"
"UNKNOWN","\intelligence\learning-feedback-intelligence-engine-v1\index.ts"
"UNKNOWN","\intelligence\learning-feedback-intelligence-engine-v1\contracts\learning.contracts.ts"
"UNKNOWN","\intelligence\learning-feedback-intelligence-engine-v1\learning\processor.ts"
"UNKNOWN","\intelligence\learning-feedback-intelligence-engine-v1\models\learning.model.ts"
"UNKNOWN","\intelligence\learning-feedback-intelligence-engine-v1\runtime\controller.ts"
"UNKNOWN","\intelligence\learning-feedback-intelligence-engine-v1\types\learning.types.ts"
"UNKNOWN","\intelligence\learning-feedback-processor-v1\index.ts"
"UNKNOWN","\intelligence\learning-feedback-processor-v1\contracts\evolution.contracts.ts"
"UNKNOWN","\intelligence\learning-feedback-processor-v1\evolution\processor.ts"
"UNKNOWN","\intelligence\learning-feedback-processor-v1\models\evolution.model.ts"
"UNKNOWN","\intelligence\learning-feedback-processor-v1\runtime\controller.ts"
"UNKNOWN","\intelligence\learning-feedback-processor-v1\types\evolution.types.ts"
"UNKNOWN","\intelligence\learning-intelligence-engine-v1\index.ts"
"UNKNOWN","\intelligence\learning-intelligence-engine-v1\contracts\learning.contracts.ts"
"UNKNOWN","\intelligence\learning-intelligence-engine-v1\learning\processor.ts"
"UNKNOWN","\intelligence\learning-intelligence-engine-v1\models\learning.model.ts"
"UNKNOWN","\intelligence\learning-intelligence-engine-v1\runtime\controller.ts"
"UNKNOWN","\intelligence\learning-intelligence-engine-v1\types\learning.types.ts"
"UNKNOWN","\intelligence\learning-optimization-engine-v1\index.ts"
"UNKNOWN","\intelligence\learning-optimization-engine-v1\contracts\learning.contracts.ts"
"UNKNOWN","\intelligence\learning-optimization-engine-v1\learning\processor.ts"
"UNKNOWN","\intelligence\learning-optimization-engine-v1\models\learning.model.ts"
"UNKNOWN","\intelligence\learning-optimization-engine-v1\runtime\controller.ts"
"UNKNOWN","\intelligence\learning-optimization-engine-v1\types\learning.types.ts"
"UNKNOWN","\intelligence\learning-pattern-engine-v1\index.ts"
"UNKNOWN","\intelligence\learning-pattern-engine-v1\contracts\learning.contracts.ts"
"UNKNOWN","\intelligence\learning-pattern-engine-v1\learning\processor.ts"
"UNKNOWN","\intelligence\learning-pattern-engine-v1\models\learning.model.ts"
"UNKNOWN","\intelligence\learning-pattern-engine-v1\runtime\controller.ts"
"UNKNOWN","\intelligence\learning-pattern-engine-v1\types\learning.types.ts"
"UNKNOWN","\intelligence\location-intelligence-engine-v1\index.ts"
"GENERATED_OR_BACKUP","\intelligence\location-intelligence-engine-v1\index.ts.backup-20260907-021855"
"UNKNOWN","\intelligence\location-intelligence-engine-v1\contracts\realestate.contracts.ts"
"GENERATED_OR_BACKUP","\intelligence\location-intelligence-engine-v1\contracts\realestate.contracts.ts.backup-20260907-021855"
"UNKNOWN","\intelligence\location-intelligence-engine-v1\models\realestate.model.ts"
"GENERATED_OR_BACKUP","\intelligence\location-intelligence-engine-v1\models\realestate.model.ts.backup-20260907-021855"
"UNKNOWN","\intelligence\location-intelligence-engine-v1\property\processor.ts"
"GENERATED_OR_BACKUP","\intelligence\location-intelligence-engine-v1\property\processor.ts.backup-20260907-021855"
"UNKNOWN","\intelligence\location-intelligence-engine-v1\runtime\controller.ts"
"GENERATED_OR_BACKUP","\intelligence\location-intelligence-engine-v1\runtime\controller.ts.backup-20260907-021855"
"UNKNOWN","\intelligence\location-intelligence-engine-v1\types\realestate.types.ts"
"GENERATED_OR_BACKUP","\intelligence\location-intelligence-engine-v1\types\realestate.types.ts.backup-20260907-021855"
"UNKNOWN","\intelligence\logic-evaluation-engine-v1\index.ts"
"UNKNOWN","\intelligence\logic-evaluation-engine-v1\contracts\reasoning.contracts.ts"
"UNKNOWN","\intelligence\logic-evaluation-engine-v1\models\reasoning.model.ts"
"UNKNOWN","\intelligence\logic-evaluation-engine-v1\reasoning\processor.ts"
"UNKNOWN","\intelligence\logic-evaluation-engine-v1\runtime\controller.ts"
"UNKNOWN","\intelligence\logic-evaluation-engine-v1\types\reasoning.types.ts"
"UNKNOWN","\intelligence\long-term-cognitive-memory-core-v1\index.ts"
"UNKNOWN","\intelligence\long-term-cognitive-memory-core-v1\contracts\memory.contracts.ts"
"UNKNOWN","\intelligence\long-term-cognitive-memory-core-v1\memory\processor.ts"
"UNKNOWN","\intelligence\long-term-cognitive-memory-core-v1\models\memory.model.ts"
"UNKNOWN","\intelligence\long-term-cognitive-memory-core-v1\recall\resolver.ts"
"UNKNOWN","\intelligence\long-term-cognitive-memory-core-v1\types\memory.types.ts"
"UNKNOWN","\intelligence\market-analysis-engine-v1\index.ts"
"GENERATED_OR_BACKUP","\intelligence\market-analysis-engine-v1\index.ts.backup-20260907-021855"
"UNKNOWN","\intelligence\market-analysis-engine-v1\contracts\realestate.contracts.ts"
"GENERATED_OR_BACKUP","\intelligence\market-analysis-engine-v1\contracts\realestate.contracts.ts.backup-20260907-021855"
"UNKNOWN","\intelligence\market-analysis-engine-v1\models\realestate.model.ts"
"GENERATED_OR_BACKUP","\intelligence\market-analysis-engine-v1\models\realestate.model.ts.backup-20260907-021855"
"UNKNOWN","\intelligence\market-analysis-engine-v1\property\processor.ts"
"GENERATED_OR_BACKUP","\intelligence\market-analysis-engine-v1\property\processor.ts.backup-20260907-021855"
"UNKNOWN","\intelligence\market-analysis-engine-v1\runtime\controller.ts"
"GENERATED_OR_BACKUP","\intelligence\market-analysis-engine-v1\runtime\controller.ts.backup-20260907-021855"
"UNKNOWN","\intelligence\market-analysis-engine-v1\types\realestate.types.ts"
"GENERATED_OR_BACKUP","\intelligence\market-analysis-engine-v1\types\realestate.types.ts.backup-20260907-021855"
"UNKNOWN","\intelligence\market-intelligence-engine-v1\index.ts"
"UNKNOWN","\intelligence\market-intelligence-engine-v1\contracts\realestate.contracts.ts"
"UNKNOWN","\intelligence\market-intelligence-engine-v1\models\realestate.model.ts"
"UNKNOWN","\intelligence\market-intelligence-engine-v1\real-estate\processor.ts"
"UNKNOWN","\intelligence\market-intelligence-engine-v1\runtime\controller.ts"
"UNKNOWN","\intelligence\market-intelligence-engine-v1\types\realestate.types.ts"
"UNKNOWN","\intelligence\market-intelligence-layer-v1\index.ts"
"UNKNOWN","\intelligence\market-intelligence-layer-v1\contracts\realestate.contracts.ts"
"UNKNOWN","\intelligence\market-intelligence-layer-v1\models\realestate.model.ts"
"UNKNOWN","\intelligence\market-intelligence-layer-v1\real-estate\processor.ts"
"UNKNOWN","\intelligence\market-intelligence-layer-v1\runtime\controller.ts"
"UNKNOWN","\intelligence\market-intelligence-layer-v1\types\realestate.types.ts"
"UNKNOWN","\intelligence\market-intelligence-network-v1\index.ts"
"UNKNOWN","\intelligence\market-intelligence-network-v1\contracts\network.contracts.ts"
"UNKNOWN","\intelligence\market-intelligence-network-v1\models\network.model.ts"
"UNKNOWN","\intelligence\market-intelligence-network-v1\network\processor.ts"
"UNKNOWN","\intelligence\market-intelligence-network-v1\runtime\controller.ts"
"UNKNOWN","\intelligence\market-intelligence-network-v1\types\network.types.ts"
"UNKNOWN","\intelligence\marketplace-contract-engine-v1\index.ts"
"UNKNOWN","\intelligence\marketplace-contract-engine-v1\contracts\marketplace.contracts.ts"
"UNKNOWN","\intelligence\marketplace-contract-engine-v1\marketplace\processor.ts"
"UNKNOWN","\intelligence\marketplace-contract-engine-v1\models\marketplace.model.ts"
"UNKNOWN","\intelligence\marketplace-contract-engine-v1\runtime\controller.ts"
"UNKNOWN","\intelligence\marketplace-contract-engine-v1\types\marketplace.types.ts"
"UNKNOWN","\intelligence\marketplace-runtime-v1\index.ts"
"UNKNOWN","\intelligence\marketplace-runtime-v1\contracts\marketplace.contracts.ts"
"UNKNOWN","\intelligence\marketplace-runtime-v1\marketplace\processor.ts"
"UNKNOWN","\intelligence\marketplace-runtime-v1\models\marketplace.model.ts"
"UNKNOWN","\intelligence\marketplace-runtime-v1\runtime\controller.ts"
"UNKNOWN","\intelligence\marketplace-runtime-v1\types\marketplace.types.ts"
"UNKNOWN","\intelligence\maturity-decision-engine-v1\index.ts"
"UNKNOWN","\intelligence\maturity-decision-engine-v1\contracts\maturity.contracts.ts"
"UNKNOWN","\intelligence\maturity-decision-engine-v1\maturity\processor.ts"
"UNKNOWN","\intelligence\maturity-decision-engine-v1\models\maturity.model.ts"
"UNKNOWN","\intelligence\maturity-decision-engine-v1\runtime\controller.ts"
"UNKNOWN","\intelligence\maturity-decision-engine-v1\types\maturity.types.ts"
"UNKNOWN","\intelligence\maturity-evaluation-engine-v1\index.ts"
"UNKNOWN","\intelligence\maturity-evaluation-engine-v1\contracts\maturity.contracts.ts"
"UNKNOWN","\intelligence\maturity-evaluation-engine-v1\maturity\processor.ts"
"UNKNOWN","\intelligence\maturity-evaluation-engine-v1\models\maturity.model.ts"
"UNKNOWN","\intelligence\maturity-evaluation-engine-v1\runtime\controller.ts"
"UNKNOWN","\intelligence\maturity-evaluation-engine-v1\types\maturity.types.ts"
"UNKNOWN","\intelligence\meaning-representation-engine-v1\index.ts"
"UNKNOWN","\intelligence\meaning-representation-engine-v1\contracts\semantic.contracts.ts"
"UNKNOWN","\intelligence\meaning-representation-engine-v1\models\semantic.model.ts"
"UNKNOWN","\intelligence\meaning-representation-engine-v1\reasoning\processor.ts"
"UNKNOWN","\intelligence\meaning-representation-engine-v1\runtime\controller.ts"
"UNKNOWN","\intelligence\meaning-representation-engine-v1\types\semantic.types.ts"
"UNKNOWN","\intelligence\melkist-connector-engine-v1\index.ts"
"UNKNOWN","\intelligence\melkist-connector-engine-v1\contracts\integration.contracts.ts"
"UNKNOWN","\intelligence\melkist-connector-engine-v1\integration\processor.ts"
"UNKNOWN","\intelligence\melkist-connector-engine-v1\models\integration.model.ts"
"UNKNOWN","\intelligence\melkist-connector-engine-v1\runtime\controller.ts"
"UNKNOWN","\intelligence\melkist-connector-engine-v1\types\integration.types.ts"
"UNKNOWN","\intelligence\melkist-content-bridge-v1\index.ts"
"UNKNOWN","\intelligence\melkist-content-bridge-v1\contracts\integration.contracts.ts"
"UNKNOWN","\intelligence\melkist-content-bridge-v1\integration\processor.ts"
"UNKNOWN","\intelligence\melkist-content-bridge-v1\models\integration.model.ts"
"UNKNOWN","\intelligence\melkist-content-bridge-v1\runtime\controller.ts"
"UNKNOWN","\intelligence\melkist-content-bridge-v1\types\integration.types.ts"
"UNKNOWN","\intelligence\melkist-data-bridge-v1\index.ts"
"UNKNOWN","\intelligence\melkist-data-bridge-v1\contracts\integration.contracts.ts"
"UNKNOWN","\intelligence\melkist-data-bridge-v1\integration\processor.ts"
"UNKNOWN","\intelligence\melkist-data-bridge-v1\models\integration.model.ts"
"UNKNOWN","\intelligence\melkist-data-bridge-v1\runtime\controller.ts"
"UNKNOWN","\intelligence\melkist-data-bridge-v1\types\integration.types.ts"
"UNKNOWN","\intelligence\melkist-integration-core-v1\index.ts"
"UNKNOWN","\intelligence\melkist-integration-core-v1\contracts\integration.contracts.ts"
"UNKNOWN","\intelligence\melkist-integration-core-v1\integration\processor.ts"
"UNKNOWN","\intelligence\melkist-integration-core-v1\models\integration.model.ts"
"UNKNOWN","\intelligence\melkist-integration-core-v1\runtime\controller.ts"
"UNKNOWN","\intelligence\melkist-integration-core-v1\types\integration.types.ts"
"UNKNOWN","\intelligence\melkist-integration-registry-v1\index.ts"
"UNKNOWN","\intelligence\melkist-property-bridge-v1\index.ts"
"UNKNOWN","\intelligence\melkist-property-bridge-v1\contracts\integration.contracts.ts"
"UNKNOWN","\intelligence\melkist-property-bridge-v1\integration\processor.ts"
"UNKNOWN","\intelligence\melkist-property-bridge-v1\models\integration.model.ts"
"UNKNOWN","\intelligence\melkist-property-bridge-v1\runtime\controller.ts"
"UNKNOWN","\intelligence\melkist-property-bridge-v1\types\integration.types.ts"
"UNKNOWN","\intelligence\memory-context-resolution-engine-v1\index.ts"
"UNKNOWN","\intelligence\memory-context-resolution-engine-v1\contracts\memory.contracts.ts"
"UNKNOWN","\intelligence\memory-context-resolution-engine-v1\memory\processor.ts"
"UNKNOWN","\intelligence\memory-context-resolution-engine-v1\models\memory.model.ts"
"UNKNOWN","\intelligence\memory-context-resolution-engine-v1\recall\resolver.ts"
"UNKNOWN","\intelligence\memory-context-resolution-engine-v1\types\memory.types.ts"
"UNKNOWN","\intelligence\memory-exchange-engine-v1\index.ts"
"UNKNOWN","\intelligence\memory-exchange-engine-v1\contracts\collective-memory.contracts.ts"
"UNKNOWN","\intelligence\memory-exchange-engine-v1\memory\processor.ts"
"UNKNOWN","\intelligence\memory-exchange-engine-v1\models\collective-memory.model.ts"
"UNKNOWN","\intelligence\memory-exchange-engine-v1\runtime\controller.ts"
"UNKNOWN","\intelligence\memory-exchange-engine-v1\types\collective-memory.types.ts"
"UNKNOWN","\intelligence\memory-intelligence-controller-v1\index.ts"
"UNKNOWN","\intelligence\memory-intelligence-controller-v1\contracts\orchestration.contracts.ts"
"UNKNOWN","\intelligence\memory-intelligence-controller-v1\engine\processor.ts"
"UNKNOWN","\intelligence\memory-intelligence-controller-v1\models\domain.model.ts"
"UNKNOWN","\intelligence\memory-intelligence-controller-v1\types\orchestration.types.ts"
"UNKNOWN","\intelligence\memory-intelligence-engine-v1\index.ts"
"UNKNOWN","\intelligence\memory-intelligence-engine-v1\contracts\memory.contracts.ts"
"UNKNOWN","\intelligence\memory-intelligence-engine-v1\memory\processor.ts"
"UNKNOWN","\intelligence\memory-intelligence-engine-v1\models\memory.model.ts"
"UNKNOWN","\intelligence\memory-intelligence-engine-v1\runtime\controller.ts"
"UNKNOWN","\intelligence\memory-intelligence-engine-v1\types\memory.types.ts"
"UNKNOWN","\intelligence\memory-intelligence-governance-framework-v2\index.ts"
"UNKNOWN","\intelligence\memory-intelligence-governance-framework-v2\contracts\index.ts"
"UNKNOWN","\intelligence\memory-intelligence-governance-framework-v2\contracts\memory-intelligence.types.ts"
"UNKNOWN","\intelligence\memory-intelligence-governance-framework-v2\engine\index.ts"
"UNKNOWN","\intelligence\memory-intelligence-governance-framework-v2\engine\processor.ts"
"UNKNOWN","\intelligence\memory-intelligence-governance-framework-v2\models\index.ts"
"UNKNOWN","\intelligence\memory-intelligence-governance-framework-v2\models\memory.model.ts"
"UNKNOWN","\intelligence\memory-intelligence-governance-framework-v2\types\index.ts"
"UNKNOWN","\intelligence\memory-intelligence-registry-v2\index.ts"
"UNKNOWN","\intelligence\memory-learning-analytics-engine-v2\index.ts"
"UNKNOWN","\intelligence\memory-learning-analytics-engine-v2\contracts\index.ts"
"UNKNOWN","\intelligence\memory-learning-analytics-engine-v2\contracts\memory-intelligence.types.ts"
"UNKNOWN","\intelligence\memory-learning-analytics-engine-v2\engine\index.ts"
"UNKNOWN","\intelligence\memory-learning-analytics-engine-v2\engine\processor.ts"
"UNKNOWN","\intelligence\memory-learning-analytics-engine-v2\models\index.ts"
"UNKNOWN","\intelligence\memory-learning-analytics-engine-v2\models\memory.model.ts"
"UNKNOWN","\intelligence\memory-learning-analytics-engine-v2\types\index.ts"
"UNKNOWN","\intelligence\memory-optimization-engine-v1\index.ts"
"UNKNOWN","\intelligence\memory-optimization-engine-v1\contracts\memory.contracts.ts"
"UNKNOWN","\intelligence\memory-optimization-engine-v1\memory\processor.ts"
"UNKNOWN","\intelligence\memory-optimization-engine-v1\models\memory.model.ts"
"UNKNOWN","\intelligence\memory-optimization-engine-v1\runtime\controller.ts"
"UNKNOWN","\intelligence\memory-optimization-engine-v1\types\memory.types.ts"
"UNKNOWN","\intelligence\memory-pattern-recognition-engine-v2\index.ts"
"UNKNOWN","\intelligence\memory-pattern-recognition-engine-v2\contracts\index.ts"
"UNKNOWN","\intelligence\memory-pattern-recognition-engine-v2\contracts\memory-intelligence.types.ts"
"UNKNOWN","\intelligence\memory-pattern-recognition-engine-v2\engine\index.ts"
"UNKNOWN","\intelligence\memory-pattern-recognition-engine-v2\engine\processor.ts"
"UNKNOWN","\intelligence\memory-pattern-recognition-engine-v2\models\index.ts"
"UNKNOWN","\intelligence\memory-pattern-recognition-engine-v2\models\memory.model.ts"
"UNKNOWN","\intelligence\memory-pattern-recognition-engine-v2\types\index.ts"
"UNKNOWN","\intelligence\memory-reasoning-integration-core-v1\index.ts"
"UNKNOWN","\intelligence\memory-reasoning-integration-core-v1\contracts\integration.contracts.ts"
"UNKNOWN","\intelligence\memory-reasoning-integration-core-v1\engine\processor.ts"
"UNKNOWN","\intelligence\memory-reasoning-integration-core-v1\models\domain.model.ts"
"UNKNOWN","\intelligence\memory-reasoning-integration-core-v1\types\integration.types.ts"
"UNKNOWN","\intelligence\memory-synchronization-engine-v1\index.ts"
"UNKNOWN","\intelligence\memory-synchronization-engine-v1\contracts\collective-memory.contracts.ts"
"UNKNOWN","\intelligence\memory-synchronization-engine-v1\memory\processor.ts"
"UNKNOWN","\intelligence\memory-synchronization-engine-v1\models\collective-memory.model.ts"
"UNKNOWN","\intelligence\memory-synchronization-engine-v1\runtime\controller.ts"
"UNKNOWN","\intelligence\memory-synchronization-engine-v1\types\collective-memory.types.ts"
"UNKNOWN","\intelligence\mesh-communication-protocol-v1\index.ts"
"UNKNOWN","\intelligence\mesh-communication-protocol-v1\contracts\mesh.contracts.ts"
"UNKNOWN","\intelligence\mesh-communication-protocol-v1\mesh\processor.ts"
"UNKNOWN","\intelligence\mesh-communication-protocol-v1\models\mesh.model.ts"
"UNKNOWN","\intelligence\mesh-communication-protocol-v1\runtime\controller.ts"
"UNKNOWN","\intelligence\mesh-communication-protocol-v1\types\mesh.types.ts"
"UNKNOWN","\intelligence\mesh-node-discovery-engine-v1\index.ts"
"UNKNOWN","\intelligence\mesh-node-discovery-engine-v1\contracts\mesh.contracts.ts"
"UNKNOWN","\intelligence\mesh-node-discovery-engine-v1\mesh\processor.ts"
"UNKNOWN","\intelligence\mesh-node-discovery-engine-v1\models\mesh.model.ts"
"UNKNOWN","\intelligence\mesh-node-discovery-engine-v1\runtime\controller.ts"
"UNKNOWN","\intelligence\mesh-node-discovery-engine-v1\types\mesh.types.ts"
"UNKNOWN","\intelligence\mesh-synchronization-runtime-engine-v1\index.ts"
"UNKNOWN","\intelligence\mesh-synchronization-runtime-engine-v1\contracts\mesh.contracts.ts"
"UNKNOWN","\intelligence\mesh-synchronization-runtime-engine-v1\mesh\processor.ts"
"UNKNOWN","\intelligence\mesh-synchronization-runtime-engine-v1\models\mesh.model.ts"
"UNKNOWN","\intelligence\mesh-synchronization-runtime-engine-v1\runtime\controller.ts"
"UNKNOWN","\intelligence\mesh-synchronization-runtime-engine-v1\types\mesh.types.ts"
"UNKNOWN","\intelligence\meta-coordination-registry-v1\index.ts"
"UNKNOWN","\intelligence\meta-decision-optimizer-v1\index.ts"
"UNKNOWN","\intelligence\meta-decision-optimizer-v1\contracts\meta-reasoning.contracts.ts"
"UNKNOWN","\intelligence\meta-decision-optimizer-v1\contracts\meta.contracts.ts"
"UNKNOWN","\intelligence\meta-decision-optimizer-v1\models\meta-reasoning.model.ts"
"UNKNOWN","\intelligence\meta-decision-optimizer-v1\models\meta.model.ts"
"UNKNOWN","\intelligence\meta-decision-optimizer-v1\reasoning\processor.ts"
"UNKNOWN","\intelligence\meta-decision-optimizer-v1\runtime\controller.ts"
"UNKNOWN","\intelligence\meta-decision-optimizer-v1\types\meta-reasoning.types.ts"
"UNKNOWN","\intelligence\meta-decision-optimizer-v1\types\meta.types.ts"
"UNKNOWN","\intelligence\meta-decision-oversight-engine-v1\index.ts"
"UNKNOWN","\intelligence\meta-decision-oversight-engine-v1\contracts\meta-governance.contracts.ts"
"UNKNOWN","\intelligence\meta-decision-oversight-engine-v1\governance\processor.ts"
"UNKNOWN","\intelligence\meta-decision-oversight-engine-v1\models\meta-governance.model.ts"
"UNKNOWN","\intelligence\meta-decision-oversight-engine-v1\runtime\controller.ts"
"UNKNOWN","\intelligence\meta-decision-oversight-engine-v1\types\meta-governance.types.ts"
"UNKNOWN","\intelligence\meta-evolution-engine-v1\index.ts"
"UNKNOWN","\intelligence\meta-evolution-engine-v1\contracts\meta-evolution.contracts.ts"
"UNKNOWN","\intelligence\meta-evolution-engine-v1\evolution\processor.ts"
"UNKNOWN","\intelligence\meta-evolution-engine-v1\models\meta-evolution.model.ts"
"UNKNOWN","\intelligence\meta-evolution-engine-v1\runtime\controller.ts"
"UNKNOWN","\intelligence\meta-evolution-engine-v1\types\meta-evolution.types.ts"
"UNKNOWN","\intelligence\meta-governance-platform-v1\index.ts"
"UNKNOWN","\intelligence\meta-governance-platform-v1\contracts\meta-governance.contracts.ts"
"UNKNOWN","\intelligence\meta-governance-platform-v1\meta\processor.ts"
"UNKNOWN","\intelligence\meta-governance-platform-v1\models\meta-governance.model.ts"
"UNKNOWN","\intelligence\meta-governance-platform-v1\runtime\controller.ts"
"UNKNOWN","\intelligence\meta-governance-platform-v1\types\meta-governance.types.ts"
"UNKNOWN","\intelligence\meta-governance-reflection-engine-v1\index.ts"
"UNKNOWN","\intelligence\meta-governance-reflection-engine-v1\contracts\meta-governance.contracts.ts"
"UNKNOWN","\intelligence\meta-governance-reflection-engine-v1\meta\processor.ts"
"UNKNOWN","\intelligence\meta-governance-reflection-engine-v1\models\meta-governance.model.ts"
"UNKNOWN","\intelligence\meta-governance-reflection-engine-v1\runtime\controller.ts"
"UNKNOWN","\intelligence\meta-governance-reflection-engine-v1\types\meta-governance.types.ts"
"UNKNOWN","\intelligence\meta-governance-registry-v1\index.ts"
"UNKNOWN","\intelligence\meta-intelligence-coordination-core-v1\index.ts"
"UNKNOWN","\intelligence\meta-intelligence-coordination-core-v1\contracts\coordination.contracts.ts"
"UNKNOWN","\intelligence\meta-intelligence-coordination-core-v1\coordination\processor.ts"
"UNKNOWN","\intelligence\meta-intelligence-coordination-core-v1\models\coordination.model.ts"
"UNKNOWN","\intelligence\meta-intelligence-coordination-core-v1\routing\router.ts"
"UNKNOWN","\intelligence\meta-intelligence-coordination-core-v1\types\coordination.types.ts"
"UNKNOWN","\intelligence\meta-intelligence-platform-v1\index.ts"
"UNKNOWN","\intelligence\meta-intelligence-platform-v1\contracts\meta.contracts.ts"
"UNKNOWN","\intelligence\meta-intelligence-platform-v1\models\meta.model.ts"
"UNKNOWN","\intelligence\meta-intelligence-platform-v1\reasoning\processor.ts"
"UNKNOWN","\intelligence\meta-intelligence-platform-v1\runtime\controller.ts"
"UNKNOWN","\intelligence\meta-intelligence-platform-v1\types\meta.types.ts"
"UNKNOWN","\intelligence\meta-intelligence-registry-v1\index.ts"
"UNKNOWN","\intelligence\meta-optimization-engine-v1\index.ts"
"UNKNOWN","\intelligence\meta-optimization-engine-v1\contracts\meta-learning.contracts.ts"
"UNKNOWN","\intelligence\meta-optimization-engine-v1\learning\processor.ts"
"UNKNOWN","\intelligence\meta-optimization-engine-v1\models\meta-learning.model.ts"
"UNKNOWN","\intelligence\meta-optimization-engine-v1\runtime\controller.ts"
"UNKNOWN","\intelligence\meta-optimization-engine-v1\types\meta-learning.types.ts"
"UNKNOWN","\intelligence\meta-orchestration-platform-v1\index.ts"
"UNKNOWN","\intelligence\meta-orchestration-platform-v1\contracts\coordination.contracts.ts"
"UNKNOWN","\intelligence\meta-orchestration-platform-v1\coordination\processor.ts"
"UNKNOWN","\intelligence\meta-orchestration-platform-v1\models\coordination.model.ts"
"UNKNOWN","\intelligence\meta-orchestration-platform-v1\routing\router.ts"
"UNKNOWN","\intelligence\meta-orchestration-platform-v1\types\coordination.types.ts"
"UNKNOWN","\intelligence\meta-policy-management-engine-v1\index.ts"
"UNKNOWN","\intelligence\meta-policy-management-engine-v1\contracts\meta-governance.contracts.ts"
"UNKNOWN","\intelligence\meta-policy-management-engine-v1\meta\processor.ts"
"UNKNOWN","\intelligence\meta-policy-management-engine-v1\models\meta-governance.model.ts"
"UNKNOWN","\intelligence\meta-policy-management-engine-v1\runtime\controller.ts"
"UNKNOWN","\intelligence\meta-policy-management-engine-v1\types\meta-governance.types.ts"
"UNKNOWN","\intelligence\meta-reasoning-registry-v1\index.ts"
"UNKNOWN","\intelligence\meta-runtime-controller-v1\index.ts"
"UNKNOWN","\intelligence\meta-runtime-controller-v1\contracts\meta.contracts.ts"
"UNKNOWN","\intelligence\meta-runtime-controller-v1\models\meta.model.ts"
"UNKNOWN","\intelligence\meta-runtime-controller-v1\orchestration\processor.ts"
"UNKNOWN","\intelligence\meta-runtime-controller-v1\runtime\controller.ts"
"UNKNOWN","\intelligence\meta-runtime-controller-v1\types\meta.types.ts"
"UNKNOWN","\intelligence\model-registry-engine-v1\index.ts"
"UNKNOWN","\intelligence\model-registry-engine-v1\ai\processor.ts"
"UNKNOWN","\intelligence\model-registry-engine-v1\contracts\ai.contracts.ts"
"UNKNOWN","\intelligence\model-registry-engine-v1\models\ai.model.ts"
"UNKNOWN","\intelligence\model-registry-engine-v1\runtime\controller.ts"
"UNKNOWN","\intelligence\model-registry-engine-v1\types\ai.types.ts"
"UNKNOWN","\intelligence\model-routing-controller-v1\index.ts"
"UNKNOWN","\intelligence\model-routing-controller-v1\ai\processor.ts"
"UNKNOWN","\intelligence\model-routing-controller-v1\contracts\ai.contracts.ts"
"UNKNOWN","\intelligence\model-routing-controller-v1\models\ai.model.ts"
"UNKNOWN","\intelligence\model-routing-controller-v1\runtime\controller.ts"
"UNKNOWN","\intelligence\model-routing-controller-v1\types\ai.types.ts"
"UNKNOWN","\intelligence\module-federation-engine-v1\index.ts"
"UNKNOWN","\intelligence\module-federation-engine-v1\contracts\integration.contracts.ts"
"UNKNOWN","\intelligence\module-federation-engine-v1\integration\processor.ts"
"UNKNOWN","\intelligence\module-federation-engine-v1\models\integration.model.ts"
"UNKNOWN","\intelligence\module-federation-engine-v1\runtime\controller.ts"
"UNKNOWN","\intelligence\module-federation-engine-v1\types\integration.types.ts"
"UNKNOWN","\intelligence\module-health-monitor-v1\index.ts"
"UNKNOWN","\intelligence\module-health-monitor-v1\contracts\validation.contracts.ts"
"UNKNOWN","\intelligence\module-health-monitor-v1\models\validation.model.ts"
"UNKNOWN","\intelligence\module-health-monitor-v1\runtime\controller.ts"
"UNKNOWN","\intelligence\module-health-monitor-v1\types\validation.types.ts"
"UNKNOWN","\intelligence\module-health-monitor-v1\validation\processor.ts"
"UNKNOWN","\intelligence\module-integration-registry-v1\index.ts"
"UNKNOWN","\intelligence\module-integration-registry-v1\contracts\orchestration.contracts.ts"
"UNKNOWN","\intelligence\module-integration-registry-v1\models\orchestration.model.ts"
"UNKNOWN","\intelligence\module-integration-registry-v1\orchestration\processor.ts"
"UNKNOWN","\intelligence\module-integration-registry-v1\runtime\controller.ts"
"UNKNOWN","\intelligence\module-integration-registry-v1\types\orchestration.types.ts"
"UNKNOWN","\intelligence\multi-agent-civilization-core-v1\index.ts"
"UNKNOWN","\intelligence\multi-agent-civilization-core-v1\civilization\processor.ts"
"UNKNOWN","\intelligence\multi-agent-civilization-core-v1\contracts\civilization.contracts.ts"
"UNKNOWN","\intelligence\multi-agent-civilization-core-v1\models\civilization.model.ts"
"UNKNOWN","\intelligence\multi-agent-civilization-core-v1\runtime\controller.ts"
"UNKNOWN","\intelligence\multi-agent-civilization-core-v1\types\civilization.types.ts"
"UNKNOWN","\intelligence\multi-agent-civilization-registry-v1\index.ts"
"UNKNOWN","\intelligence\multi-agent-civilization-runtime-v1\index.ts"
"UNKNOWN","\intelligence\multi-agent-civilization-runtime-v1\civilization\processor.ts"
"UNKNOWN","\intelligence\multi-agent-civilization-runtime-v1\contracts\civilization.contracts.ts"
"UNKNOWN","\intelligence\multi-agent-civilization-runtime-v1\models\civilization.model.ts"
"UNKNOWN","\intelligence\multi-agent-civilization-runtime-v1\runtime\controller.ts"
"UNKNOWN","\intelligence\multi-agent-civilization-runtime-v1\types\civilization.types.ts"
"UNKNOWN","\intelligence\multi-agent-coordination-core-v1\index.ts"
"UNKNOWN","\intelligence\multi-agent-coordination-core-v1\contracts\coordination.contracts.ts"
"UNKNOWN","\intelligence\multi-agent-coordination-core-v1\coordination\processor.ts"
"UNKNOWN","\intelligence\multi-agent-coordination-core-v1\models\coordination.model.ts"
"UNKNOWN","\intelligence\multi-agent-coordination-core-v1\runtime\controller.ts"
"UNKNOWN","\intelligence\multi-agent-coordination-core-v1\types\coordination.types.ts"
"UNKNOWN","\intelligence\multi-agent-coordination-registry-v1\index.ts"
"UNKNOWN","\intelligence\multi-agent-intelligence-core-v1\index.ts"
"UNKNOWN","\intelligence\multi-agent-intelligence-core-v1\agents\processor.ts"
"UNKNOWN","\intelligence\multi-agent-intelligence-core-v1\contracts\agent.contracts.ts"
"UNKNOWN","\intelligence\multi-agent-intelligence-core-v1\models\agent.model.ts"
"UNKNOWN","\intelligence\multi-agent-intelligence-core-v1\runtime\controller.ts"
"UNKNOWN","\intelligence\multi-agent-intelligence-core-v1\types\agent.types.ts"
"UNKNOWN","\intelligence\multi-agent-intelligence-platform-v1\index.ts"
"UNKNOWN","\intelligence\multi-agent-intelligence-platform-v1\agents\processor.ts"
"UNKNOWN","\intelligence\multi-agent-intelligence-platform-v1\contracts\agent.contracts.ts"
"UNKNOWN","\intelligence\multi-agent-intelligence-platform-v1\models\agent.model.ts"
"UNKNOWN","\intelligence\multi-agent-intelligence-platform-v1\runtime\controller.ts"
"UNKNOWN","\intelligence\multi-agent-intelligence-platform-v1\types\agent.types.ts"
"UNKNOWN","\intelligence\multi-agent-reasoning-engine-v1\index.ts"
"UNKNOWN","\intelligence\multi-agent-reasoning-engine-v1\contracts\reasoning.contracts.ts"
"UNKNOWN","\intelligence\multi-agent-reasoning-engine-v1\models\reasoning.model.ts"
"UNKNOWN","\intelligence\multi-agent-reasoning-engine-v1\reasoning\processor.ts"
"UNKNOWN","\intelligence\multi-agent-reasoning-engine-v1\runtime\controller.ts"
"UNKNOWN","\intelligence\multi-agent-reasoning-engine-v1\types\reasoning.types.ts"
"UNKNOWN","\intelligence\multi-agent-registry-v1\index.ts"
"UNKNOWN","\intelligence\multi-agent-runtime-coordinator-v1\index.ts"
"UNKNOWN","\intelligence\multi-agent-runtime-coordinator-v1\contracts\coordination.contracts.ts"
"UNKNOWN","\intelligence\multi-agent-runtime-coordinator-v1\coordination\processor.ts"
"UNKNOWN","\intelligence\multi-agent-runtime-coordinator-v1\models\coordination.model.ts"
"UNKNOWN","\intelligence\multi-agent-runtime-coordinator-v1\runtime\controller.ts"
"UNKNOWN","\intelligence\multi-agent-runtime-coordinator-v1\types\coordination.types.ts"
"UNKNOWN","\intelligence\multi-layer-intelligence-fusion-v1\index.ts"
"UNKNOWN","\intelligence\multi-layer-intelligence-fusion-v1\contracts\synthesis.contracts.ts"
"UNKNOWN","\intelligence\multi-layer-intelligence-fusion-v1\models\synthesis.model.ts"
"UNKNOWN","\intelligence\multi-layer-intelligence-fusion-v1\runtime\controller.ts"
"UNKNOWN","\intelligence\multi-layer-intelligence-fusion-v1\synthesis\processor.ts"
"UNKNOWN","\intelligence\multi-layer-intelligence-fusion-v1\types\synthesis.types.ts"
"UNKNOWN","\intelligence\multi-perspective-intelligence-engine-v1\index.ts"
"UNKNOWN","\intelligence\multi-perspective-intelligence-engine-v1\contracts\reasoning.contracts.ts"
"UNKNOWN","\intelligence\multi-perspective-intelligence-engine-v1\models\reasoning.model.ts"
"UNKNOWN","\intelligence\multi-perspective-intelligence-engine-v1\reasoning\processor.ts"
"UNKNOWN","\intelligence\multi-perspective-intelligence-engine-v1\runtime\controller.ts"
"UNKNOWN","\intelligence\multi-perspective-intelligence-engine-v1\types\reasoning.types.ts"
"UNKNOWN","\intelligence\network-evaluation-engine-v1\index.ts"
"UNKNOWN","\intelligence\network-evaluation-engine-v1\contracts\network.contracts.ts"
"UNKNOWN","\intelligence\network-evaluation-engine-v1\models\network.model.ts"
"UNKNOWN","\intelligence\network-evaluation-engine-v1\network\processor.ts"
"UNKNOWN","\intelligence\network-evaluation-engine-v1\runtime\controller.ts"
"UNKNOWN","\intelligence\network-evaluation-engine-v1\types\network.types.ts"
"UNKNOWN","\intelligence\network-intelligence-engine-v1\index.ts"
"UNKNOWN","\intelligence\network-intelligence-engine-v1\contracts\network.contracts.ts"
"UNKNOWN","\intelligence\network-intelligence-engine-v1\models\network.model.ts"
"UNKNOWN","\intelligence\network-intelligence-engine-v1\network\processor.ts"
"UNKNOWN","\intelligence\network-intelligence-engine-v1\runtime\controller.ts"
"UNKNOWN","\intelligence\network-intelligence-engine-v1\types\network.types.ts"
"UNKNOWN","\intelligence\network-optimization-engine-v1\index.ts"
"UNKNOWN","\intelligence\network-optimization-engine-v1\contracts\network.contracts.ts"
"UNKNOWN","\intelligence\network-optimization-engine-v1\models\network.model.ts"
"UNKNOWN","\intelligence\network-optimization-engine-v1\network\processor.ts"
"UNKNOWN","\intelligence\network-optimization-engine-v1\runtime\controller.ts"
"UNKNOWN","\intelligence\network-optimization-engine-v1\types\network.types.ts"
"UNKNOWN","\intelligence\node-management-engine-v1\index.ts"
"UNKNOWN","\intelligence\node-management-engine-v1\contracts\network.contracts.ts"
"UNKNOWN","\intelligence\node-management-engine-v1\models\network.model.ts"
"UNKNOWN","\intelligence\node-management-engine-v1\network\processor.ts"
"UNKNOWN","\intelligence\node-management-engine-v1\runtime\controller.ts"
"UNKNOWN","\intelligence\node-management-engine-v1\types\network.types.ts"
"UNKNOWN","\intelligence\objective-planning-intelligence-engine-v1\index.ts"
"UNKNOWN","\intelligence\objective-planning-intelligence-engine-v1\contracts\planning.contracts.ts"
"UNKNOWN","\intelligence\objective-planning-intelligence-engine-v1\models\planning.model.ts"
"UNKNOWN","\intelligence\objective-planning-intelligence-engine-v1\planning\processor.ts"
"UNKNOWN","\intelligence\objective-planning-intelligence-engine-v1\runtime\controller.ts"
"UNKNOWN","\intelligence\objective-planning-intelligence-engine-v1\types\planning.types.ts"
"UNKNOWN","\intelligence\open-intelligence-core-v1\index.ts"
"UNKNOWN","\intelligence\open-intelligence-core-v1\contracts\ecosystem.contracts.ts"
"UNKNOWN","\intelligence\open-intelligence-core-v1\ecosystem\processor.ts"
"UNKNOWN","\intelligence\open-intelligence-core-v1\models\ecosystem.model.ts"
"UNKNOWN","\intelligence\open-intelligence-core-v1\runtime\controller.ts"
"UNKNOWN","\intelligence\open-intelligence-core-v1\types\ecosystem.types.ts"
"UNKNOWN","\intelligence\open-intelligence-registry-v1\index.ts"
"UNKNOWN","\intelligence\open-runtime-v1\index.ts"
"UNKNOWN","\intelligence\open-runtime-v1\contracts\ecosystem.contracts.ts"
"UNKNOWN","\intelligence\open-runtime-v1\ecosystem\processor.ts"
"UNKNOWN","\intelligence\open-runtime-v1\models\ecosystem.model.ts"
"UNKNOWN","\intelligence\open-runtime-v1\runtime\controller.ts"
"UNKNOWN","\intelligence\open-runtime-v1\types\ecosystem.types.ts"
"UNKNOWN","\intelligence\operational-control-decision-engine-v1\index.ts"
"UNKNOWN","\intelligence\operational-control-decision-engine-v1\contracts\control.contracts.ts"
"UNKNOWN","\intelligence\operational-control-decision-engine-v1\control\processor.ts"
"UNKNOWN","\intelligence\operational-control-decision-engine-v1\models\control.model.ts"
"UNKNOWN","\intelligence\operational-control-decision-engine-v1\runtime\controller.ts"
"UNKNOWN","\intelligence\operational-control-decision-engine-v1\types\control.types.ts"
"UNKNOWN","\intelligence\operational-control-platform-v1\index.ts"
"UNKNOWN","\intelligence\operational-control-platform-v1\contracts\control.contracts.ts"
"UNKNOWN","\intelligence\operational-control-platform-v1\control\processor.ts"
"UNKNOWN","\intelligence\operational-control-platform-v1\models\control.model.ts"
"UNKNOWN","\intelligence\operational-control-platform-v1\runtime\controller.ts"
"UNKNOWN","\intelligence\operational-control-platform-v1\types\control.types.ts"
"UNKNOWN","\intelligence\operational-control-registry-v1\index.ts"
"UNKNOWN","\intelligence\operational-monitoring-intelligence-engine-v1\index.ts"
"UNKNOWN","\intelligence\operational-monitoring-intelligence-engine-v1\contracts\control.contracts.ts"
"UNKNOWN","\intelligence\operational-monitoring-intelligence-engine-v1\control\processor.ts"
"UNKNOWN","\intelligence\operational-monitoring-intelligence-engine-v1\models\control.model.ts"
"UNKNOWN","\intelligence\operational-monitoring-intelligence-engine-v1\runtime\controller.ts"
"UNKNOWN","\intelligence\operational-monitoring-intelligence-engine-v1\types\control.types.ts"
"UNKNOWN","\intelligence\optimization-decision-engine-v1\index.ts"
"UNKNOWN","\intelligence\optimization-decision-engine-v1\contracts\optimization.contracts.ts"
"UNKNOWN","\intelligence\optimization-decision-engine-v1\models\optimization.model.ts"
"UNKNOWN","\intelligence\optimization-decision-engine-v1\optimization\processor.ts"
"UNKNOWN","\intelligence\optimization-decision-engine-v1\runtime\controller.ts"
"UNKNOWN","\intelligence\optimization-decision-engine-v1\types\optimization.types.ts"
"UNKNOWN","\intelligence\optimization-evaluation-engine-v1\index.ts"
"UNKNOWN","\intelligence\optimization-evaluation-engine-v1\contracts\optimization.contracts.ts"
"UNKNOWN","\intelligence\optimization-evaluation-engine-v1\models\optimization.model.ts"
"UNKNOWN","\intelligence\optimization-evaluation-engine-v1\optimization\processor.ts"
"UNKNOWN","\intelligence\optimization-evaluation-engine-v1\runtime\controller.ts"
"UNKNOWN","\intelligence\optimization-evaluation-engine-v1\types\optimization.types.ts"
"UNKNOWN","\intelligence\optimization-feedback-loop-v1\index.ts"
"UNKNOWN","\intelligence\optimization-feedback-loop-v1\contracts\optimization.contracts.ts"
"UNKNOWN","\intelligence\optimization-feedback-loop-v1\models\optimization.model.ts"
"UNKNOWN","\intelligence\optimization-feedback-loop-v1\optimization\processor.ts"
"UNKNOWN","\intelligence\optimization-feedback-loop-v1\runtime\controller.ts"
"UNKNOWN","\intelligence\optimization-feedback-loop-v1\types\optimization.types.ts"
"UNKNOWN","\intelligence\optimization-improvement-engine-v1\index.ts"
"UNKNOWN","\intelligence\optimization-improvement-engine-v1\contracts\optimization.contracts.ts"
"UNKNOWN","\intelligence\optimization-improvement-engine-v1\models\optimization.model.ts"
"UNKNOWN","\intelligence\optimization-improvement-engine-v1\optimization\processor.ts"
"UNKNOWN","\intelligence\optimization-improvement-engine-v1\runtime\controller.ts"
"UNKNOWN","\intelligence\optimization-improvement-engine-v1\types\optimization.types.ts"
"UNKNOWN","\intelligence\optimization-intelligence-engine-v1\index.ts"
"UNKNOWN","\intelligence\optimization-intelligence-engine-v1\contracts\optimization.contracts.ts"
"UNKNOWN","\intelligence\optimization-intelligence-engine-v1\models\optimization.model.ts"
"UNKNOWN","\intelligence\optimization-intelligence-engine-v1\optimization\processor.ts"
"UNKNOWN","\intelligence\optimization-intelligence-engine-v1\runtime\controller.ts"
"UNKNOWN","\intelligence\optimization-intelligence-engine-v1\types\optimization.types.ts"
"UNKNOWN","\intelligence\optimization-pattern-engine-v1\index.ts"
"UNKNOWN","\intelligence\optimization-pattern-engine-v1\contracts\optimization.contracts.ts"
"UNKNOWN","\intelligence\optimization-pattern-engine-v1\models\optimization.model.ts"
"UNKNOWN","\intelligence\optimization-pattern-engine-v1\optimization\processor.ts"
"UNKNOWN","\intelligence\optimization-pattern-engine-v1\runtime\controller.ts"
"UNKNOWN","\intelligence\optimization-pattern-engine-v1\types\optimization.types.ts"
"UNKNOWN","\intelligence\optimization-strategy-engine-v1\index.ts"
"UNKNOWN","\intelligence\optimization-strategy-engine-v1\contracts\optimization.contracts.ts"
"UNKNOWN","\intelligence\optimization-strategy-engine-v1\models\optimization.model.ts"
"UNKNOWN","\intelligence\optimization-strategy-engine-v1\optimization\processor.ts"
"UNKNOWN","\intelligence\optimization-strategy-engine-v1\runtime\controller.ts"
"UNKNOWN","\intelligence\optimization-strategy-engine-v1\types\optimization.types.ts"
"UNKNOWN","\intelligence\orchestration-evaluation-engine-v1\index.ts"
"UNKNOWN","\intelligence\orchestration-evaluation-engine-v1\contracts\orchestration.contracts.ts"
"UNKNOWN","\intelligence\orchestration-evaluation-engine-v1\models\orchestration.model.ts"
"UNKNOWN","\intelligence\orchestration-evaluation-engine-v1\orchestration\processor.ts"
"UNKNOWN","\intelligence\orchestration-evaluation-engine-v1\runtime\controller.ts"
"UNKNOWN","\intelligence\orchestration-evaluation-engine-v1\types\orchestration.types.ts"
"UNKNOWN","\intelligence\orchestration-intelligence-engine-v1\index.ts"
"UNKNOWN","\intelligence\orchestration-intelligence-engine-v1\contracts\orchestration.contracts.ts"
"UNKNOWN","\intelligence\orchestration-intelligence-engine-v1\models\orchestration.model.ts"
"UNKNOWN","\intelligence\orchestration-intelligence-engine-v1\orchestration\processor.ts"
"UNKNOWN","\intelligence\orchestration-intelligence-engine-v1\runtime\controller.ts"
"UNKNOWN","\intelligence\orchestration-intelligence-engine-v1\types\orchestration.types.ts"
"UNKNOWN","\intelligence\orchestration-optimization-engine-v1\index.ts"
"UNKNOWN","\intelligence\orchestration-optimization-engine-v1\contracts\orchestration.contracts.ts"
"UNKNOWN","\intelligence\orchestration-optimization-engine-v1\models\orchestration.model.ts"
"UNKNOWN","\intelligence\orchestration-optimization-engine-v1\orchestration\processor.ts"
"UNKNOWN","\intelligence\orchestration-optimization-engine-v1\runtime\controller.ts"
"UNKNOWN","\intelligence\orchestration-optimization-engine-v1\types\orchestration.types.ts"
"UNKNOWN","\intelligence\orchestration-pattern-intelligence-engine-v1\index.ts"
"UNKNOWN","\intelligence\orchestration-pattern-intelligence-engine-v1\contracts\orchestration.contracts.ts"
"UNKNOWN","\intelligence\orchestration-pattern-intelligence-engine-v1\models\orchestration.model.ts"
"UNKNOWN","\intelligence\orchestration-pattern-intelligence-engine-v1\orchestration\processor.ts"
"UNKNOWN","\intelligence\orchestration-pattern-intelligence-engine-v1\runtime\controller.ts"
"UNKNOWN","\intelligence\orchestration-pattern-intelligence-engine-v1\types\orchestration.types.ts"
"UNKNOWN","\intelligence\organization-management-engine-v1\index.ts"
"UNKNOWN","\intelligence\organization-management-engine-v1\contracts\enterprise.contracts.ts"
"UNKNOWN","\intelligence\organization-management-engine-v1\enterprise\processor.ts"
"UNKNOWN","\intelligence\organization-management-engine-v1\models\enterprise.model.ts"
"UNKNOWN","\intelligence\organization-management-engine-v1\runtime\controller.ts"
"UNKNOWN","\intelligence\organization-management-engine-v1\types\enterprise.types.ts"
"UNKNOWN","\intelligence\pattern-discovery-engine-v1\index.ts"
"UNKNOWN","\intelligence\pattern-discovery-engine-v1\contracts\learning.contracts.ts"
"UNKNOWN","\intelligence\pattern-discovery-engine-v1\learning\processor.ts"
"UNKNOWN","\intelligence\pattern-discovery-engine-v1\models\learning.model.ts"
"UNKNOWN","\intelligence\pattern-discovery-engine-v1\runtime\controller.ts"
"UNKNOWN","\intelligence\pattern-discovery-engine-v1\types\learning.types.ts"
"UNKNOWN","\intelligence\pattern-recognition-engine-v1\index.ts"
"UNKNOWN","\intelligence\pattern-recognition-engine-v1\contracts\predictive.contracts.ts"
"UNKNOWN","\intelligence\pattern-recognition-engine-v1\models\predictive.model.ts"
"UNKNOWN","\intelligence\pattern-recognition-engine-v1\prediction\processor.ts"
"UNKNOWN","\intelligence\pattern-recognition-engine-v1\runtime\controller.ts"
"UNKNOWN","\intelligence\pattern-recognition-engine-v1\types\predictive.types.ts"
"UNKNOWN","\intelligence\performance-analysis-engine-v1\index.ts"
"UNKNOWN","\intelligence\performance-analysis-engine-v1\contracts\optimization.contracts.ts"
"UNKNOWN","\intelligence\performance-analysis-engine-v1\models\optimization.model.ts"
"UNKNOWN","\intelligence\performance-analysis-engine-v1\optimization\processor.ts"
"UNKNOWN","\intelligence\performance-analysis-engine-v1\runtime\controller.ts"
"UNKNOWN","\intelligence\performance-analysis-engine-v1\types\optimization.types.ts"
"UNKNOWN","\intelligence\performance-feedback-analyzer-v1\index.ts"
"UNKNOWN","\intelligence\performance-feedback-analyzer-v1\contracts\optimization.contracts.ts"
"UNKNOWN","\intelligence\performance-feedback-analyzer-v1\models\optimization.model.ts"
"UNKNOWN","\intelligence\performance-feedback-analyzer-v1\optimization\processor.ts"
"UNKNOWN","\intelligence\performance-feedback-analyzer-v1\runtime\controller.ts"
"UNKNOWN","\intelligence\performance-feedback-analyzer-v1\types\optimization.types.ts"
"UNKNOWN","\intelligence\performance-feedback-learning-v1\index.ts"
"UNKNOWN","\intelligence\performance-feedback-learning-v1\contracts\evolution.contracts.ts"
"UNKNOWN","\intelligence\performance-feedback-learning-v1\evolution\processor.ts"
"UNKNOWN","\intelligence\performance-feedback-learning-v1\models\evolution.model.ts"
"UNKNOWN","\intelligence\performance-feedback-learning-v1\optimization\optimizer.ts"
"UNKNOWN","\intelligence\performance-feedback-learning-v1\types\evolution.types.ts"
"UNKNOWN","\intelligence\performance-intelligence-engine-v1\index.ts"
"UNKNOWN","\intelligence\performance-intelligence-engine-v1\contracts\optimization.contracts.ts"
"UNKNOWN","\intelligence\performance-intelligence-engine-v1\models\optimization.model.ts"
"UNKNOWN","\intelligence\performance-intelligence-engine-v1\optimization\processor.ts"
"UNKNOWN","\intelligence\performance-intelligence-engine-v1\runtime\controller.ts"
"UNKNOWN","\intelligence\performance-intelligence-engine-v1\types\optimization.types.ts"
"UNKNOWN","\intelligence\performance-optimization-engine-v1\index.ts"
"UNKNOWN","\intelligence\performance-optimization-engine-v1\contracts\optimization.contracts.ts"
"UNKNOWN","\intelligence\performance-optimization-engine-v1\models\optimization.model.ts"
"UNKNOWN","\intelligence\performance-optimization-engine-v1\optimization\processor.ts"
"UNKNOWN","\intelligence\performance-optimization-engine-v1\runtime\controller.ts"
"UNKNOWN","\intelligence\performance-optimization-engine-v1\types\optimization.types.ts"
"UNKNOWN","\intelligence\performance-review-engine-v1\index.ts"
"UNKNOWN","\intelligence\performance-review-engine-v1\contracts\reflection.contracts.ts"
"UNKNOWN","\intelligence\performance-review-engine-v1\models\reflection.model.ts"
"UNKNOWN","\intelligence\performance-review-engine-v1\reflection\processor.ts"
"UNKNOWN","\intelligence\performance-review-engine-v1\runtime\controller.ts"
"UNKNOWN","\intelligence\performance-review-engine-v1\types\reflection.types.ts"
"UNKNOWN","\intelligence\planetary-built-environment-core-v1\index.ts"
"UNKNOWN","\intelligence\planetary-built-environment-core-v1\contracts\environment.contracts.ts"
"UNKNOWN","\intelligence\planetary-built-environment-core-v1\environment\processor.ts"
"UNKNOWN","\intelligence\planetary-built-environment-core-v1\models\environment.model.ts"
"UNKNOWN","\intelligence\planetary-built-environment-core-v1\runtime\controller.ts"
"UNKNOWN","\intelligence\planetary-built-environment-core-v1\types\environment.types.ts"
"UNKNOWN","\intelligence\planetary-built-environment-registry-v1\index.ts"
"UNKNOWN","\intelligence\planetary-data-infrastructure-v1\index.ts"
"UNKNOWN","\intelligence\planetary-data-infrastructure-v1\contracts\planetary.contracts.ts"
"UNKNOWN","\intelligence\planetary-data-infrastructure-v1\models\planetary.model.ts"
"UNKNOWN","\intelligence\planetary-data-infrastructure-v1\planetary\processor.ts"
"UNKNOWN","\intelligence\planetary-data-infrastructure-v1\runtime\controller.ts"
"UNKNOWN","\intelligence\planetary-data-infrastructure-v1\types\planetary.types.ts"
"UNKNOWN","\intelligence\planetary-environment-runtime-v1\index.ts"
"UNKNOWN","\intelligence\planetary-environment-runtime-v1\contracts\environment.contracts.ts"
"UNKNOWN","\intelligence\planetary-environment-runtime-v1\environment\processor.ts"
"UNKNOWN","\intelligence\planetary-environment-runtime-v1\models\environment.model.ts"
"UNKNOWN","\intelligence\planetary-environment-runtime-v1\runtime\controller.ts"
"UNKNOWN","\intelligence\planetary-environment-runtime-v1\types\environment.types.ts"
"UNKNOWN","\intelligence\planetary-intelligence-core-v1\index.ts"
"UNKNOWN","\intelligence\planetary-intelligence-core-v1\contracts\planetary.contracts.ts"
"UNKNOWN","\intelligence\planetary-intelligence-core-v1\models\planetary.model.ts"
"UNKNOWN","\intelligence\planetary-intelligence-core-v1\planetary\processor.ts"
"UNKNOWN","\intelligence\planetary-intelligence-core-v1\runtime\controller.ts"
"UNKNOWN","\intelligence\planetary-intelligence-core-v1\types\planetary.types.ts"
"UNKNOWN","\intelligence\planetary-intelligence-infrastructure-registry-v1\index.ts"
"UNKNOWN","\intelligence\planetary-intelligence-runtime-v1\index.ts"
"UNKNOWN","\intelligence\planetary-intelligence-runtime-v1\contracts\planetary.contracts.ts"
"UNKNOWN","\intelligence\planetary-intelligence-runtime-v1\models\planetary.model.ts"
"UNKNOWN","\intelligence\planetary-intelligence-runtime-v1\planetary\processor.ts"
"UNKNOWN","\intelligence\planetary-intelligence-runtime-v1\runtime\controller.ts"
"UNKNOWN","\intelligence\planetary-intelligence-runtime-v1\types\planetary.types.ts"
"UNKNOWN","\intelligence\plugin-registry-engine-v1\index.ts"
"UNKNOWN","\intelligence\plugin-registry-engine-v1\contracts\ecosystem.contracts.ts"
"UNKNOWN","\intelligence\plugin-registry-engine-v1\ecosystem\processor.ts"
"UNKNOWN","\intelligence\plugin-registry-engine-v1\models\ecosystem.model.ts"
"UNKNOWN","\intelligence\plugin-registry-engine-v1\runtime\controller.ts"
"UNKNOWN","\intelligence\plugin-registry-engine-v1\types\ecosystem.types.ts"
"UNKNOWN","\intelligence\policy-definition-engine-v1\index.ts"
"UNKNOWN","\intelligence\policy-definition-engine-v1\contracts\policy.contracts.ts"
"UNKNOWN","\intelligence\policy-definition-engine-v1\models\policy.model.ts"
"UNKNOWN","\intelligence\policy-definition-engine-v1\policy\processor.ts"
"UNKNOWN","\intelligence\policy-definition-engine-v1\runtime\controller.ts"
"UNKNOWN","\intelligence\policy-definition-engine-v1\types\policy.types.ts"
"UNKNOWN","\intelligence\policy-evaluation-engine-v1\index.ts"
"GENERATED_OR_BACKUP","\intelligence\policy-evaluation-engine-v1\index.ts.backup-20260907-005103"
"UNKNOWN","\intelligence\policy-evaluation-engine-v1\contracts\policy.contracts.ts"
"GENERATED_OR_BACKUP","\intelligence\policy-evaluation-engine-v1\contracts\policy.contracts.ts.backup-20260907-005102"
"UNKNOWN","\intelligence\policy-evaluation-engine-v1\models\policy.model.ts"
"GENERATED_OR_BACKUP","\intelligence\policy-evaluation-engine-v1\models\policy.model.ts.backup-20260907-005103"
"UNKNOWN","\intelligence\policy-evaluation-engine-v1\policy\processor.ts"
"GENERATED_OR_BACKUP","\intelligence\policy-evaluation-engine-v1\policy\processor.ts.backup-20260907-005103"
"UNKNOWN","\intelligence\policy-evaluation-engine-v1\runtime\controller.ts"
"GENERATED_OR_BACKUP","\intelligence\policy-evaluation-engine-v1\runtime\controller.ts.backup-20260907-005103"
"UNKNOWN","\intelligence\policy-evaluation-engine-v1\types\policy.types.ts"
"GENERATED_OR_BACKUP","\intelligence\policy-evaluation-engine-v1\types\policy.types.ts.backup-20260907-005103"
"UNKNOWN","\intelligence\policy-evolution-engine-v1\index.ts"
"UNKNOWN","\intelligence\policy-evolution-engine-v1\contracts\meta-governance.contracts.ts"
"UNKNOWN","\intelligence\policy-evolution-engine-v1\governance\processor.ts"
"UNKNOWN","\intelligence\policy-evolution-engine-v1\models\meta-governance.model.ts"
"UNKNOWN","\intelligence\policy-evolution-engine-v1\runtime\controller.ts"
"UNKNOWN","\intelligence\policy-evolution-engine-v1\types\meta-governance.types.ts"
"UNKNOWN","\intelligence\policy-intelligence-engine-v1\index.ts"
"UNKNOWN","\intelligence\policy-intelligence-engine-v1\contracts\policy.contracts.ts"
"UNKNOWN","\intelligence\policy-intelligence-engine-v1\models\policy.model.ts"
"UNKNOWN","\intelligence\policy-intelligence-engine-v1\policy\processor.ts"
"UNKNOWN","\intelligence\policy-intelligence-engine-v1\runtime\controller.ts"
"UNKNOWN","\intelligence\policy-intelligence-engine-v1\types\policy.types.ts"
"UNKNOWN","\intelligence\policy-learning-engine-v1\index.ts"
"UNKNOWN","\intelligence\policy-learning-engine-v1\contracts\meta-learning.contracts.ts"
"UNKNOWN","\intelligence\policy-learning-engine-v1\learning\processor.ts"
"UNKNOWN","\intelligence\policy-learning-engine-v1\models\meta-learning.model.ts"
"UNKNOWN","\intelligence\policy-learning-engine-v1\runtime\controller.ts"
"UNKNOWN","\intelligence\policy-learning-engine-v1\types\meta-learning.types.ts"
"UNKNOWN","\intelligence\policy-management-engine-v1\index.ts"
"GENERATED_OR_BACKUP","\intelligence\policy-management-engine-v1\index.ts.backup-20260907-005103"
"UNKNOWN","\intelligence\policy-management-engine-v1\contracts\governance.contracts.ts"
"UNKNOWN","\intelligence\policy-management-engine-v1\contracts\policy.contracts.ts"
"UNKNOWN","\intelligence\policy-management-engine-v1\governance\processor.ts"
"UNKNOWN","\intelligence\policy-management-engine-v1\models\governance.model.ts"
"UNKNOWN","\intelligence\policy-management-engine-v1\models\policy.model.ts"
"UNKNOWN","\intelligence\policy-management-engine-v1\policy\processor.ts"
"UNKNOWN","\intelligence\policy-management-engine-v1\runtime\controller.ts"
"GENERATED_OR_BACKUP","\intelligence\policy-management-engine-v1\runtime\controller.ts.backup-20260907-005103"
"UNKNOWN","\intelligence\policy-management-engine-v1\types\governance.types.ts"
"UNKNOWN","\intelligence\policy-management-engine-v1\types\policy.types.ts"
"UNKNOWN","\intelligence\policy-optimization-engine-v1\index.ts"
"UNKNOWN","\intelligence\policy-optimization-engine-v1\contracts\policy.contracts.ts"
"UNKNOWN","\intelligence\policy-optimization-engine-v1\models\policy.model.ts"
"UNKNOWN","\intelligence\policy-optimization-engine-v1\policy\processor.ts"
"UNKNOWN","\intelligence\policy-optimization-engine-v1\runtime\controller.ts"
"UNKNOWN","\intelligence\policy-optimization-engine-v1\types\policy.types.ts"
"UNKNOWN","\intelligence\policy-reasoning-engine-v1\index.ts"
"UNKNOWN","\intelligence\policy-reasoning-engine-v1\contracts\policy.contracts.ts"
"UNKNOWN","\intelligence\policy-reasoning-engine-v1\models\policy.model.ts"
"UNKNOWN","\intelligence\policy-reasoning-engine-v1\policy\processor.ts"
"UNKNOWN","\intelligence\policy-reasoning-engine-v1\runtime\controller.ts"
"UNKNOWN","\intelligence\policy-reasoning-engine-v1\types\policy.types.ts"
"UNKNOWN","\intelligence\policy-runtime-engine-v1\index.ts"
"UNKNOWN","\intelligence\policy-runtime-engine-v1\contracts\policy.contracts.ts"
"UNKNOWN","\intelligence\policy-runtime-engine-v1\models\policy.model.ts"
"UNKNOWN","\intelligence\policy-runtime-engine-v1\policy\processor.ts"
"UNKNOWN","\intelligence\policy-runtime-engine-v1\runtime\controller.ts"
"UNKNOWN","\intelligence\policy-runtime-engine-v1\types\policy.types.ts"
"UNKNOWN","\intelligence\post-synthesis-validation-registry-v1\index.ts"
"UNKNOWN","\intelligence\prediction-context-engine-v1\index.ts"
"UNKNOWN","\intelligence\prediction-context-engine-v1\contracts\predictive.contracts.ts"
"UNKNOWN","\intelligence\prediction-context-engine-v1\models\predictive.model.ts"
"UNKNOWN","\intelligence\prediction-context-engine-v1\prediction\processor.ts"
"UNKNOWN","\intelligence\prediction-context-engine-v1\runtime\controller.ts"
"UNKNOWN","\intelligence\prediction-context-engine-v1\types\predictive.types.ts"
"UNKNOWN","\intelligence\prediction-model-registry-v1\index.ts"
"UNKNOWN","\intelligence\prediction-model-registry-v1\contracts\prediction.contracts.ts"
"UNKNOWN","\intelligence\prediction-model-registry-v1\models\prediction.model.ts"
"UNKNOWN","\intelligence\prediction-model-registry-v1\prediction\processor.ts"
"UNKNOWN","\intelligence\prediction-model-registry-v1\runtime\controller.ts"
"UNKNOWN","\intelligence\prediction-model-registry-v1\types\prediction.types.ts"
"UNKNOWN","\intelligence\prediction-service-engine-v1\index.ts"
"UNKNOWN","\intelligence\prediction-service-engine-v1\contracts\service.contracts.ts"
"UNKNOWN","\intelligence\prediction-service-engine-v1\models\service.model.ts"
"UNKNOWN","\intelligence\prediction-service-engine-v1\runtime\controller.ts"
"UNKNOWN","\intelligence\prediction-service-engine-v1\services\processor.ts"
"UNKNOWN","\intelligence\prediction-service-engine-v1\types\service.types.ts"
"UNKNOWN","\intelligence\predictive-intelligence-core-v1\index.ts"
"GENERATED_OR_BACKUP","\intelligence\predictive-intelligence-core-v1\index.ts.backup-20260907-022223"
"UNKNOWN","\intelligence\predictive-intelligence-core-v1\contracts\prediction.contracts.ts"
"UNKNOWN","\intelligence\predictive-intelligence-core-v1\contracts\predictive.contracts.ts"
"UNKNOWN","\intelligence\predictive-intelligence-core-v1\models\prediction.model.ts"
"UNKNOWN","\intelligence\predictive-intelligence-core-v1\models\predictive.model.ts"
"UNKNOWN","\intelligence\predictive-intelligence-core-v1\prediction\processor.ts"
"GENERATED_OR_BACKUP","\intelligence\predictive-intelligence-core-v1\prediction\processor.ts.backup-20260907-022223"
"UNKNOWN","\intelligence\predictive-intelligence-core-v1\runtime\controller.ts"
"GENERATED_OR_BACKUP","\intelligence\predictive-intelligence-core-v1\runtime\controller.ts.backup-20260907-022223"
"UNKNOWN","\intelligence\predictive-intelligence-core-v1\types\prediction.types.ts"
"UNKNOWN","\intelligence\predictive-intelligence-core-v1\types\predictive.types.ts"
"UNKNOWN","\intelligence\predictive-intelligence-platform-v1\index.ts"
"UNKNOWN","\intelligence\predictive-intelligence-platform-v1\contracts\predictive.contracts.ts"
"UNKNOWN","\intelligence\predictive-intelligence-platform-v1\models\predictive.model.ts"
"UNKNOWN","\intelligence\predictive-intelligence-platform-v1\prediction\processor.ts"
"UNKNOWN","\intelligence\predictive-intelligence-platform-v1\runtime\controller.ts"
"UNKNOWN","\intelligence\predictive-intelligence-platform-v1\types\predictive.types.ts"
"UNKNOWN","\intelligence\predictive-intelligence-registry-v1\index.ts"
"GENERATED_OR_BACKUP","\intelligence\predictive-intelligence-registry-v1\index.ts.backup-20260907-022223"
"UNKNOWN","\intelligence\predictive-runtime-controller-v1\index.ts"
"UNKNOWN","\intelligence\predictive-runtime-controller-v1\contracts\prediction.contracts.ts"
"UNKNOWN","\intelligence\predictive-runtime-controller-v1\models\prediction.model.ts"
"UNKNOWN","\intelligence\predictive-runtime-controller-v1\prediction\processor.ts"
"UNKNOWN","\intelligence\predictive-runtime-controller-v1\runtime\controller.ts"
"UNKNOWN","\intelligence\predictive-runtime-controller-v1\types\prediction.types.ts"
"UNKNOWN","\intelligence\predictive-runtime-engine-v1\index.ts"
"UNKNOWN","\intelligence\predictive-runtime-engine-v1\contracts\predictive.contracts.ts"
"UNKNOWN","\intelligence\predictive-runtime-engine-v1\models\predictive.model.ts"
"UNKNOWN","\intelligence\predictive-runtime-engine-v1\prediction\processor.ts"
"UNKNOWN","\intelligence\predictive-runtime-engine-v1\runtime\controller.ts"
"UNKNOWN","\intelligence\predictive-runtime-engine-v1\types\predictive.types.ts"
"UNKNOWN","\intelligence\predictive-runtime-v1\index.ts"
"UNKNOWN","\intelligence\predictive-runtime-v1\contracts\prediction.contracts.ts"
"UNKNOWN","\intelligence\predictive-runtime-v1\models\prediction.model.ts"
"UNKNOWN","\intelligence\predictive-runtime-v1\prediction\processor.ts"
"UNKNOWN","\intelligence\predictive-runtime-v1\runtime\controller.ts"
"UNKNOWN","\intelligence\predictive-runtime-v1\types\prediction.types.ts"
"UNKNOWN","\intelligence\priority-arbitration-engine-v1\index.ts"
"UNKNOWN","\intelligence\priority-arbitration-engine-v1\contracts\coordination.contracts.ts"
"UNKNOWN","\intelligence\priority-arbitration-engine-v1\coordination\processor.ts"
"UNKNOWN","\intelligence\priority-arbitration-engine-v1\models\coordination.model.ts"
"UNKNOWN","\intelligence\priority-arbitration-engine-v1\routing\router.ts"
"UNKNOWN","\intelligence\priority-arbitration-engine-v1\types\coordination.types.ts"
"UNKNOWN","\intelligence\priority-management-engine-v1\index.ts"
"GENERATED_OR_BACKUP","\intelligence\priority-management-engine-v1\index.ts.backup-20260907-003152"
"UNKNOWN","\intelligence\priority-management-engine-v1\contracts\coordination.contracts.ts"
"GENERATED_OR_BACKUP","\intelligence\priority-management-engine-v1\contracts\coordination.contracts.ts.backup-20260907-003152"
"UNKNOWN","\intelligence\priority-management-engine-v1\coordination\processor.ts"
"GENERATED_OR_BACKUP","\intelligence\priority-management-engine-v1\coordination\processor.ts.backup-20260907-003152"
"UNKNOWN","\intelligence\priority-management-engine-v1\models\coordination.model.ts"
"GENERATED_OR_BACKUP","\intelligence\priority-management-engine-v1\models\coordination.model.ts.backup-20260907-003152"
"UNKNOWN","\intelligence\priority-management-engine-v1\runtime\controller.ts"
"GENERATED_OR_BACKUP","\intelligence\priority-management-engine-v1\runtime\controller.ts.backup-20260907-003152"
"UNKNOWN","\intelligence\priority-management-engine-v1\types\coordination.types.ts"
"GENERATED_OR_BACKUP","\intelligence\priority-management-engine-v1\types\coordination.types.ts.backup-20260907-003152"
"UNKNOWN","\intelligence\product-decision-engine-v1\index.ts"
"UNKNOWN","\intelligence\product-decision-engine-v1\contracts\product.contracts.ts"
"UNKNOWN","\intelligence\product-decision-engine-v1\models\product.model.ts"
"UNKNOWN","\intelligence\product-decision-engine-v1\product\processor.ts"
"UNKNOWN","\intelligence\product-decision-engine-v1\runtime\controller.ts"
"UNKNOWN","\intelligence\product-decision-engine-v1\types\product.types.ts"
"UNKNOWN","\intelligence\product-intelligence-core-v1\index.ts"
"UNKNOWN","\intelligence\product-intelligence-core-v1\contracts\product.contracts.ts"
"UNKNOWN","\intelligence\product-intelligence-core-v1\models\product.model.ts"
"UNKNOWN","\intelligence\product-intelligence-core-v1\product\processor.ts"
"UNKNOWN","\intelligence\product-intelligence-core-v1\runtime\controller.ts"
"UNKNOWN","\intelligence\product-intelligence-core-v1\types\product.types.ts"
"UNKNOWN","\intelligence\product-intelligence-platform-registry-v1\index.ts"
"UNKNOWN","\intelligence\product-intelligence-runtime-v1\index.ts"
"UNKNOWN","\intelligence\product-intelligence-runtime-v1\contracts\product.contracts.ts"
"UNKNOWN","\intelligence\product-intelligence-runtime-v1\models\product.model.ts"
"UNKNOWN","\intelligence\product-intelligence-runtime-v1\product\processor.ts"
"UNKNOWN","\intelligence\product-intelligence-runtime-v1\runtime\controller.ts"
"UNKNOWN","\intelligence\product-intelligence-runtime-v1\types\product.types.ts"
"UNKNOWN","\intelligence\production-security-core-v1\index.ts"
"UNKNOWN","\intelligence\production-security-core-v1\contracts\security.contracts.ts"
"UNKNOWN","\intelligence\production-security-core-v1\models\security.model.ts"
"UNKNOWN","\intelligence\production-security-core-v1\runtime\controller.ts"
"UNKNOWN","\intelligence\production-security-core-v1\security\processor.ts"
"UNKNOWN","\intelligence\production-security-core-v1\types\security.types.ts"
"UNKNOWN","\intelligence\production-security-registry-v1\index.ts"
"UNKNOWN","\intelligence\project-collaboration-engine-v1\index.ts"
"UNKNOWN","\intelligence\project-collaboration-engine-v1\collaboration\processor.ts"
"UNKNOWN","\intelligence\project-collaboration-engine-v1\contracts\collaboration.contracts.ts"
"UNKNOWN","\intelligence\project-collaboration-engine-v1\models\collaboration.model.ts"
"UNKNOWN","\intelligence\project-collaboration-engine-v1\runtime\controller.ts"
"UNKNOWN","\intelligence\project-collaboration-engine-v1\types\collaboration.types.ts"
"UNKNOWN","\intelligence\prompt-intelligence-engine-v1\index.ts"
"UNKNOWN","\intelligence\prompt-intelligence-engine-v1\ai\processor.ts"
"UNKNOWN","\intelligence\prompt-intelligence-engine-v1\contracts\ai.contracts.ts"
"UNKNOWN","\intelligence\prompt-intelligence-engine-v1\models\ai.model.ts"
"UNKNOWN","\intelligence\prompt-intelligence-engine-v1\runtime\controller.ts"
"UNKNOWN","\intelligence\prompt-intelligence-engine-v1\types\ai.types.ts"
"UNKNOWN","\intelligence\property-agent-network-v1\index.ts"
"UNKNOWN","\intelligence\property-agent-network-v1\contracts\network.contracts.ts"
"UNKNOWN","\intelligence\property-agent-network-v1\models\network.model.ts"
"UNKNOWN","\intelligence\property-agent-network-v1\network\processor.ts"
"UNKNOWN","\intelligence\property-agent-network-v1\runtime\controller.ts"
"UNKNOWN","\intelligence\property-agent-network-v1\types\network.types.ts"
"UNKNOWN","\intelligence\property-intelligence-engine-v1\index.ts"
"GENERATED_OR_BACKUP","\intelligence\property-intelligence-engine-v1\index.ts.backup-20260907-021747"
"GENERATED_OR_BACKUP","\intelligence\property-intelligence-engine-v1\index.ts.backup-20260907-021855"
"UNKNOWN","\intelligence\property-intelligence-engine-v1\contracts\realestate.contracts.ts"
"GENERATED_OR_BACKUP","\intelligence\property-intelligence-engine-v1\contracts\realestate.contracts.ts.backup-20260907-021746"
"GENERATED_OR_BACKUP","\intelligence\property-intelligence-engine-v1\contracts\realestate.contracts.ts.backup-20260907-021855"
"UNKNOWN","\intelligence\property-intelligence-engine-v1\models\realestate.model.ts"
"GENERATED_OR_BACKUP","\intelligence\property-intelligence-engine-v1\models\realestate.model.ts.backup-20260907-021746"
"GENERATED_OR_BACKUP","\intelligence\property-intelligence-engine-v1\models\realestate.model.ts.backup-20260907-021855"
"UNKNOWN","\intelligence\property-intelligence-engine-v1\property\processor.ts"
"GENERATED_OR_BACKUP","\intelligence\property-intelligence-engine-v1\property\processor.ts.backup-20260907-021855"
"UNKNOWN","\intelligence\property-intelligence-engine-v1\real-estate\processor.ts"
"UNKNOWN","\intelligence\property-intelligence-engine-v1\runtime\controller.ts"
"GENERATED_OR_BACKUP","\intelligence\property-intelligence-engine-v1\runtime\controller.ts.backup-20260907-021747"
"GENERATED_OR_BACKUP","\intelligence\property-intelligence-engine-v1\runtime\controller.ts.backup-20260907-021855"
"UNKNOWN","\intelligence\property-intelligence-engine-v1\types\realestate.types.ts"
"GENERATED_OR_BACKUP","\intelligence\property-intelligence-engine-v1\types\realestate.types.ts.backup-20260907-021747"
"GENERATED_OR_BACKUP","\intelligence\property-intelligence-engine-v1\types\realestate.types.ts.backup-20260907-021855"
"UNKNOWN","\intelligence\property-intelligence-graph-v1\index.ts"
"UNKNOWN","\intelligence\property-intelligence-graph-v1\contracts\realestate.contracts.ts"
"UNKNOWN","\intelligence\property-intelligence-graph-v1\models\realestate.model.ts"
"UNKNOWN","\intelligence\property-intelligence-graph-v1\real-estate\processor.ts"
"UNKNOWN","\intelligence\property-intelligence-graph-v1\runtime\controller.ts"
"UNKNOWN","\intelligence\property-intelligence-graph-v1\types\realestate.types.ts"
"UNKNOWN","\intelligence\property-relationship-analyzer-v1\index.ts"
"UNKNOWN","\intelligence\property-relationship-analyzer-v1\contracts\realestate.contracts.ts"
"UNKNOWN","\intelligence\property-relationship-analyzer-v1\models\realestate.model.ts"
"UNKNOWN","\intelligence\property-relationship-analyzer-v1\real-estate\processor.ts"
"UNKNOWN","\intelligence\property-relationship-analyzer-v1\runtime\controller.ts"
"UNKNOWN","\intelligence\property-relationship-analyzer-v1\types\realestate.types.ts"
"UNKNOWN","\intelligence\protocol-evaluation-engine-v1\index.ts"
"UNKNOWN","\intelligence\protocol-evaluation-engine-v1\contracts\protocol.contracts.ts"
"UNKNOWN","\intelligence\protocol-evaluation-engine-v1\models\protocol.model.ts"
"UNKNOWN","\intelligence\protocol-evaluation-engine-v1\protocol\processor.ts"
"UNKNOWN","\intelligence\protocol-evaluation-engine-v1\runtime\controller.ts"
"UNKNOWN","\intelligence\protocol-evaluation-engine-v1\types\protocol.types.ts"
"UNKNOWN","\intelligence\protocol-intelligence-engine-v1\index.ts"
"UNKNOWN","\intelligence\protocol-intelligence-engine-v1\contracts\protocol.contracts.ts"
"UNKNOWN","\intelligence\protocol-intelligence-engine-v1\models\protocol.model.ts"
"UNKNOWN","\intelligence\protocol-intelligence-engine-v1\protocol\processor.ts"
"UNKNOWN","\intelligence\protocol-intelligence-engine-v1\runtime\controller.ts"
"UNKNOWN","\intelligence\protocol-intelligence-engine-v1\types\protocol.types.ts"
"UNKNOWN","\intelligence\protocol-optimization-engine-v1\index.ts"
"UNKNOWN","\intelligence\protocol-optimization-engine-v1\contracts\protocol.contracts.ts"
"UNKNOWN","\intelligence\protocol-optimization-engine-v1\models\protocol.model.ts"
"UNKNOWN","\intelligence\protocol-optimization-engine-v1\protocol\processor.ts"
"UNKNOWN","\intelligence\protocol-optimization-engine-v1\runtime\controller.ts"
"UNKNOWN","\intelligence\protocol-optimization-engine-v1\types\protocol.types.ts"
"UNKNOWN","\intelligence\provider-intelligence-manager-v1\index.ts"
"UNKNOWN","\intelligence\provider-intelligence-manager-v1\contracts\marketplace.contracts.ts"
"UNKNOWN","\intelligence\provider-intelligence-manager-v1\marketplace\processor.ts"
"UNKNOWN","\intelligence\provider-intelligence-manager-v1\models\marketplace.model.ts"
"UNKNOWN","\intelligence\provider-intelligence-manager-v1\runtime\controller.ts"
"UNKNOWN","\intelligence\provider-intelligence-manager-v1\types\marketplace.types.ts"
"UNKNOWN","\intelligence\quality-assessment-engine-v1\index.ts"
"UNKNOWN","\intelligence\quality-assessment-engine-v1\contracts\validation.contracts.ts"
"UNKNOWN","\intelligence\quality-assessment-engine-v1\models\validation.model.ts"
"UNKNOWN","\intelligence\quality-assessment-engine-v1\runtime\controller.ts"
"UNKNOWN","\intelligence\quality-assessment-engine-v1\types\validation.types.ts"
"UNKNOWN","\intelligence\quality-assessment-engine-v1\validation\processor.ts"
"UNKNOWN","\intelligence\quantum-future-intelligence-core-v1\index.ts"
"UNKNOWN","\intelligence\quantum-future-intelligence-core-v1\contracts\quantum.contracts.ts"
"UNKNOWN","\intelligence\quantum-future-intelligence-core-v1\models\quantum.model.ts"
"UNKNOWN","\intelligence\quantum-future-intelligence-core-v1\quantum\processor.ts"
"UNKNOWN","\intelligence\quantum-future-intelligence-core-v1\runtime\controller.ts"
"UNKNOWN","\intelligence\quantum-future-intelligence-core-v1\types\quantum.types.ts"
"UNKNOWN","\intelligence\quantum-future-intelligence-registry-v1\index.ts"
"UNKNOWN","\intelligence\quantum-future-runtime-v1\index.ts"
"UNKNOWN","\intelligence\quantum-future-runtime-v1\contracts\quantum.contracts.ts"
"UNKNOWN","\intelligence\quantum-future-runtime-v1\models\quantum.model.ts"
"UNKNOWN","\intelligence\quantum-future-runtime-v1\quantum\processor.ts"
"UNKNOWN","\intelligence\quantum-future-runtime-v1\runtime\controller.ts"
"UNKNOWN","\intelligence\quantum-future-runtime-v1\types\quantum.types.ts"
"UNKNOWN","\intelligence\quantum-knowledge-representation-v1\index.ts"
"UNKNOWN","\intelligence\quantum-knowledge-representation-v1\contracts\quantum.contracts.ts"
"UNKNOWN","\intelligence\quantum-knowledge-representation-v1\models\quantum.model.ts"
"UNKNOWN","\intelligence\quantum-knowledge-representation-v1\quantum\processor.ts"
"UNKNOWN","\intelligence\quantum-knowledge-representation-v1\runtime\controller.ts"
"UNKNOWN","\intelligence\quantum-knowledge-representation-v1\types\quantum.types.ts"
"UNKNOWN","\intelligence\quantum-simulation-intelligence-v1\index.ts"
"UNKNOWN","\intelligence\quantum-simulation-intelligence-v1\contracts\quantum.contracts.ts"
"UNKNOWN","\intelligence\quantum-simulation-intelligence-v1\models\quantum.model.ts"
"UNKNOWN","\intelligence\quantum-simulation-intelligence-v1\quantum\processor.ts"
"UNKNOWN","\intelligence\quantum-simulation-intelligence-v1\runtime\controller.ts"
"UNKNOWN","\intelligence\quantum-simulation-intelligence-v1\types\quantum.types.ts"
"UNKNOWN","\intelligence\real-estate-data-network-v1\index.ts"
"UNKNOWN","\intelligence\real-estate-data-network-v1\contracts\realestate.contracts.ts"
"UNKNOWN","\intelligence\real-estate-data-network-v1\models\realestate.model.ts"
"UNKNOWN","\intelligence\real-estate-data-network-v1\real-estate\processor.ts"
"UNKNOWN","\intelligence\real-estate-data-network-v1\runtime\controller.ts"
"UNKNOWN","\intelligence\real-estate-data-network-v1\types\realestate.types.ts"
"UNKNOWN","\intelligence\real-estate-decision-engine-v1\index.ts"
"UNKNOWN","\intelligence\real-estate-decision-engine-v1\contracts\realestate.contracts.ts"
"UNKNOWN","\intelligence\real-estate-decision-engine-v1\models\realestate.model.ts"
"UNKNOWN","\intelligence\real-estate-decision-engine-v1\real-estate\processor.ts"
"UNKNOWN","\intelligence\real-estate-decision-engine-v1\runtime\controller.ts"
"UNKNOWN","\intelligence\real-estate-decision-engine-v1\types\realestate.types.ts"
"UNKNOWN","\intelligence\real-estate-intelligence-connector-v1\index.ts"
"UNKNOWN","\intelligence\real-estate-intelligence-connector-v1\contracts\integration.contracts.ts"
"UNKNOWN","\intelligence\real-estate-intelligence-connector-v1\integration\processor.ts"
"UNKNOWN","\intelligence\real-estate-intelligence-connector-v1\models\integration.model.ts"
"UNKNOWN","\intelligence\real-estate-intelligence-connector-v1\runtime\controller.ts"
"UNKNOWN","\intelligence\real-estate-intelligence-connector-v1\types\integration.types.ts"
"UNKNOWN","\intelligence\real-estate-intelligence-core-v1\index.ts"
"GENERATED_OR_BACKUP","\intelligence\real-estate-intelligence-core-v1\index.ts.backup-20260907-021747"
"GENERATED_OR_BACKUP","\intelligence\real-estate-intelligence-core-v1\index.ts.backup-20260907-021855"
"UNKNOWN","\intelligence\real-estate-intelligence-core-v1\contracts\realestate.contracts.ts"
"GENERATED_OR_BACKUP","\intelligence\real-estate-intelligence-core-v1\contracts\realestate.contracts.ts.backup-20260907-021746"
"GENERATED_OR_BACKUP","\intelligence\real-estate-intelligence-core-v1\contracts\realestate.contracts.ts.backup-20260907-021855"
"UNKNOWN","\intelligence\real-estate-intelligence-core-v1\models\realestate.model.ts"
"GENERATED_OR_BACKUP","\intelligence\real-estate-intelligence-core-v1\models\realestate.model.ts.backup-20260907-021746"
"GENERATED_OR_BACKUP","\intelligence\real-estate-intelligence-core-v1\models\realestate.model.ts.backup-20260907-021855"
"UNKNOWN","\intelligence\real-estate-intelligence-core-v1\property\processor.ts"
"GENERATED_OR_BACKUP","\intelligence\real-estate-intelligence-core-v1\property\processor.ts.backup-20260907-021855"
"UNKNOWN","\intelligence\real-estate-intelligence-core-v1\real-estate\processor.ts"
"UNKNOWN","\intelligence\real-estate-intelligence-core-v1\runtime\controller.ts"
"GENERATED_OR_BACKUP","\intelligence\real-estate-intelligence-core-v1\runtime\controller.ts.backup-20260907-021747"
"GENERATED_OR_BACKUP","\intelligence\real-estate-intelligence-core-v1\runtime\controller.ts.backup-20260907-021855"
"UNKNOWN","\intelligence\real-estate-intelligence-core-v1\types\realestate.types.ts"
"GENERATED_OR_BACKUP","\intelligence\real-estate-intelligence-core-v1\types\realestate.types.ts.backup-20260907-021747"
"GENERATED_OR_BACKUP","\intelligence\real-estate-intelligence-core-v1\types\realestate.types.ts.backup-20260907-021855"
"UNKNOWN","\intelligence\real-estate-intelligence-ecosystem-registry-v1\index.ts"
"UNKNOWN","\intelligence\real-estate-intelligence-layer-v1\index.ts"
"UNKNOWN","\intelligence\real-estate-intelligence-layer-v1\contracts\builtenvironment.contracts.ts"
"UNKNOWN","\intelligence\real-estate-intelligence-layer-v1\intelligence\processor.ts"
"UNKNOWN","\intelligence\real-estate-intelligence-layer-v1\models\builtenvironment.model.ts"
"UNKNOWN","\intelligence\real-estate-intelligence-layer-v1\runtime\controller.ts"
"UNKNOWN","\intelligence\real-estate-intelligence-layer-v1\types\builtenvironment.types.ts"
"UNKNOWN","\intelligence\real-estate-intelligence-registry-v1\index.ts"
"GENERATED_OR_BACKUP","\intelligence\real-estate-intelligence-registry-v1\index.ts.backup-20260907-021856"
"UNKNOWN","\intelligence\real-estate-intelligence-runtime-v1\index.ts"
"UNKNOWN","\intelligence\real-estate-intelligence-runtime-v1\contracts\realestate.contracts.ts"
"UNKNOWN","\intelligence\real-estate-intelligence-runtime-v1\models\realestate.model.ts"
"UNKNOWN","\intelligence\real-estate-intelligence-runtime-v1\real-estate\processor.ts"
"UNKNOWN","\intelligence\real-estate-intelligence-runtime-v1\runtime\controller.ts"
"UNKNOWN","\intelligence\real-estate-intelligence-runtime-v1\types\realestate.types.ts"
"UNKNOWN","\intelligence\real-estate-memory-intelligence-engine-v2\index.ts"
"UNKNOWN","\intelligence\real-estate-memory-intelligence-engine-v2\contracts\index.ts"
"UNKNOWN","\intelligence\real-estate-memory-intelligence-engine-v2\contracts\memory-intelligence.types.ts"
"UNKNOWN","\intelligence\real-estate-memory-intelligence-engine-v2\engine\index.ts"
"UNKNOWN","\intelligence\real-estate-memory-intelligence-engine-v2\engine\processor.ts"
"UNKNOWN","\intelligence\real-estate-memory-intelligence-engine-v2\models\index.ts"
"UNKNOWN","\intelligence\real-estate-memory-intelligence-engine-v2\models\memory.model.ts"
"UNKNOWN","\intelligence\real-estate-memory-intelligence-engine-v2\types\index.ts"
"UNKNOWN","\intelligence\real-estate-runtime-orchestrator-v1\index.ts"
"GENERATED_OR_BACKUP","\intelligence\real-estate-runtime-orchestrator-v1\index.ts.backup-20260907-021856"
"UNKNOWN","\intelligence\real-estate-runtime-orchestrator-v1\contracts\realestate.contracts.ts"
"GENERATED_OR_BACKUP","\intelligence\real-estate-runtime-orchestrator-v1\contracts\realestate.contracts.ts.backup-20260907-021855"
"UNKNOWN","\intelligence\real-estate-runtime-orchestrator-v1\models\realestate.model.ts"
"GENERATED_OR_BACKUP","\intelligence\real-estate-runtime-orchestrator-v1\models\realestate.model.ts.backup-20260907-021855"
"UNKNOWN","\intelligence\real-estate-runtime-orchestrator-v1\property\processor.ts"
"GENERATED_OR_BACKUP","\intelligence\real-estate-runtime-orchestrator-v1\property\processor.ts.backup-20260907-021855"
"UNKNOWN","\intelligence\real-estate-runtime-orchestrator-v1\runtime\controller.ts"
"GENERATED_OR_BACKUP","\intelligence\real-estate-runtime-orchestrator-v1\runtime\controller.ts.backup-20260907-021855"
"UNKNOWN","\intelligence\real-estate-runtime-orchestrator-v1\types\realestate.types.ts"
"GENERATED_OR_BACKUP","\intelligence\real-estate-runtime-orchestrator-v1\types\realestate.types.ts.backup-20260907-021855"
"UNKNOWN","\intelligence\real-world-integration-core-v1\index.ts"
"UNKNOWN","\intelligence\real-world-integration-core-v1\contracts\integration.contracts.ts"
"UNKNOWN","\intelligence\real-world-integration-core-v1\integration\processor.ts"
"UNKNOWN","\intelligence\real-world-integration-core-v1\models\integration.model.ts"
"UNKNOWN","\intelligence\real-world-integration-core-v1\runtime\controller.ts"
"UNKNOWN","\intelligence\real-world-integration-core-v1\types\integration.types.ts"
"UNKNOWN","\intelligence\real-world-integration-registry-v1\index.ts"
"UNKNOWN","\intelligence\reasoning-analysis-engine-v1\index.ts"
"UNKNOWN","\intelligence\reasoning-analysis-engine-v1\contracts\reasoning.contracts.ts"
"UNKNOWN","\intelligence\reasoning-analysis-engine-v1\models\reasoning.model.ts"
"UNKNOWN","\intelligence\reasoning-analysis-engine-v1\reasoning\processor.ts"
"UNKNOWN","\intelligence\reasoning-analysis-engine-v1\runtime\controller.ts"
"UNKNOWN","\intelligence\reasoning-analysis-engine-v1\types\reasoning.types.ts"
"UNKNOWN","\intelligence\reasoning-coordination-engine-v1\index.ts"
"UNKNOWN","\intelligence\reasoning-coordination-engine-v1\contracts\reasoning.contracts.ts"
"UNKNOWN","\intelligence\reasoning-coordination-engine-v1\models\reasoning.model.ts"
"UNKNOWN","\intelligence\reasoning-coordination-engine-v1\reasoning\processor.ts"
"UNKNOWN","\intelligence\reasoning-coordination-engine-v1\runtime\controller.ts"
"UNKNOWN","\intelligence\reasoning-coordination-engine-v1\types\reasoning.types.ts"
"UNKNOWN","\intelligence\reasoning-coordination-runtime-v1\index.ts"
"UNKNOWN","\intelligence\reasoning-coordination-runtime-v1\contracts\reasoning.contracts.ts"
"UNKNOWN","\intelligence\reasoning-coordination-runtime-v1\models\reasoning.model.ts"
"UNKNOWN","\intelligence\reasoning-coordination-runtime-v1\reasoning\processor.ts"
"UNKNOWN","\intelligence\reasoning-coordination-runtime-v1\runtime\controller.ts"
"UNKNOWN","\intelligence\reasoning-coordination-runtime-v1\types\reasoning.types.ts"
"UNKNOWN","\intelligence\reasoning-engine-v1\index.ts"
"UNKNOWN","\intelligence\reasoning-engine-v1\contracts\reasoning.contracts.ts"
"UNKNOWN","\intelligence\reasoning-engine-v1\engine\processor.ts"
"UNKNOWN","\intelligence\reasoning-engine-v1\models\domain.model.ts"
"UNKNOWN","\intelligence\reasoning-engine-v1\types\reasoning.types.ts"
"UNKNOWN","\intelligence\reasoning-evaluation-engine-v1\index.ts"
"GENERATED_OR_BACKUP","\intelligence\reasoning-evaluation-engine-v1\index.ts.backup-20260907-003241"
"UNKNOWN","\intelligence\reasoning-evaluation-engine-v1\contracts\meta.contracts.ts"
"UNKNOWN","\intelligence\reasoning-evaluation-engine-v1\contracts\reasoning.contracts.ts"
"UNKNOWN","\intelligence\reasoning-evaluation-engine-v1\models\meta.model.ts"
"UNKNOWN","\intelligence\reasoning-evaluation-engine-v1\models\reasoning.model.ts"
"UNKNOWN","\intelligence\reasoning-evaluation-engine-v1\reasoning\processor.ts"
"GENERATED_OR_BACKUP","\intelligence\reasoning-evaluation-engine-v1\reasoning\processor.ts.backup-20260907-003241"
"UNKNOWN","\intelligence\reasoning-evaluation-engine-v1\runtime\controller.ts"
"GENERATED_OR_BACKUP","\intelligence\reasoning-evaluation-engine-v1\runtime\controller.ts.backup-20260907-003241"
"UNKNOWN","\intelligence\reasoning-evaluation-engine-v1\types\meta.types.ts"
"UNKNOWN","\intelligence\reasoning-evaluation-engine-v1\types\reasoning.types.ts"
"UNKNOWN","\intelligence\reasoning-intelligence-engine-v1\index.ts"
"GENERATED_OR_BACKUP","\intelligence\reasoning-intelligence-engine-v1\index.ts.backup-20260907-010415"
"UNKNOWN","\intelligence\reasoning-intelligence-engine-v1\contracts\decision.contracts.ts"
"UNKNOWN","\intelligence\reasoning-intelligence-engine-v1\contracts\reasoning.contracts.ts"
"UNKNOWN","\intelligence\reasoning-intelligence-engine-v1\decision\processor.ts"
"UNKNOWN","\intelligence\reasoning-intelligence-engine-v1\models\decision.model.ts"
"UNKNOWN","\intelligence\reasoning-intelligence-engine-v1\models\reasoning.model.ts"
"UNKNOWN","\intelligence\reasoning-intelligence-engine-v1\reasoning\processor.ts"
"UNKNOWN","\intelligence\reasoning-intelligence-engine-v1\runtime\controller.ts"
"GENERATED_OR_BACKUP","\intelligence\reasoning-intelligence-engine-v1\runtime\controller.ts.backup-20260907-010415"
"UNKNOWN","\intelligence\reasoning-intelligence-engine-v1\types\decision.types.ts"
"UNKNOWN","\intelligence\reasoning-intelligence-engine-v1\types\reasoning.types.ts"
"UNKNOWN","\intelligence\reasoning-memory-integration-engine-v1\index.ts"
"UNKNOWN","\intelligence\reasoning-memory-integration-engine-v1\contracts\reasoning.contracts.ts"
"UNKNOWN","\intelligence\reasoning-memory-integration-engine-v1\models\reasoning.model.ts"
"UNKNOWN","\intelligence\reasoning-memory-integration-engine-v1\reasoning\processor.ts"
"UNKNOWN","\intelligence\reasoning-memory-integration-engine-v1\runtime\controller.ts"
"UNKNOWN","\intelligence\reasoning-memory-integration-engine-v1\types\reasoning.types.ts"
"UNKNOWN","\intelligence\reasoning-observation-engine-v1\index.ts"
"UNKNOWN","\intelligence\reasoning-observation-engine-v1\cognition\processor.ts"
"UNKNOWN","\intelligence\reasoning-observation-engine-v1\contracts\cognitive.contracts.ts"
"UNKNOWN","\intelligence\reasoning-observation-engine-v1\models\cognitive.model.ts"
"UNKNOWN","\intelligence\reasoning-observation-engine-v1\runtime\controller.ts"
"UNKNOWN","\intelligence\reasoning-observation-engine-v1\types\cognitive.types.ts"
"UNKNOWN","\intelligence\reasoning-optimization-engine-v1\index.ts"
"UNKNOWN","\intelligence\reasoning-optimization-engine-v1\contracts\reasoning.contracts.ts"
"UNKNOWN","\intelligence\reasoning-optimization-engine-v1\models\reasoning.model.ts"
"UNKNOWN","\intelligence\reasoning-optimization-engine-v1\reasoning\processor.ts"
"UNKNOWN","\intelligence\reasoning-optimization-engine-v1\runtime\controller.ts"
"UNKNOWN","\intelligence\reasoning-optimization-engine-v1\types\reasoning.types.ts"
"UNKNOWN","\intelligence\reasoning-optimization-layer-v1\index.ts"
"UNKNOWN","\intelligence\reasoning-optimization-layer-v1\analysis\pattern.ts"
"UNKNOWN","\intelligence\reasoning-optimization-layer-v1\contracts\reasoning.contracts.ts"
"UNKNOWN","\intelligence\reasoning-optimization-layer-v1\models\reasoning.model.ts"
"UNKNOWN","\intelligence\reasoning-optimization-layer-v1\reasoning\processor.ts"
"UNKNOWN","\intelligence\reasoning-optimization-layer-v1\types\reasoning.types.ts"
"UNKNOWN","\intelligence\reasoning-pattern-intelligence-engine-v1\index.ts"
"UNKNOWN","\intelligence\reasoning-pattern-intelligence-engine-v1\contracts\reasoning.contracts.ts"
"UNKNOWN","\intelligence\reasoning-pattern-intelligence-engine-v1\models\reasoning.model.ts"
"UNKNOWN","\intelligence\reasoning-pattern-intelligence-engine-v1\reasoning\processor.ts"
"UNKNOWN","\intelligence\reasoning-pattern-intelligence-engine-v1\runtime\controller.ts"
"UNKNOWN","\intelligence\reasoning-pattern-intelligence-engine-v1\types\reasoning.types.ts"
"UNKNOWN","\intelligence\reasoning-pattern-learning-engine-v1\index.ts"
"UNKNOWN","\intelligence\reasoning-pattern-learning-engine-v1\contracts\meta-reasoning.contracts.ts"
"UNKNOWN","\intelligence\reasoning-pattern-learning-engine-v1\models\meta-reasoning.model.ts"
"UNKNOWN","\intelligence\reasoning-pattern-learning-engine-v1\reasoning\processor.ts"
"UNKNOWN","\intelligence\reasoning-pattern-learning-engine-v1\runtime\controller.ts"
"UNKNOWN","\intelligence\reasoning-pattern-learning-engine-v1\types\meta-reasoning.types.ts"
"UNKNOWN","\intelligence\reasoning-quality-analysis-engine-v1\index.ts"
"UNKNOWN","\intelligence\reasoning-quality-analysis-engine-v1\contracts\meta-reasoning.contracts.ts"
"UNKNOWN","\intelligence\reasoning-quality-analysis-engine-v1\models\meta-reasoning.model.ts"
"UNKNOWN","\intelligence\reasoning-quality-analysis-engine-v1\reasoning\processor.ts"
"UNKNOWN","\intelligence\reasoning-quality-analysis-engine-v1\runtime\controller.ts"
"UNKNOWN","\intelligence\reasoning-quality-analysis-engine-v1\types\meta-reasoning.types.ts"
"UNKNOWN","\intelligence\reasoning-strategy-optimization-engine-v1\index.ts"
"UNKNOWN","\intelligence\reasoning-strategy-optimization-engine-v1\contracts\meta-reasoning.contracts.ts"
"UNKNOWN","\intelligence\reasoning-strategy-optimization-engine-v1\models\meta-reasoning.model.ts"
"UNKNOWN","\intelligence\reasoning-strategy-optimization-engine-v1\reasoning\processor.ts"
"UNKNOWN","\intelligence\reasoning-strategy-optimization-engine-v1\runtime\controller.ts"
"UNKNOWN","\intelligence\reasoning-strategy-optimization-engine-v1\types\meta-reasoning.types.ts"
"UNKNOWN","\intelligence\reasoning-strategy-selector-v1\index.ts"
"UNKNOWN","\intelligence\reasoning-strategy-selector-v1\contracts\meta.contracts.ts"
"UNKNOWN","\intelligence\reasoning-strategy-selector-v1\models\meta.model.ts"
"UNKNOWN","\intelligence\reasoning-strategy-selector-v1\reasoning\processor.ts"
"UNKNOWN","\intelligence\reasoning-strategy-selector-v1\runtime\controller.ts"
"UNKNOWN","\intelligence\reasoning-strategy-selector-v1\types\meta.types.ts"
"UNKNOWN","\intelligence\recovery-optimization-engine-v1\index.ts"
"UNKNOWN","\intelligence\recovery-optimization-engine-v1\contracts\resilience.contracts.ts"
"UNKNOWN","\intelligence\recovery-optimization-engine-v1\models\resilience.model.ts"
"UNKNOWN","\intelligence\recovery-optimization-engine-v1\resilience\processor.ts"
"UNKNOWN","\intelligence\recovery-optimization-engine-v1\runtime\controller.ts"
"UNKNOWN","\intelligence\recovery-optimization-engine-v1\types\resilience.types.ts"
"UNKNOWN","\intelligence\recursive-evolution-analysis-engine-v1\index.ts"
"UNKNOWN","\intelligence\recursive-evolution-analysis-engine-v1\contracts\recursive-evolution.contracts.ts"
"UNKNOWN","\intelligence\recursive-evolution-analysis-engine-v1\models\recursive-evolution.model.ts"
"UNKNOWN","\intelligence\recursive-evolution-analysis-engine-v1\recursion\processor.ts"
"UNKNOWN","\intelligence\recursive-evolution-analysis-engine-v1\runtime\controller.ts"
"UNKNOWN","\intelligence\recursive-evolution-analysis-engine-v1\types\recursive-evolution.types.ts"
"UNKNOWN","\intelligence\recursive-evolution-platform-v1\index.ts"
"UNKNOWN","\intelligence\recursive-evolution-platform-v1\contracts\recursive-evolution.contracts.ts"
"UNKNOWN","\intelligence\recursive-evolution-platform-v1\models\recursive-evolution.model.ts"
"UNKNOWN","\intelligence\recursive-evolution-platform-v1\recursion\processor.ts"
"UNKNOWN","\intelligence\recursive-evolution-platform-v1\runtime\controller.ts"
"UNKNOWN","\intelligence\recursive-evolution-platform-v1\types\recursive-evolution.types.ts"
"UNKNOWN","\intelligence\recursive-evolution-registry-v1\index.ts"
"UNKNOWN","\intelligence\recursive-improvement-engine-v1\index.ts"
"UNKNOWN","\intelligence\recursive-improvement-engine-v1\contracts\recursive-evolution.contracts.ts"
"UNKNOWN","\intelligence\recursive-improvement-engine-v1\models\recursive-evolution.model.ts"
"UNKNOWN","\intelligence\recursive-improvement-engine-v1\recursion\processor.ts"
"UNKNOWN","\intelligence\recursive-improvement-engine-v1\runtime\controller.ts"
"UNKNOWN","\intelligence\recursive-improvement-engine-v1\types\recursive-evolution.types.ts"
"UNKNOWN","\intelligence\reflection-engine-v1\index.ts"
"UNKNOWN","\intelligence\reflection-engine-v1\contracts\reasoning.contracts.ts"
"UNKNOWN","\intelligence\reflection-engine-v1\engine\processor.ts"
"UNKNOWN","\intelligence\reflection-engine-v1\models\domain.model.ts"
"UNKNOWN","\intelligence\reflection-engine-v1\types\reasoning.types.ts"
"UNKNOWN","\intelligence\reflection-intelligence-engine-v1\index.ts"
"UNKNOWN","\intelligence\reflection-intelligence-engine-v1\contracts\reflection.contracts.ts"
"UNKNOWN","\intelligence\reflection-intelligence-engine-v1\models\reflection.model.ts"
"UNKNOWN","\intelligence\reflection-intelligence-engine-v1\reflection\processor.ts"
"UNKNOWN","\intelligence\reflection-intelligence-engine-v1\runtime\controller.ts"
"UNKNOWN","\intelligence\reflection-intelligence-engine-v1\types\reflection.types.ts"
"UNKNOWN","\intelligence\regional-deployment-engine-v1\index.ts"
"UNKNOWN","\intelligence\regional-deployment-engine-v1\contracts\deployment.contracts.ts"
"UNKNOWN","\intelligence\regional-deployment-engine-v1\deployment\processor.ts"
"UNKNOWN","\intelligence\regional-deployment-engine-v1\models\deployment.model.ts"
"UNKNOWN","\intelligence\regional-deployment-engine-v1\runtime\controller.ts"
"UNKNOWN","\intelligence\regional-deployment-engine-v1\types\deployment.types.ts"
"UNKNOWN","\intelligence\regional-intelligence-core-v1\index.ts"
"UNKNOWN","\intelligence\regional-intelligence-core-v1\contracts\regional.contracts.ts"
"UNKNOWN","\intelligence\regional-intelligence-core-v1\models\regional.model.ts"
"UNKNOWN","\intelligence\regional-intelligence-core-v1\regional\processor.ts"
"UNKNOWN","\intelligence\regional-intelligence-core-v1\runtime\controller.ts"
"UNKNOWN","\intelligence\regional-intelligence-core-v1\types\regional.types.ts"
"UNKNOWN","\intelligence\regional-intelligence-platform-v1\index.ts"
"UNKNOWN","\intelligence\regional-intelligence-platform-v1\contracts\regional.contracts.ts"
"UNKNOWN","\intelligence\regional-intelligence-platform-v1\models\regional.model.ts"
"UNKNOWN","\intelligence\regional-intelligence-platform-v1\regional\processor.ts"
"UNKNOWN","\intelligence\regional-intelligence-platform-v1\runtime\controller.ts"
"UNKNOWN","\intelligence\regional-intelligence-platform-v1\types\regional.types.ts"
"UNKNOWN","\intelligence\regional-intelligence-registry-v1\index.ts"
"UNKNOWN","\intelligence\regional-knowledge-context-engine-v1\index.ts"
"UNKNOWN","\intelligence\regional-knowledge-context-engine-v1\contracts\regional.contracts.ts"
"UNKNOWN","\intelligence\regional-knowledge-context-engine-v1\models\regional.model.ts"
"UNKNOWN","\intelligence\regional-knowledge-context-engine-v1\regional\processor.ts"
"UNKNOWN","\intelligence\regional-knowledge-context-engine-v1\runtime\controller.ts"
"UNKNOWN","\intelligence\regional-knowledge-context-engine-v1\types\regional.types.ts"
"UNKNOWN","\intelligence\regional-node-registry-v1\index.ts"
"UNKNOWN","\intelligence\regional-node-registry-v1\contracts\regional.contracts.ts"
"UNKNOWN","\intelligence\regional-node-registry-v1\models\regional.model.ts"
"UNKNOWN","\intelligence\regional-node-registry-v1\regional\processor.ts"
"UNKNOWN","\intelligence\regional-node-registry-v1\runtime\controller.ts"
"UNKNOWN","\intelligence\regional-node-registry-v1\types\regional.types.ts"
"UNKNOWN","\intelligence\regional-runtime-engine-v1\index.ts"
"UNKNOWN","\intelligence\regional-runtime-engine-v1\contracts\regional.contracts.ts"
"UNKNOWN","\intelligence\regional-runtime-engine-v1\models\regional.model.ts"
"UNKNOWN","\intelligence\regional-runtime-engine-v1\regional\processor.ts"
"UNKNOWN","\intelligence\regional-runtime-engine-v1\runtime\controller.ts"
"UNKNOWN","\intelligence\regional-runtime-engine-v1\types\regional.types.ts"
"UNKNOWN","\intelligence\regional-synchronization-engine-v1\index.ts"
"UNKNOWN","\intelligence\regional-synchronization-engine-v1\contracts\regional.contracts.ts"
"UNKNOWN","\intelligence\regional-synchronization-engine-v1\models\regional.model.ts"
"UNKNOWN","\intelligence\regional-synchronization-engine-v1\regional\processor.ts"
"UNKNOWN","\intelligence\regional-synchronization-engine-v1\runtime\controller.ts"
"UNKNOWN","\intelligence\regional-synchronization-engine-v1\types\regional.types.ts"
"UNKNOWN","\intelligence\regulation-decision-engine-v1\index.ts"
"UNKNOWN","\intelligence\regulation-decision-engine-v1\contracts\regulation.contracts.ts"
"UNKNOWN","\intelligence\regulation-decision-engine-v1\models\regulation.model.ts"
"UNKNOWN","\intelligence\regulation-decision-engine-v1\regulation\processor.ts"
"UNKNOWN","\intelligence\regulation-decision-engine-v1\runtime\controller.ts"
"UNKNOWN","\intelligence\regulation-decision-engine-v1\types\regulation.types.ts"
"UNKNOWN","\intelligence\reliability-validation-engine-v1\index.ts"
"UNKNOWN","\intelligence\reliability-validation-engine-v1\contracts\trust.contracts.ts"
"UNKNOWN","\intelligence\reliability-validation-engine-v1\models\trust.model.ts"
"UNKNOWN","\intelligence\reliability-validation-engine-v1\runtime\controller.ts"
"UNKNOWN","\intelligence\reliability-validation-engine-v1\trust\processor.ts"
"UNKNOWN","\intelligence\reliability-validation-engine-v1\types\trust.types.ts"
"UNKNOWN","\intelligence\research-analysis-engine-v1\index.ts"
"UNKNOWN","\intelligence\research-analysis-engine-v1\contracts\research.contracts.ts"
"UNKNOWN","\intelligence\research-analysis-engine-v1\models\research.model.ts"
"UNKNOWN","\intelligence\research-analysis-engine-v1\research\processor.ts"
"UNKNOWN","\intelligence\research-analysis-engine-v1\runtime\controller.ts"
"UNKNOWN","\intelligence\research-analysis-engine-v1\types\research.types.ts"
"UNKNOWN","\intelligence\research-context-management-engine-v1\index.ts"
"UNKNOWN","\intelligence\research-context-management-engine-v1\contracts\research.contracts.ts"
"UNKNOWN","\intelligence\research-context-management-engine-v1\models\research.model.ts"
"UNKNOWN","\intelligence\research-context-management-engine-v1\research\processor.ts"
"UNKNOWN","\intelligence\research-context-management-engine-v1\runtime\controller.ts"
"UNKNOWN","\intelligence\research-context-management-engine-v1\types\research.types.ts"
"UNKNOWN","\intelligence\research-discovery-engine-v1\index.ts"
"UNKNOWN","\intelligence\research-discovery-engine-v1\contracts\research.contracts.ts"
"UNKNOWN","\intelligence\research-discovery-engine-v1\models\research.model.ts"
"UNKNOWN","\intelligence\research-discovery-engine-v1\research\processor.ts"
"UNKNOWN","\intelligence\research-discovery-engine-v1\runtime\controller.ts"
"UNKNOWN","\intelligence\research-discovery-engine-v1\types\research.types.ts"
"UNKNOWN","\intelligence\research-intelligence-platform-v1\index.ts"
"UNKNOWN","\intelligence\research-intelligence-platform-v1\contracts\research.contracts.ts"
"UNKNOWN","\intelligence\research-intelligence-platform-v1\models\research.model.ts"
"UNKNOWN","\intelligence\research-intelligence-platform-v1\research\processor.ts"
"UNKNOWN","\intelligence\research-intelligence-platform-v1\runtime\controller.ts"
"UNKNOWN","\intelligence\research-intelligence-platform-v1\types\research.types.ts"
"UNKNOWN","\intelligence\research-intelligence-runtime-v1\index.ts"
"UNKNOWN","\intelligence\research-intelligence-runtime-v1\contracts\research.contracts.ts"
"UNKNOWN","\intelligence\research-intelligence-runtime-v1\models\research.model.ts"
"UNKNOWN","\intelligence\research-intelligence-runtime-v1\research\processor.ts"
"UNKNOWN","\intelligence\research-intelligence-runtime-v1\runtime\controller.ts"
"UNKNOWN","\intelligence\research-intelligence-runtime-v1\types\research.types.ts"
"UNKNOWN","\intelligence\research-runtime-engine-v1\index.ts"
"UNKNOWN","\intelligence\research-runtime-engine-v1\contracts\research.contracts.ts"
"UNKNOWN","\intelligence\research-runtime-engine-v1\models\research.model.ts"
"UNKNOWN","\intelligence\research-runtime-engine-v1\research\processor.ts"
"UNKNOWN","\intelligence\research-runtime-engine-v1\runtime\controller.ts"
"UNKNOWN","\intelligence\research-runtime-engine-v1\types\research.types.ts"
"UNKNOWN","\intelligence\resilience-evaluation-engine-v1\index.ts"
"UNKNOWN","\intelligence\resilience-evaluation-engine-v1\contracts\resilience.contracts.ts"
"UNKNOWN","\intelligence\resilience-evaluation-engine-v1\models\resilience.model.ts"
"UNKNOWN","\intelligence\resilience-evaluation-engine-v1\resilience\processor.ts"
"UNKNOWN","\intelligence\resilience-evaluation-engine-v1\runtime\controller.ts"
"UNKNOWN","\intelligence\resilience-evaluation-engine-v1\types\resilience.types.ts"
"UNKNOWN","\intelligence\resilience-intelligence-engine-v1\index.ts"
"UNKNOWN","\intelligence\resilience-intelligence-engine-v1\contracts\resilience.contracts.ts"
"UNKNOWN","\intelligence\resilience-intelligence-engine-v1\models\resilience.model.ts"
"UNKNOWN","\intelligence\resilience-intelligence-engine-v1\resilience\processor.ts"
"UNKNOWN","\intelligence\resilience-intelligence-engine-v1\runtime\controller.ts"
"UNKNOWN","\intelligence\resilience-intelligence-engine-v1\types\resilience.types.ts"
"UNKNOWN","\intelligence\resource-optimization-engine-v1\index.ts"
"GENERATED_OR_BACKUP","\intelligence\resource-optimization-engine-v1\index.ts.backup-20260907-010048"
"UNKNOWN","\intelligence\resource-optimization-engine-v1\contracts\optimization.contracts.ts"
"GENERATED_OR_BACKUP","\intelligence\resource-optimization-engine-v1\contracts\optimization.contracts.ts.backup-20260907-010047"
"UNKNOWN","\intelligence\resource-optimization-engine-v1\models\optimization.model.ts"
"GENERATED_OR_BACKUP","\intelligence\resource-optimization-engine-v1\models\optimization.model.ts.backup-20260907-010047"
"UNKNOWN","\intelligence\resource-optimization-engine-v1\optimization\processor.ts"
"GENERATED_OR_BACKUP","\intelligence\resource-optimization-engine-v1\optimization\processor.ts.backup-20260907-010048"
"UNKNOWN","\intelligence\resource-optimization-engine-v1\runtime\controller.ts"
"GENERATED_OR_BACKUP","\intelligence\resource-optimization-engine-v1\runtime\controller.ts.backup-20260907-010048"
"UNKNOWN","\intelligence\resource-optimization-engine-v1\types\optimization.types.ts"
"GENERATED_OR_BACKUP","\intelligence\resource-optimization-engine-v1\types\optimization.types.ts.backup-20260907-010048"
"UNKNOWN","\intelligence\resource-optimization-knowledge-layer-v1\index.ts"
"UNKNOWN","\intelligence\resource-optimization-knowledge-layer-v1\contracts\sustainability.contracts.ts"
"UNKNOWN","\intelligence\resource-optimization-knowledge-layer-v1\models\sustainability.model.ts"
"UNKNOWN","\intelligence\resource-optimization-knowledge-layer-v1\runtime\controller.ts"
"UNKNOWN","\intelligence\resource-optimization-knowledge-layer-v1\sustainability\processor.ts"
"UNKNOWN","\intelligence\resource-optimization-knowledge-layer-v1\types\sustainability.types.ts"
"UNKNOWN","\intelligence\resource-prioritization-engine-v1\index.ts"
"UNKNOWN","\intelligence\resource-prioritization-engine-v1\contracts\strategy.contracts.ts"
"UNKNOWN","\intelligence\resource-prioritization-engine-v1\models\strategy.model.ts"
"UNKNOWN","\intelligence\resource-prioritization-engine-v1\planning\processor.ts"
"UNKNOWN","\intelligence\resource-prioritization-engine-v1\runtime\controller.ts"
"UNKNOWN","\intelligence\resource-prioritization-engine-v1\types\strategy.types.ts"
"UNKNOWN","\intelligence\resource-strategy-planning-engine-v1\index.ts"
"UNKNOWN","\intelligence\resource-strategy-planning-engine-v1\contracts\planning.contracts.ts"
"UNKNOWN","\intelligence\resource-strategy-planning-engine-v1\models\planning.model.ts"
"UNKNOWN","\intelligence\resource-strategy-planning-engine-v1\planning\processor.ts"
"UNKNOWN","\intelligence\resource-strategy-planning-engine-v1\runtime\controller.ts"
"UNKNOWN","\intelligence\resource-strategy-planning-engine-v1\types\planning.types.ts"
"UNKNOWN","\intelligence\risk-prediction-engine-v1\index.ts"
"UNKNOWN","\intelligence\risk-prediction-engine-v1\contracts\prediction.contracts.ts"
"UNKNOWN","\intelligence\risk-prediction-engine-v1\models\prediction.model.ts"
"UNKNOWN","\intelligence\risk-prediction-engine-v1\prediction\processor.ts"
"UNKNOWN","\intelligence\risk-prediction-engine-v1\runtime\controller.ts"
"UNKNOWN","\intelligence\risk-prediction-engine-v1\types\prediction.types.ts"
"UNKNOWN","\intelligence\runtime-audit-engine-v1\index.ts"
"UNKNOWN","\intelligence\runtime-audit-engine-v1\audit\processor.ts"
"UNKNOWN","\intelligence\runtime-audit-engine-v1\contracts\audit.contracts.ts"
"UNKNOWN","\intelligence\runtime-audit-engine-v1\models\audit.model.ts"
"UNKNOWN","\intelligence\runtime-audit-engine-v1\runtime\controller.ts"
"UNKNOWN","\intelligence\runtime-audit-engine-v1\types\audit.types.ts"
"UNKNOWN","\intelligence\runtime-orchestration-engine-v1\index.ts"
"UNKNOWN","\intelligence\runtime-orchestration-engine-v1\contracts\runtime.contracts.ts"
"UNKNOWN","\intelligence\runtime-orchestration-engine-v1\execution\processor.ts"
"UNKNOWN","\intelligence\runtime-orchestration-engine-v1\models\runtime.model.ts"
"UNKNOWN","\intelligence\runtime-orchestration-engine-v1\runtime\controller.ts"
"UNKNOWN","\intelligence\runtime-orchestration-engine-v1\types\runtime.types.ts"
"UNKNOWN","\intelligence\runtime-performance-analyzer-v1\index.ts"
"UNKNOWN","\intelligence\runtime-performance-analyzer-v1\contracts\optimization.contracts.ts"
"UNKNOWN","\intelligence\runtime-performance-analyzer-v1\models\optimization.model.ts"
"UNKNOWN","\intelligence\runtime-performance-analyzer-v1\optimization\processor.ts"
"UNKNOWN","\intelligence\runtime-performance-analyzer-v1\runtime\controller.ts"
"UNKNOWN","\intelligence\runtime-performance-analyzer-v1\types\optimization.types.ts"
"UNKNOWN","\intelligence\runtime-readiness-checker-v1\index.ts"
"UNKNOWN","\intelligence\runtime-readiness-checker-v1\contracts\validation.contracts.ts"
"UNKNOWN","\intelligence\runtime-readiness-checker-v1\models\validation.model.ts"
"UNKNOWN","\intelligence\runtime-readiness-checker-v1\runtime\controller.ts"
"UNKNOWN","\intelligence\runtime-readiness-checker-v1\types\validation.types.ts"
"UNKNOWN","\intelligence\runtime-readiness-checker-v1\validation\processor.ts"
"UNKNOWN","\intelligence\runtime-resource-controller-v1\index.ts"
"UNKNOWN","\intelligence\runtime-resource-controller-v1\contracts\os.contracts.ts"
"UNKNOWN","\intelligence\runtime-resource-controller-v1\kernel\processor.ts"
"UNKNOWN","\intelligence\runtime-resource-controller-v1\models\os.model.ts"
"UNKNOWN","\intelligence\runtime-resource-controller-v1\runtime\controller.ts"
"UNKNOWN","\intelligence\runtime-resource-controller-v1\types\os.types.ts"
"UNKNOWN","\intelligence\runtime-state-management-engine-v1\index.ts"
"UNKNOWN","\intelligence\runtime-state-management-engine-v1\contracts\runtime.contracts.ts"
"UNKNOWN","\intelligence\runtime-state-management-engine-v1\execution\processor.ts"
"UNKNOWN","\intelligence\runtime-state-management-engine-v1\models\runtime.model.ts"
"UNKNOWN","\intelligence\runtime-state-management-engine-v1\runtime\controller.ts"
"UNKNOWN","\intelligence\runtime-state-management-engine-v1\types\runtime.types.ts"
"UNKNOWN","\intelligence\safety-control-framework-v1\index.ts"
"UNKNOWN","\intelligence\safety-control-framework-v1\contracts\governance.contracts.ts"
"UNKNOWN","\intelligence\safety-control-framework-v1\governance\processor.ts"
"UNKNOWN","\intelligence\safety-control-framework-v1\models\governance.model.ts"
"UNKNOWN","\intelligence\safety-control-framework-v1\runtime\controller.ts"
"UNKNOWN","\intelligence\safety-control-framework-v1\types\governance.types.ts"
"UNKNOWN","\intelligence\scenario-forecasting-engine-v1\index.ts"
"UNKNOWN","\intelligence\scenario-forecasting-engine-v1\contracts\prediction.contracts.ts"
"UNKNOWN","\intelligence\scenario-forecasting-engine-v1\models\prediction.model.ts"
"UNKNOWN","\intelligence\scenario-forecasting-engine-v1\prediction\processor.ts"
"UNKNOWN","\intelligence\scenario-forecasting-engine-v1\runtime\controller.ts"
"UNKNOWN","\intelligence\scenario-forecasting-engine-v1\types\prediction.types.ts"
"UNKNOWN","\intelligence\scenario-management-engine-v1\index.ts"
"UNKNOWN","\intelligence\scenario-management-engine-v1\contracts\simulation.contracts.ts"
"UNKNOWN","\intelligence\scenario-management-engine-v1\models\simulation.model.ts"
"UNKNOWN","\intelligence\scenario-management-engine-v1\runtime\controller.ts"
"UNKNOWN","\intelligence\scenario-management-engine-v1\simulation\processor.ts"
"UNKNOWN","\intelligence\scenario-management-engine-v1\types\simulation.types.ts"
"UNKNOWN","\intelligence\scenario-planning-intelligence-v1\index.ts"
"UNKNOWN","\intelligence\scenario-planning-intelligence-v1\contracts\planning.contracts.ts"
"UNKNOWN","\intelligence\scenario-planning-intelligence-v1\models\planning.model.ts"
"UNKNOWN","\intelligence\scenario-planning-intelligence-v1\planning\processor.ts"
"UNKNOWN","\intelligence\scenario-planning-intelligence-v1\simulation\engine.ts"
"UNKNOWN","\intelligence\scenario-planning-intelligence-v1\types\planning.types.ts"
"UNKNOWN","\intelligence\scenario-strategy-engine-v1\index.ts"
"UNKNOWN","\intelligence\scenario-strategy-engine-v1\contracts\strategy.contracts.ts"
"UNKNOWN","\intelligence\scenario-strategy-engine-v1\models\strategy.model.ts"
"UNKNOWN","\intelligence\scenario-strategy-engine-v1\planning\processor.ts"
"UNKNOWN","\intelligence\scenario-strategy-engine-v1\runtime\controller.ts"
"UNKNOWN","\intelligence\scenario-strategy-engine-v1\types\strategy.types.ts"
"UNKNOWN","\intelligence\scenario-strategy-planning-engine-v1\index.ts"
"UNKNOWN","\intelligence\scenario-strategy-planning-engine-v1\contracts\planning.contracts.ts"
"UNKNOWN","\intelligence\scenario-strategy-planning-engine-v1\models\planning.model.ts"
"UNKNOWN","\intelligence\scenario-strategy-planning-engine-v1\planning\processor.ts"
"UNKNOWN","\intelligence\scenario-strategy-planning-engine-v1\runtime\controller.ts"
"UNKNOWN","\intelligence\scenario-strategy-planning-engine-v1\types\planning.types.ts"
"UNKNOWN","\intelligence\security-audit-monitor-v1\index.ts"
"UNKNOWN","\intelligence\security-audit-monitor-v1\contracts\security.contracts.ts"
"UNKNOWN","\intelligence\security-audit-monitor-v1\models\security.model.ts"
"UNKNOWN","\intelligence\security-audit-monitor-v1\runtime\controller.ts"
"UNKNOWN","\intelligence\security-audit-monitor-v1\security\processor.ts"
"UNKNOWN","\intelligence\security-audit-monitor-v1\types\security.types.ts"
"UNKNOWN","\intelligence\security-policy-engine-v1\index.ts"
"UNKNOWN","\intelligence\security-policy-engine-v1\contracts\security.contracts.ts"
"UNKNOWN","\intelligence\security-policy-engine-v1\models\security.model.ts"
"UNKNOWN","\intelligence\security-policy-engine-v1\runtime\controller.ts"
"UNKNOWN","\intelligence\security-policy-engine-v1\security\processor.ts"
"UNKNOWN","\intelligence\security-policy-engine-v1\types\security.types.ts"
"UNKNOWN","\intelligence\security-runtime-manager-v1\index.ts"
"UNKNOWN","\intelligence\security-runtime-manager-v1\contracts\security.contracts.ts"
"UNKNOWN","\intelligence\security-runtime-manager-v1\models\security.model.ts"
"UNKNOWN","\intelligence\security-runtime-manager-v1\runtime\controller.ts"
"UNKNOWN","\intelligence\security-runtime-manager-v1\security\processor.ts"
"UNKNOWN","\intelligence\security-runtime-manager-v1\types\security.types.ts"
"UNKNOWN","\intelligence\security-runtime-v1\index.ts"
"UNKNOWN","\intelligence\security-runtime-v1\contracts\security.contracts.ts"
"UNKNOWN","\intelligence\security-runtime-v1\models\security.model.ts"
"UNKNOWN","\intelligence\security-runtime-v1\runtime\controller.ts"
"UNKNOWN","\intelligence\security-runtime-v1\security\processor.ts"
"UNKNOWN","\intelligence\security-runtime-v1\types\security.types.ts"
"UNKNOWN","\intelligence\security-trust-registry-v1\index.ts"
"UNKNOWN","\intelligence\self-analysis-engine-v1\index.ts"
"UNKNOWN","\intelligence\self-analysis-engine-v1\contracts\reflection.contracts.ts"
"UNKNOWN","\intelligence\self-analysis-engine-v1\models\reflection.model.ts"
"UNKNOWN","\intelligence\self-analysis-engine-v1\reflection\processor.ts"
"UNKNOWN","\intelligence\self-analysis-engine-v1\runtime\controller.ts"
"UNKNOWN","\intelligence\self-analysis-engine-v1\types\reflection.types.ts"
"UNKNOWN","\intelligence\self-awareness-engine-v1\index.ts"
"UNKNOWN","\intelligence\self-awareness-engine-v1\cognition\processor.ts"
"UNKNOWN","\intelligence\self-awareness-engine-v1\contracts\cognitive.contracts.ts"
"UNKNOWN","\intelligence\self-awareness-engine-v1\models\cognitive.model.ts"
"UNKNOWN","\intelligence\self-awareness-engine-v1\runtime\controller.ts"
"UNKNOWN","\intelligence\self-awareness-engine-v1\types\cognitive.types.ts"
"UNKNOWN","\intelligence\self-awareness-platform-v1\index.ts"
"UNKNOWN","\intelligence\self-awareness-platform-v1\awareness\processor.ts"
"UNKNOWN","\intelligence\self-awareness-platform-v1\contracts\awareness.contracts.ts"
"UNKNOWN","\intelligence\self-awareness-platform-v1\models\awareness.model.ts"
"UNKNOWN","\intelligence\self-awareness-platform-v1\runtime\controller.ts"
"UNKNOWN","\intelligence\self-awareness-platform-v1\types\awareness.types.ts"
"UNKNOWN","\intelligence\self-awareness-registry-v1\index.ts"
"UNKNOWN","\intelligence\self-awareness-runtime-engine-v1\index.ts"
"UNKNOWN","\intelligence\self-awareness-runtime-engine-v1\awareness\processor.ts"
"UNKNOWN","\intelligence\self-awareness-runtime-engine-v1\contracts\awareness.contracts.ts"
"UNKNOWN","\intelligence\self-awareness-runtime-engine-v1\models\awareness.model.ts"
"UNKNOWN","\intelligence\self-awareness-runtime-engine-v1\runtime\controller.ts"
"UNKNOWN","\intelligence\self-awareness-runtime-engine-v1\types\awareness.types.ts"
"UNKNOWN","\intelligence\self-control-engine-v1\index.ts"
"UNKNOWN","\intelligence\self-control-engine-v1\autonomy\processor.ts"
"UNKNOWN","\intelligence\self-control-engine-v1\contracts\autonomy.contracts.ts"
"UNKNOWN","\intelligence\self-control-engine-v1\models\autonomy.model.ts"
"UNKNOWN","\intelligence\self-control-engine-v1\runtime\controller.ts"
"UNKNOWN","\intelligence\self-control-engine-v1\types\autonomy.types.ts"
"UNKNOWN","\intelligence\self-correction-runtime-v1\index.ts"
"UNKNOWN","\intelligence\self-correction-runtime-v1\contracts\regulation.contracts.ts"
"UNKNOWN","\intelligence\self-correction-runtime-v1\models\regulation.model.ts"
"UNKNOWN","\intelligence\self-correction-runtime-v1\regulation\processor.ts"
"UNKNOWN","\intelligence\self-correction-runtime-v1\runtime\controller.ts"
"UNKNOWN","\intelligence\self-correction-runtime-v1\types\regulation.types.ts"
"UNKNOWN","\intelligence\self-evaluation-engine-v1\index.ts"
"UNKNOWN","\intelligence\self-evaluation-engine-v1\awareness\processor.ts"
"UNKNOWN","\intelligence\self-evaluation-engine-v1\contracts\awareness.contracts.ts"
"UNKNOWN","\intelligence\self-evaluation-engine-v1\models\awareness.model.ts"
"UNKNOWN","\intelligence\self-evaluation-engine-v1\runtime\controller.ts"
"UNKNOWN","\intelligence\self-evaluation-engine-v1\types\awareness.types.ts"
"UNKNOWN","\intelligence\self-evaluation-framework-v1\index.ts"
"UNKNOWN","\intelligence\self-evaluation-framework-v1\contracts\reasoning.contracts.ts"
"UNKNOWN","\intelligence\self-evaluation-framework-v1\engine\processor.ts"
"UNKNOWN","\intelligence\self-evaluation-framework-v1\models\domain.model.ts"
"UNKNOWN","\intelligence\self-evaluation-framework-v1\types\reasoning.types.ts"
"UNKNOWN","\intelligence\self-evolution-analysis-engine-v1\index.ts"
"UNKNOWN","\intelligence\self-evolution-analysis-engine-v1\contracts\evolution.contracts.ts"
"UNKNOWN","\intelligence\self-evolution-analysis-engine-v1\evolution\processor.ts"
"UNKNOWN","\intelligence\self-evolution-analysis-engine-v1\models\evolution.model.ts"
"UNKNOWN","\intelligence\self-evolution-analysis-engine-v1\runtime\controller.ts"
"UNKNOWN","\intelligence\self-evolution-analysis-engine-v1\types\evolution.types.ts"
"UNKNOWN","\intelligence\self-evolution-intelligence-core-v1\index.ts"
"UNKNOWN","\intelligence\self-evolution-intelligence-core-v1\contracts\evolution.contracts.ts"
"UNKNOWN","\intelligence\self-evolution-intelligence-core-v1\evolution\processor.ts"
"UNKNOWN","\intelligence\self-evolution-intelligence-core-v1\models\evolution.model.ts"
"UNKNOWN","\intelligence\self-evolution-intelligence-core-v1\runtime\controller.ts"
"UNKNOWN","\intelligence\self-evolution-intelligence-core-v1\types\evolution.types.ts"
"UNKNOWN","\intelligence\self-evolution-platform-v1\index.ts"
"GENERATED_OR_BACKUP","\intelligence\self-evolution-platform-v1\index.ts.backup-20260907-010530"
"UNKNOWN","\intelligence\self-evolution-platform-v1\contracts\evolution.contracts.ts"
"GENERATED_OR_BACKUP","\intelligence\self-evolution-platform-v1\contracts\evolution.contracts.ts.backup-20260907-010530"
"UNKNOWN","\intelligence\self-evolution-platform-v1\evolution\processor.ts"
"GENERATED_OR_BACKUP","\intelligence\self-evolution-platform-v1\evolution\processor.ts.backup-20260907-010530"
"UNKNOWN","\intelligence\self-evolution-platform-v1\models\evolution.model.ts"
"GENERATED_OR_BACKUP","\intelligence\self-evolution-platform-v1\models\evolution.model.ts.backup-20260907-010530"
"UNKNOWN","\intelligence\self-evolution-platform-v1\runtime\controller.ts"
"GENERATED_OR_BACKUP","\intelligence\self-evolution-platform-v1\runtime\controller.ts.backup-20260907-010530"
"UNKNOWN","\intelligence\self-evolution-platform-v1\types\evolution.types.ts"
"GENERATED_OR_BACKUP","\intelligence\self-evolution-platform-v1\types\evolution.types.ts.backup-20260907-010530"
"UNKNOWN","\intelligence\self-evolution-preparation-layer-v1\index.ts"
"UNKNOWN","\intelligence\self-evolution-preparation-layer-v1\agi\processor.ts"
"UNKNOWN","\intelligence\self-evolution-preparation-layer-v1\contracts\agi.contracts.ts"
"UNKNOWN","\intelligence\self-evolution-preparation-layer-v1\models\agi.model.ts"
"UNKNOWN","\intelligence\self-evolution-preparation-layer-v1\runtime\controller.ts"
"UNKNOWN","\intelligence\self-evolution-preparation-layer-v1\types\agi.types.ts"
"UNKNOWN","\intelligence\self-evolution-registry-v1\index.ts"
"GENERATED_OR_BACKUP","\intelligence\self-evolution-registry-v1\index.ts.backup-20260907-010530"
"UNKNOWN","\intelligence\self-governance-optimization-engine-v1\index.ts"
"UNKNOWN","\intelligence\self-governance-optimization-engine-v1\contracts\meta-governance.contracts.ts"
"UNKNOWN","\intelligence\self-governance-optimization-engine-v1\meta\processor.ts"
"UNKNOWN","\intelligence\self-governance-optimization-engine-v1\models\meta-governance.model.ts"
"UNKNOWN","\intelligence\self-governance-optimization-engine-v1\runtime\controller.ts"
"UNKNOWN","\intelligence\self-governance-optimization-engine-v1\types\meta-governance.types.ts"
"UNKNOWN","\intelligence\self-improvement-engine-v1\index.ts"
"GENERATED_OR_BACKUP","\intelligence\self-improvement-engine-v1\index.ts.backup-20260906-205116"
"UNKNOWN","\intelligence\self-improvement-engine-v1\contracts\evolution.contracts.ts"
"UNKNOWN","\intelligence\self-improvement-engine-v1\contracts\reflection.contracts.ts"
"UNKNOWN","\intelligence\self-improvement-engine-v1\evolution\processor.ts"
"UNKNOWN","\intelligence\self-improvement-engine-v1\models\evolution.model.ts"
"UNKNOWN","\intelligence\self-improvement-engine-v1\models\reflection.model.ts"
"UNKNOWN","\intelligence\self-improvement-engine-v1\reflection\processor.ts"
"UNKNOWN","\intelligence\self-improvement-engine-v1\runtime\controller.ts"
"GENERATED_OR_BACKUP","\intelligence\self-improvement-engine-v1\runtime\controller.ts.backup-20260906-205116"
"UNKNOWN","\intelligence\self-improvement-engine-v1\types\evolution.types.ts"
"UNKNOWN","\intelligence\self-improvement-engine-v1\types\reflection.types.ts"
"UNKNOWN","\intelligence\self-improvement-intelligence-engine-v1\index.ts"
"UNKNOWN","\intelligence\self-improvement-intelligence-engine-v1\contracts\evolution.contracts.ts"
"UNKNOWN","\intelligence\self-improvement-intelligence-engine-v1\evolution\processor.ts"
"UNKNOWN","\intelligence\self-improvement-intelligence-engine-v1\models\evolution.model.ts"
"UNKNOWN","\intelligence\self-improvement-intelligence-engine-v1\optimization\optimizer.ts"
"UNKNOWN","\intelligence\self-improvement-intelligence-engine-v1\types\evolution.types.ts"
"UNKNOWN","\intelligence\self-improvement-runtime-v1\index.ts"
"UNKNOWN","\intelligence\self-improvement-runtime-v1\contracts\optimization.contracts.ts"
"UNKNOWN","\intelligence\self-improvement-runtime-v1\models\optimization.model.ts"
"UNKNOWN","\intelligence\self-improvement-runtime-v1\optimization\processor.ts"
"UNKNOWN","\intelligence\self-improvement-runtime-v1\runtime\controller.ts"
"UNKNOWN","\intelligence\self-improvement-runtime-v1\types\optimization.types.ts"
"UNKNOWN","\intelligence\self-improving-intelligence-runtime-v1\index.ts"
"UNKNOWN","\intelligence\self-improving-intelligence-runtime-v1\contracts\orchestration.contracts.ts"
"UNKNOWN","\intelligence\self-improving-intelligence-runtime-v1\engine\processor.ts"
"UNKNOWN","\intelligence\self-improving-intelligence-runtime-v1\models\domain.model.ts"
"UNKNOWN","\intelligence\self-improving-intelligence-runtime-v1\types\orchestration.types.ts"
"UNKNOWN","\intelligence\self-learning-knowledge-network-v1\index.ts"
"UNKNOWN","\intelligence\self-learning-knowledge-network-v1\contracts\knowledge.contracts.ts"
"UNKNOWN","\intelligence\self-learning-knowledge-network-v1\knowledge\processor.ts"
"UNKNOWN","\intelligence\self-learning-knowledge-network-v1\models\knowledge.model.ts"
"UNKNOWN","\intelligence\self-learning-knowledge-network-v1\runtime\controller.ts"
"UNKNOWN","\intelligence\self-learning-knowledge-network-v1\types\knowledge.types.ts"
"UNKNOWN","\intelligence\self-optimization-engine-v1\index.ts"
"UNKNOWN","\intelligence\self-optimization-engine-v1\contracts\evolution.contracts.ts"
"UNKNOWN","\intelligence\self-optimization-engine-v1\evolution\processor.ts"
"UNKNOWN","\intelligence\self-optimization-engine-v1\models\evolution.model.ts"
"UNKNOWN","\intelligence\self-optimization-engine-v1\optimization\analyzer.ts"
"UNKNOWN","\intelligence\self-optimization-engine-v1\types\evolution.types.ts"
"UNKNOWN","\intelligence\self-optimization-preparation-engine-v1\index.ts"
"UNKNOWN","\intelligence\self-optimization-preparation-engine-v1\contracts\regulation.contracts.ts"
"UNKNOWN","\intelligence\self-optimization-preparation-engine-v1\models\regulation.model.ts"
"UNKNOWN","\intelligence\self-optimization-preparation-engine-v1\regulation\processor.ts"
"UNKNOWN","\intelligence\self-optimization-preparation-engine-v1\runtime\controller.ts"
"UNKNOWN","\intelligence\self-optimization-preparation-engine-v1\types\regulation.types.ts"
"UNKNOWN","\intelligence\self-optimization-registry-v1\index.ts"
"UNKNOWN","\intelligence\self-optimizing-platform-v1\index.ts"
"UNKNOWN","\intelligence\self-optimizing-platform-v1\contracts\optimization.contracts.ts"
"UNKNOWN","\intelligence\self-optimizing-platform-v1\models\optimization.model.ts"
"UNKNOWN","\intelligence\self-optimizing-platform-v1\optimization\processor.ts"
"UNKNOWN","\intelligence\self-optimizing-platform-v1\runtime\controller.ts"
"UNKNOWN","\intelligence\self-optimizing-platform-v1\types\optimization.types.ts"
"UNKNOWN","\intelligence\self-optimizing-runtime-core-v1\index.ts"
"UNKNOWN","\intelligence\self-optimizing-runtime-core-v1\contracts\optimization.contracts.ts"
"UNKNOWN","\intelligence\self-optimizing-runtime-core-v1\models\optimization.model.ts"
"UNKNOWN","\intelligence\self-optimizing-runtime-core-v1\optimization\processor.ts"
"UNKNOWN","\intelligence\self-optimizing-runtime-core-v1\runtime\controller.ts"
"UNKNOWN","\intelligence\self-optimizing-runtime-core-v1\types\optimization.types.ts"
"UNKNOWN","\intelligence\self-optimizing-runtime-registry-v1\index.ts"
"UNKNOWN","\intelligence\self-regulation-engine-v1\index.ts"
"UNKNOWN","\intelligence\self-regulation-engine-v1\contracts\governance.contracts.ts"
"UNKNOWN","\intelligence\self-regulation-engine-v1\governance\processor.ts"
"UNKNOWN","\intelligence\self-regulation-engine-v1\models\governance.model.ts"
"UNKNOWN","\intelligence\self-regulation-engine-v1\runtime\controller.ts"
"UNKNOWN","\intelligence\self-regulation-engine-v1\types\governance.types.ts"
"UNKNOWN","\intelligence\self-regulation-registry-v1\index.ts"
"UNKNOWN","\intelligence\semantic-content-analysis-engine-v1\index.ts"
"UNKNOWN","\intelligence\semantic-content-analysis-engine-v1\content\processor.ts"
"UNKNOWN","\intelligence\semantic-content-analysis-engine-v1\contracts\content.contracts.ts"
"UNKNOWN","\intelligence\semantic-content-analysis-engine-v1\models\content.model.ts"
"UNKNOWN","\intelligence\semantic-content-analysis-engine-v1\runtime\controller.ts"
"UNKNOWN","\intelligence\semantic-content-analysis-engine-v1\types\content.types.ts"
"UNKNOWN","\intelligence\semantic-indexing-engine-v1\index.ts"
"UNKNOWN","\intelligence\semantic-indexing-engine-v1\contracts\data.contracts.ts"
"UNKNOWN","\intelligence\semantic-indexing-engine-v1\data\processor.ts"
"UNKNOWN","\intelligence\semantic-indexing-engine-v1\models\data.model.ts"
"UNKNOWN","\intelligence\semantic-indexing-engine-v1\runtime\controller.ts"
"UNKNOWN","\intelligence\semantic-indexing-engine-v1\types\data.types.ts"
"UNKNOWN","\intelligence\semantic-integration-engine-v1\index.ts"
"UNKNOWN","\intelligence\semantic-integration-engine-v1\contracts\knowledge.contracts.ts"
"UNKNOWN","\intelligence\semantic-integration-engine-v1\knowledge\processor.ts"
"UNKNOWN","\intelligence\semantic-integration-engine-v1\models\knowledge.model.ts"
"UNKNOWN","\intelligence\semantic-integration-engine-v1\runtime\controller.ts"
"UNKNOWN","\intelligence\semantic-integration-engine-v1\types\knowledge.types.ts"
"UNKNOWN","\intelligence\semantic-intelligence-platform-v1\index.ts"
"UNKNOWN","\intelligence\semantic-intelligence-platform-v1\contracts\semantic.contracts.ts"
"UNKNOWN","\intelligence\semantic-intelligence-platform-v1\models\semantic.model.ts"
"UNKNOWN","\intelligence\semantic-intelligence-platform-v1\reasoning\processor.ts"
"UNKNOWN","\intelligence\semantic-intelligence-platform-v1\runtime\controller.ts"
"UNKNOWN","\intelligence\semantic-intelligence-platform-v1\types\semantic.types.ts"
"UNKNOWN","\intelligence\semantic-memory-engine-v1\index.ts"
"UNKNOWN","\intelligence\semantic-memory-engine-v1\contracts\memory.contracts.ts"
"UNKNOWN","\intelligence\semantic-memory-engine-v1\memory\processor.ts"
"UNKNOWN","\intelligence\semantic-memory-engine-v1\models\memory.model.ts"
"UNKNOWN","\intelligence\semantic-memory-engine-v1\runtime\controller.ts"
"UNKNOWN","\intelligence\semantic-memory-engine-v1\types\memory.types.ts"
"UNKNOWN","\intelligence\semantic-reasoning-core-v1\index.ts"
"UNKNOWN","\intelligence\semantic-reasoning-core-v1\contracts\semantic.contracts.ts"
"UNKNOWN","\intelligence\semantic-reasoning-core-v1\models\semantic.model.ts"
"UNKNOWN","\intelligence\semantic-reasoning-core-v1\reasoning\processor.ts"
"UNKNOWN","\intelligence\semantic-reasoning-core-v1\runtime\controller.ts"
"UNKNOWN","\intelligence\semantic-reasoning-core-v1\types\semantic.types.ts"
"UNKNOWN","\intelligence\semantic-reasoning-registry-v1\index.ts"
"UNKNOWN","\intelligence\semantic-reasoning-runtime-engine-v1\index.ts"
"UNKNOWN","\intelligence\semantic-reasoning-runtime-engine-v1\contracts\semantic.contracts.ts"
"UNKNOWN","\intelligence\semantic-reasoning-runtime-engine-v1\models\semantic.model.ts"
"UNKNOWN","\intelligence\semantic-reasoning-runtime-engine-v1\reasoning\processor.ts"
"UNKNOWN","\intelligence\semantic-reasoning-runtime-engine-v1\runtime\controller.ts"
"UNKNOWN","\intelligence\semantic-reasoning-runtime-engine-v1\types\semantic.types.ts"
"UNKNOWN","\intelligence\semantic-relation-resolver-v1\index.ts"
"UNKNOWN","\intelligence\semantic-relation-resolver-v1\contracts\semantic.contracts.ts"
"UNKNOWN","\intelligence\semantic-relation-resolver-v1\models\semantic.model.ts"
"UNKNOWN","\intelligence\semantic-relation-resolver-v1\reasoning\processor.ts"
"UNKNOWN","\intelligence\semantic-relation-resolver-v1\runtime\controller.ts"
"UNKNOWN","\intelligence\semantic-relation-resolver-v1\types\semantic.types.ts"
"UNKNOWN","\intelligence\semantic-relationship-engine-v1\index.ts"
"UNKNOWN","\intelligence\semantic-relationship-engine-v1\contracts\knowledge.contracts.ts"
"UNKNOWN","\intelligence\semantic-relationship-engine-v1\graph\processor.ts"
"UNKNOWN","\intelligence\semantic-relationship-engine-v1\models\knowledge.model.ts"
"UNKNOWN","\intelligence\semantic-relationship-engine-v1\runtime\controller.ts"
"UNKNOWN","\intelligence\semantic-relationship-engine-v1\types\knowledge.types.ts"
"UNKNOWN","\intelligence\service-connector-registry-v1\index.ts"
"UNKNOWN","\intelligence\service-connector-registry-v1\contracts\integration.contracts.ts"
"UNKNOWN","\intelligence\service-connector-registry-v1\integration\processor.ts"
"UNKNOWN","\intelligence\service-connector-registry-v1\models\integration.model.ts"
"UNKNOWN","\intelligence\service-connector-registry-v1\runtime\controller.ts"
"UNKNOWN","\intelligence\service-connector-registry-v1\types\integration.types.ts"
"UNKNOWN","\intelligence\service-discovery-engine-v1\index.ts"
"UNKNOWN","\intelligence\service-discovery-engine-v1\contracts\mesh.contracts.ts"
"UNKNOWN","\intelligence\service-discovery-engine-v1\mesh\processor.ts"
"UNKNOWN","\intelligence\service-discovery-engine-v1\models\mesh.model.ts"
"UNKNOWN","\intelligence\service-discovery-engine-v1\runtime\controller.ts"
"UNKNOWN","\intelligence\service-discovery-engine-v1\types\mesh.types.ts"
"UNKNOWN","\intelligence\service-evaluation-engine-v1\index.ts"
"UNKNOWN","\intelligence\service-evaluation-engine-v1\contracts\marketplace.contracts.ts"
"UNKNOWN","\intelligence\service-evaluation-engine-v1\marketplace\processor.ts"
"UNKNOWN","\intelligence\service-evaluation-engine-v1\models\marketplace.model.ts"
"UNKNOWN","\intelligence\service-evaluation-engine-v1\runtime\controller.ts"
"UNKNOWN","\intelligence\service-evaluation-engine-v1\types\marketplace.types.ts"
"UNKNOWN","\intelligence\service-health-monitor-engine-v1\index.ts"
"UNKNOWN","\intelligence\service-health-monitor-engine-v1\contracts\mesh.contracts.ts"
"UNKNOWN","\intelligence\service-health-monitor-engine-v1\mesh\processor.ts"
"UNKNOWN","\intelligence\service-health-monitor-engine-v1\models\mesh.model.ts"
"UNKNOWN","\intelligence\service-health-monitor-engine-v1\runtime\controller.ts"
"UNKNOWN","\intelligence\service-health-monitor-engine-v1\types\mesh.types.ts"
"UNKNOWN","\intelligence\service-orchestration-engine-v1\index.ts"
"UNKNOWN","\intelligence\service-orchestration-engine-v1\contracts\deployment.contracts.ts"
"UNKNOWN","\intelligence\service-orchestration-engine-v1\deployment\processor.ts"
"UNKNOWN","\intelligence\service-orchestration-engine-v1\models\deployment.model.ts"
"UNKNOWN","\intelligence\service-orchestration-engine-v1\runtime\controller.ts"
"UNKNOWN","\intelligence\service-orchestration-engine-v1\types\deployment.types.ts"
"UNKNOWN","\intelligence\service-routing-engine-v1\index.ts"
"UNKNOWN","\intelligence\service-routing-engine-v1\contracts\mesh.contracts.ts"
"UNKNOWN","\intelligence\service-routing-engine-v1\mesh\processor.ts"
"UNKNOWN","\intelligence\service-routing-engine-v1\models\mesh.model.ts"
"UNKNOWN","\intelligence\service-routing-engine-v1\runtime\controller.ts"
"UNKNOWN","\intelligence\service-routing-engine-v1\types\mesh.types.ts"
"UNKNOWN","\intelligence\shared-intelligence-memory-engine-v1\index.ts"
"UNKNOWN","\intelligence\shared-intelligence-memory-engine-v1\contracts\collective-memory.contracts.ts"
"UNKNOWN","\intelligence\shared-intelligence-memory-engine-v1\memory\processor.ts"
"UNKNOWN","\intelligence\shared-intelligence-memory-engine-v1\models\collective-memory.model.ts"
"UNKNOWN","\intelligence\shared-intelligence-memory-engine-v1\runtime\controller.ts"
"UNKNOWN","\intelligence\shared-intelligence-memory-engine-v1\types\collective-memory.types.ts"
"UNKNOWN","\intelligence\simulation-evaluation-engine-v1\index.ts"
"UNKNOWN","\intelligence\simulation-evaluation-engine-v1\contracts\simulation.contracts.ts"
"UNKNOWN","\intelligence\simulation-evaluation-engine-v1\models\simulation.model.ts"
"UNKNOWN","\intelligence\simulation-evaluation-engine-v1\runtime\controller.ts"
"UNKNOWN","\intelligence\simulation-evaluation-engine-v1\simulation\processor.ts"
"UNKNOWN","\intelligence\simulation-evaluation-engine-v1\types\simulation.types.ts"
"UNKNOWN","\intelligence\simulation-intelligence-engine-v1\index.ts"
"UNKNOWN","\intelligence\simulation-intelligence-engine-v1\contracts\simulation.contracts.ts"
"UNKNOWN","\intelligence\simulation-intelligence-engine-v1\models\simulation.model.ts"
"UNKNOWN","\intelligence\simulation-intelligence-engine-v1\runtime\controller.ts"
"UNKNOWN","\intelligence\simulation-intelligence-engine-v1\simulation\processor.ts"
"UNKNOWN","\intelligence\simulation-intelligence-engine-v1\types\simulation.types.ts"
"UNKNOWN","\intelligence\simulation-optimization-engine-v1\index.ts"
"UNKNOWN","\intelligence\simulation-optimization-engine-v1\contracts\simulation.contracts.ts"
"UNKNOWN","\intelligence\simulation-optimization-engine-v1\models\simulation.model.ts"
"UNKNOWN","\intelligence\simulation-optimization-engine-v1\runtime\controller.ts"
"UNKNOWN","\intelligence\simulation-optimization-engine-v1\simulation\processor.ts"
"UNKNOWN","\intelligence\simulation-optimization-engine-v1\types\simulation.types.ts"
"UNKNOWN","\intelligence\singularity-preparation-registry-v1\index.ts"
"UNKNOWN","\intelligence\societal-analytics-engine-v1\index.ts"
"UNKNOWN","\intelligence\societal-analytics-engine-v1\civilization\processor.ts"
"UNKNOWN","\intelligence\societal-analytics-engine-v1\contracts\civilization.contracts.ts"
"UNKNOWN","\intelligence\societal-analytics-engine-v1\models\civilization.model.ts"
"UNKNOWN","\intelligence\societal-analytics-engine-v1\runtime\controller.ts"
"UNKNOWN","\intelligence\societal-analytics-engine-v1\types\civilization.types.ts"
"UNKNOWN","\intelligence\sovereignty-evaluation-engine-v1\index.ts"
"UNKNOWN","\intelligence\sovereignty-evaluation-engine-v1\contracts\sovereignty.contracts.ts"
"UNKNOWN","\intelligence\sovereignty-evaluation-engine-v1\models\sovereignty.model.ts"
"UNKNOWN","\intelligence\sovereignty-evaluation-engine-v1\runtime\controller.ts"
"UNKNOWN","\intelligence\sovereignty-evaluation-engine-v1\sovereignty\processor.ts"
"UNKNOWN","\intelligence\sovereignty-evaluation-engine-v1\types\sovereignty.types.ts"
"UNKNOWN","\intelligence\sovereignty-intelligence-engine-v1\index.ts"
"UNKNOWN","\intelligence\sovereignty-intelligence-engine-v1\contracts\sovereignty.contracts.ts"
"UNKNOWN","\intelligence\sovereignty-intelligence-engine-v1\models\sovereignty.model.ts"
"UNKNOWN","\intelligence\sovereignty-intelligence-engine-v1\runtime\controller.ts"
"UNKNOWN","\intelligence\sovereignty-intelligence-engine-v1\sovereignty\processor.ts"
"UNKNOWN","\intelligence\sovereignty-intelligence-engine-v1\types\sovereignty.types.ts"
"UNKNOWN","\intelligence\spatial-intelligence-engine-v1\index.ts"
"UNKNOWN","\intelligence\spatial-intelligence-engine-v1\contracts\twin.contracts.ts"
"UNKNOWN","\intelligence\spatial-intelligence-engine-v1\models\twin.model.ts"
"UNKNOWN","\intelligence\spatial-intelligence-engine-v1\runtime\controller.ts"
"UNKNOWN","\intelligence\spatial-intelligence-engine-v1\twin\processor.ts"
"UNKNOWN","\intelligence\spatial-intelligence-engine-v1\types\twin.types.ts"
"UNKNOWN","\intelligence\spatial-knowledge-network-v1\index.ts"
"UNKNOWN","\intelligence\spatial-knowledge-network-v1\contracts\grid.contracts.ts"
"UNKNOWN","\intelligence\spatial-knowledge-network-v1\grid\processor.ts"
"UNKNOWN","\intelligence\spatial-knowledge-network-v1\models\grid.model.ts"
"UNKNOWN","\intelligence\spatial-knowledge-network-v1\runtime\controller.ts"
"UNKNOWN","\intelligence\spatial-knowledge-network-v1\types\grid.types.ts"
"UNKNOWN","\intelligence\state-recognition-engine-v1\index.ts"
"UNKNOWN","\intelligence\state-recognition-engine-v1\awareness\processor.ts"
"UNKNOWN","\intelligence\state-recognition-engine-v1\contracts\awareness.contracts.ts"
"UNKNOWN","\intelligence\state-recognition-engine-v1\models\awareness.model.ts"
"UNKNOWN","\intelligence\state-recognition-engine-v1\runtime\controller.ts"
"UNKNOWN","\intelligence\state-recognition-engine-v1\types\awareness.types.ts"
"UNKNOWN","\intelligence\strategic-decision-engine-v1\index.ts"
"UNKNOWN","\intelligence\strategic-decision-engine-v1\contracts\decision.contracts.ts"
"UNKNOWN","\intelligence\strategic-decision-engine-v1\decision\processor.ts"
"UNKNOWN","\intelligence\strategic-decision-engine-v1\models\decision.model.ts"
"UNKNOWN","\intelligence\strategic-decision-engine-v1\strategy\evaluator.ts"
"UNKNOWN","\intelligence\strategic-decision-engine-v1\types\decision.types.ts"
"UNKNOWN","\intelligence\strategic-evolution-analysis-engine-v1\index.ts"
"UNKNOWN","\intelligence\strategic-evolution-analysis-engine-v1\contracts\strategy.contracts.ts"
"UNKNOWN","\intelligence\strategic-evolution-analysis-engine-v1\models\strategy.model.ts"
"UNKNOWN","\intelligence\strategic-evolution-analysis-engine-v1\runtime\controller.ts"
"UNKNOWN","\intelligence\strategic-evolution-analysis-engine-v1\strategy\processor.ts"
"UNKNOWN","\intelligence\strategic-evolution-analysis-engine-v1\types\strategy.types.ts"
"UNKNOWN","\intelligence\strategic-evolution-platform-v1\index.ts"
"UNKNOWN","\intelligence\strategic-evolution-platform-v1\contracts\strategy.contracts.ts"
"UNKNOWN","\intelligence\strategic-evolution-platform-v1\models\strategy.model.ts"
"UNKNOWN","\intelligence\strategic-evolution-platform-v1\runtime\controller.ts"
"UNKNOWN","\intelligence\strategic-evolution-platform-v1\strategy\processor.ts"
"UNKNOWN","\intelligence\strategic-evolution-platform-v1\types\strategy.types.ts"
"UNKNOWN","\intelligence\strategic-evolution-registry-v1\index.ts"
"UNKNOWN","\intelligence\strategic-path-optimization-v1\index.ts"
"UNKNOWN","\intelligence\strategic-path-optimization-v1\contracts\planning.contracts.ts"
"UNKNOWN","\intelligence\strategic-path-optimization-v1\models\planning.model.ts"
"UNKNOWN","\intelligence\strategic-path-optimization-v1\planning\processor.ts"
"UNKNOWN","\intelligence\strategic-path-optimization-v1\simulation\engine.ts"
"UNKNOWN","\intelligence\strategic-path-optimization-v1\types\planning.types.ts"
"UNKNOWN","\intelligence\strategic-planning-engine-v1\index.ts"
"UNKNOWN","\intelligence\strategic-planning-engine-v1\contracts\strategy.contracts.ts"
"UNKNOWN","\intelligence\strategic-planning-engine-v1\models\strategy.model.ts"
"UNKNOWN","\intelligence\strategic-planning-engine-v1\runtime\controller.ts"
"UNKNOWN","\intelligence\strategic-planning-engine-v1\strategy\processor.ts"
"UNKNOWN","\intelligence\strategic-planning-engine-v1\types\strategy.types.ts"
"UNKNOWN","\intelligence\strategic-planning-platform-v1\index.ts"
"UNKNOWN","\intelligence\strategic-planning-platform-v1\contracts\planning.contracts.ts"
"UNKNOWN","\intelligence\strategic-planning-platform-v1\models\planning.model.ts"
"UNKNOWN","\intelligence\strategic-planning-platform-v1\planning\processor.ts"
"UNKNOWN","\intelligence\strategic-planning-platform-v1\runtime\controller.ts"
"UNKNOWN","\intelligence\strategic-planning-platform-v1\types\planning.types.ts"
"UNKNOWN","\intelligence\strategic-planning-registry-v1\index.ts"
"UNKNOWN","\intelligence\strategic-runtime-controller-v1\index.ts"
"UNKNOWN","\intelligence\strategic-runtime-controller-v1\contracts\strategy.contracts.ts"
"UNKNOWN","\intelligence\strategic-runtime-controller-v1\models\strategy.model.ts"
"UNKNOWN","\intelligence\strategic-runtime-controller-v1\planning\processor.ts"
"UNKNOWN","\intelligence\strategic-runtime-controller-v1\runtime\controller.ts"
"UNKNOWN","\intelligence\strategic-runtime-controller-v1\types\strategy.types.ts"
"UNKNOWN","\intelligence\strategy-evaluation-engine-v1\index.ts"
"UNKNOWN","\intelligence\strategy-evaluation-engine-v1\contracts\strategy.contracts.ts"
"UNKNOWN","\intelligence\strategy-evaluation-engine-v1\models\strategy.model.ts"
"UNKNOWN","\intelligence\strategy-evaluation-engine-v1\runtime\controller.ts"
"UNKNOWN","\intelligence\strategy-evaluation-engine-v1\strategy\processor.ts"
"UNKNOWN","\intelligence\strategy-evaluation-engine-v1\types\strategy.types.ts"
"UNKNOWN","\intelligence\strategy-evolution-generator-v1\index.ts"
"UNKNOWN","\intelligence\strategy-evolution-generator-v1\contracts\evolution.contracts.ts"
"UNKNOWN","\intelligence\strategy-evolution-generator-v1\evolution\processor.ts"
"UNKNOWN","\intelligence\strategy-evolution-generator-v1\models\evolution.model.ts"
"UNKNOWN","\intelligence\strategy-evolution-generator-v1\runtime\controller.ts"
"UNKNOWN","\intelligence\strategy-evolution-generator-v1\types\evolution.types.ts"
"UNKNOWN","\intelligence\strategy-intelligence-engine-v1\index.ts"
"UNKNOWN","\intelligence\strategy-intelligence-engine-v1\contracts\strategy.contracts.ts"
"UNKNOWN","\intelligence\strategy-intelligence-engine-v1\models\strategy.model.ts"
"UNKNOWN","\intelligence\strategy-intelligence-engine-v1\runtime\controller.ts"
"UNKNOWN","\intelligence\strategy-intelligence-engine-v1\strategy\processor.ts"
"UNKNOWN","\intelligence\strategy-intelligence-engine-v1\types\strategy.types.ts"
"UNKNOWN","\intelligence\strategy-optimization-engine-v1\index.ts"
"UNKNOWN","\intelligence\strategy-optimization-engine-v1\contracts\strategy.contracts.ts"
"UNKNOWN","\intelligence\strategy-optimization-engine-v1\models\strategy.model.ts"
"UNKNOWN","\intelligence\strategy-optimization-engine-v1\runtime\controller.ts"
"UNKNOWN","\intelligence\strategy-optimization-engine-v1\strategy\processor.ts"
"UNKNOWN","\intelligence\strategy-optimization-engine-v1\types\strategy.types.ts"
"UNKNOWN","\intelligence\structural-change-engine-v1\index.ts"
"UNKNOWN","\intelligence\structural-change-engine-v1\contracts\transformation.contracts.ts"
"UNKNOWN","\intelligence\structural-change-engine-v1\models\transformation.model.ts"
"UNKNOWN","\intelligence\structural-change-engine-v1\runtime\controller.ts"
"UNKNOWN","\intelligence\structural-change-engine-v1\transformation\processor.ts"
"UNKNOWN","\intelligence\structural-change-engine-v1\types\transformation.types.ts"
"UNKNOWN","\intelligence\sustainability-intelligence-connector-v1\index.ts"
"UNKNOWN","\intelligence\sustainability-intelligence-connector-v1\contracts\builtenvironment.contracts.ts"
"UNKNOWN","\intelligence\sustainability-intelligence-connector-v1\intelligence\processor.ts"
"UNKNOWN","\intelligence\sustainability-intelligence-connector-v1\models\builtenvironment.model.ts"
"UNKNOWN","\intelligence\sustainability-intelligence-connector-v1\runtime\controller.ts"
"UNKNOWN","\intelligence\sustainability-intelligence-connector-v1\types\builtenvironment.types.ts"
"UNKNOWN","\intelligence\sustainability-scenario-runtime-v1\index.ts"
"UNKNOWN","\intelligence\sustainability-scenario-runtime-v1\contracts\sustainability.contracts.ts"
"UNKNOWN","\intelligence\sustainability-scenario-runtime-v1\models\sustainability.model.ts"
"UNKNOWN","\intelligence\sustainability-scenario-runtime-v1\runtime\controller.ts"
"UNKNOWN","\intelligence\sustainability-scenario-runtime-v1\sustainability\processor.ts"
"UNKNOWN","\intelligence\sustainability-scenario-runtime-v1\types\sustainability.types.ts"
"UNKNOWN","\intelligence\sustainable-development-intelligence-layer-v1\index.ts"
"UNKNOWN","\intelligence\sustainable-development-intelligence-layer-v1\contracts\environment.contracts.ts"
"UNKNOWN","\intelligence\sustainable-development-intelligence-layer-v1\environment\processor.ts"
"UNKNOWN","\intelligence\sustainable-development-intelligence-layer-v1\models\environment.model.ts"
"UNKNOWN","\intelligence\sustainable-development-intelligence-layer-v1\runtime\controller.ts"
"UNKNOWN","\intelligence\sustainable-development-intelligence-layer-v1\types\environment.types.ts"
"UNKNOWN","\intelligence\synchronization-pattern-intelligence-engine-v1\index.ts"
"UNKNOWN","\intelligence\synchronization-pattern-intelligence-engine-v1\contracts\synchronization.contracts.ts"
"UNKNOWN","\intelligence\synchronization-pattern-intelligence-engine-v1\models\synchronization.model.ts"
"UNKNOWN","\intelligence\synchronization-pattern-intelligence-engine-v1\runtime\controller.ts"
"UNKNOWN","\intelligence\synchronization-pattern-intelligence-engine-v1\synchronization\processor.ts"
"UNKNOWN","\intelligence\synchronization-pattern-intelligence-engine-v1\types\synchronization.types.ts"
"UNKNOWN","\intelligence\synthesis-evaluation-engine-v1\index.ts"
"UNKNOWN","\intelligence\synthesis-evaluation-engine-v1\contracts\synthesis.contracts.ts"
"UNKNOWN","\intelligence\synthesis-evaluation-engine-v1\models\synthesis.model.ts"
"UNKNOWN","\intelligence\synthesis-evaluation-engine-v1\runtime\controller.ts"
"UNKNOWN","\intelligence\synthesis-evaluation-engine-v1\synthesis\processor.ts"
"UNKNOWN","\intelligence\synthesis-evaluation-engine-v1\types\synthesis.types.ts"
"UNKNOWN","\intelligence\synthesis-intelligence-engine-v1\index.ts"
"UNKNOWN","\intelligence\synthesis-intelligence-engine-v1\contracts\synthesis.contracts.ts"
"UNKNOWN","\intelligence\synthesis-intelligence-engine-v1\models\synthesis.model.ts"
"UNKNOWN","\intelligence\synthesis-intelligence-engine-v1\runtime\controller.ts"
"UNKNOWN","\intelligence\synthesis-intelligence-engine-v1\synthesis\processor.ts"
"UNKNOWN","\intelligence\synthesis-intelligence-engine-v1\types\synthesis.types.ts"
"UNKNOWN","\intelligence\system-bridge-registry-engine-v1\index.ts"
"UNKNOWN","\intelligence\system-bridge-registry-engine-v1\bridge\processor.ts"
"UNKNOWN","\intelligence\system-bridge-registry-engine-v1\contracts\bridge.contracts.ts"
"UNKNOWN","\intelligence\system-bridge-registry-engine-v1\models\bridge.model.ts"
"UNKNOWN","\intelligence\system-bridge-registry-engine-v1\runtime\controller.ts"
"UNKNOWN","\intelligence\system-bridge-registry-engine-v1\types\bridge.types.ts"
"UNKNOWN","\intelligence\system-coordination-engine-v1\index.ts"
"UNKNOWN","\intelligence\system-coordination-engine-v1\contracts\integration.contracts.ts"
"UNKNOWN","\intelligence\system-coordination-engine-v1\integration\processor.ts"
"UNKNOWN","\intelligence\system-coordination-engine-v1\models\integration.model.ts"
"UNKNOWN","\intelligence\system-coordination-engine-v1\runtime\controller.ts"
"UNKNOWN","\intelligence\system-coordination-engine-v1\types\integration.types.ts"
"UNKNOWN","\intelligence\task-coordination-engine-v1\index.ts"
"UNKNOWN","\intelligence\task-coordination-engine-v1\agents\processor.ts"
"UNKNOWN","\intelligence\task-coordination-engine-v1\contracts\agent.contracts.ts"
"UNKNOWN","\intelligence\task-coordination-engine-v1\models\agent.model.ts"
"UNKNOWN","\intelligence\task-coordination-engine-v1\runtime\controller.ts"
"UNKNOWN","\intelligence\task-coordination-engine-v1\types\agent.types.ts"
"UNKNOWN","\intelligence\task-delegation-engine-v1\index.ts"
"UNKNOWN","\intelligence\task-delegation-engine-v1\contracts\coordination.contracts.ts"
"UNKNOWN","\intelligence\task-delegation-engine-v1\coordination\processor.ts"
"UNKNOWN","\intelligence\task-delegation-engine-v1\models\coordination.model.ts"
"UNKNOWN","\intelligence\task-delegation-engine-v1\runtime\controller.ts"
"UNKNOWN","\intelligence\task-delegation-engine-v1\types\coordination.types.ts"
"UNKNOWN","\intelligence\task-orchestration-engine-v1\index.ts"
"UNKNOWN","\intelligence\task-orchestration-engine-v1\contracts\orchestration.contracts.ts"
"UNKNOWN","\intelligence\task-orchestration-engine-v1\models\orchestration.model.ts"
"UNKNOWN","\intelligence\task-orchestration-engine-v1\orchestration\processor.ts"
"UNKNOWN","\intelligence\task-orchestration-engine-v1\runtime\controller.ts"
"UNKNOWN","\intelligence\task-orchestration-engine-v1\types\orchestration.types.ts"
"UNKNOWN","\intelligence\threat-detection-engine-v1\index.ts"
"UNKNOWN","\intelligence\threat-detection-engine-v1\contracts\security.contracts.ts"
"UNKNOWN","\intelligence\threat-detection-engine-v1\models\security.model.ts"
"UNKNOWN","\intelligence\threat-detection-engine-v1\runtime\controller.ts"
"UNKNOWN","\intelligence\threat-detection-engine-v1\security\processor.ts"
"UNKNOWN","\intelligence\threat-detection-engine-v1\types\security.types.ts"
"UNKNOWN","\intelligence\trans-civilization-intelligence-architecture-registry-v1\index.ts"
"UNKNOWN","\intelligence\trans-civilization-intelligence-core-v1\index.ts"
"UNKNOWN","\intelligence\trans-civilization-intelligence-core-v1\architecture\processor.ts"
"UNKNOWN","\intelligence\trans-civilization-intelligence-core-v1\contracts\architecture.contracts.ts"
"UNKNOWN","\intelligence\trans-civilization-intelligence-core-v1\models\architecture.model.ts"
"UNKNOWN","\intelligence\trans-civilization-intelligence-core-v1\runtime\controller.ts"
"UNKNOWN","\intelligence\trans-civilization-intelligence-core-v1\types\architecture.types.ts"
"UNKNOWN","\intelligence\trans-civilization-runtime-v1\index.ts"
"UNKNOWN","\intelligence\trans-civilization-runtime-v1\architecture\processor.ts"
"UNKNOWN","\intelligence\trans-civilization-runtime-v1\contracts\architecture.contracts.ts"
"UNKNOWN","\intelligence\trans-civilization-runtime-v1\models\architecture.model.ts"
"UNKNOWN","\intelligence\trans-civilization-runtime-v1\runtime\controller.ts"
"UNKNOWN","\intelligence\trans-civilization-runtime-v1\types\architecture.types.ts"
"UNKNOWN","\intelligence\transformation-evaluation-engine-v1\index.ts"
"UNKNOWN","\intelligence\transformation-evaluation-engine-v1\contracts\transformation.contracts.ts"
"UNKNOWN","\intelligence\transformation-evaluation-engine-v1\models\transformation.model.ts"
"UNKNOWN","\intelligence\transformation-evaluation-engine-v1\runtime\controller.ts"
"UNKNOWN","\intelligence\transformation-evaluation-engine-v1\transformation\processor.ts"
"UNKNOWN","\intelligence\transformation-evaluation-engine-v1\types\transformation.types.ts"
"UNKNOWN","\intelligence\transformation-intelligence-engine-v1\index.ts"
"UNKNOWN","\intelligence\transformation-intelligence-engine-v1\contracts\transformation.contracts.ts"
"UNKNOWN","\intelligence\transformation-intelligence-engine-v1\models\transformation.model.ts"
"UNKNOWN","\intelligence\transformation-intelligence-engine-v1\runtime\controller.ts"
"UNKNOWN","\intelligence\transformation-intelligence-engine-v1\transformation\processor.ts"
"UNKNOWN","\intelligence\transformation-intelligence-engine-v1\types\transformation.types.ts"
"UNKNOWN","\intelligence\transformation-validation-engine-v1\index.ts"
"UNKNOWN","\intelligence\transformation-validation-engine-v1\contracts\transformation.contracts.ts"
"UNKNOWN","\intelligence\transformation-validation-engine-v1\models\transformation.model.ts"
"UNKNOWN","\intelligence\transformation-validation-engine-v1\runtime\controller.ts"
"UNKNOWN","\intelligence\transformation-validation-engine-v1\transformation\processor.ts"
"UNKNOWN","\intelligence\transformation-validation-engine-v1\types\transformation.types.ts"
"UNKNOWN","\intelligence\trend-analysis-engine-v1\index.ts"
"UNKNOWN","\intelligence\trend-analysis-engine-v1\contracts\prediction.contracts.ts"
"UNKNOWN","\intelligence\trend-analysis-engine-v1\models\prediction.model.ts"
"UNKNOWN","\intelligence\trend-analysis-engine-v1\prediction\processor.ts"
"UNKNOWN","\intelligence\trend-analysis-engine-v1\runtime\controller.ts"
"UNKNOWN","\intelligence\trend-analysis-engine-v1\types\prediction.types.ts"
"UNKNOWN","\intelligence\trust-evaluation-engine-v1\index.ts"
"GENERATED_OR_BACKUP","\intelligence\trust-evaluation-engine-v1\index.ts.backup-20260907-005235"
"UNKNOWN","\intelligence\trust-evaluation-engine-v1\contracts\trust.contracts.ts"
"GENERATED_OR_BACKUP","\intelligence\trust-evaluation-engine-v1\contracts\trust.contracts.ts.backup-20260907-005235"
"UNKNOWN","\intelligence\trust-evaluation-engine-v1\models\trust.model.ts"
"GENERATED_OR_BACKUP","\intelligence\trust-evaluation-engine-v1\models\trust.model.ts.backup-20260907-005235"
"UNKNOWN","\intelligence\trust-evaluation-engine-v1\runtime\controller.ts"
"GENERATED_OR_BACKUP","\intelligence\trust-evaluation-engine-v1\runtime\controller.ts.backup-20260907-005235"
"UNKNOWN","\intelligence\trust-evaluation-engine-v1\trust\processor.ts"
"UNKNOWN","\intelligence\trust-evaluation-engine-v1\types\trust.types.ts"
"GENERATED_OR_BACKUP","\intelligence\trust-evaluation-engine-v1\types\trust.types.ts.backup-20260907-005235"
"UNKNOWN","\intelligence\trust-evaluation-engine-v1\verification\processor.ts"
"UNKNOWN","\intelligence\trust-management-engine-v1\index.ts"
"GENERATED_OR_BACKUP","\intelligence\trust-management-engine-v1\index.ts.backup-20260907-010231"
"UNKNOWN","\intelligence\trust-management-engine-v1\contracts\governance.contracts.ts"
"UNKNOWN","\intelligence\trust-management-engine-v1\contracts\trust.contracts.ts"
"UNKNOWN","\intelligence\trust-management-engine-v1\governance\processor.ts"
"UNKNOWN","\intelligence\trust-management-engine-v1\models\governance.model.ts"
"UNKNOWN","\intelligence\trust-management-engine-v1\models\trust.model.ts"
"UNKNOWN","\intelligence\trust-management-engine-v1\runtime\controller.ts"
"GENERATED_OR_BACKUP","\intelligence\trust-management-engine-v1\runtime\controller.ts.backup-20260907-010231"
"UNKNOWN","\intelligence\trust-management-engine-v1\trust\processor.ts"
"UNKNOWN","\intelligence\trust-management-engine-v1\types\governance.types.ts"
"UNKNOWN","\intelligence\trust-management-engine-v1\types\trust.types.ts"
"UNKNOWN","\intelligence\trust-orchestration-runtime-v1\index.ts"
"UNKNOWN","\intelligence\trust-orchestration-runtime-v1\contracts\security.contracts.ts"
"UNKNOWN","\intelligence\trust-orchestration-runtime-v1\models\security.model.ts"
"UNKNOWN","\intelligence\trust-orchestration-runtime-v1\runtime\controller.ts"
"UNKNOWN","\intelligence\trust-orchestration-runtime-v1\security\processor.ts"
"UNKNOWN","\intelligence\trust-orchestration-runtime-v1\types\security.types.ts"
"UNKNOWN","\intelligence\trust-registry-v1\index.ts"
"UNKNOWN","\intelligence\trust-registry-v1\contracts\security.contracts.ts"
"UNKNOWN","\intelligence\trust-registry-v1\models\security.model.ts"
"UNKNOWN","\intelligence\trust-registry-v1\runtime\controller.ts"
"UNKNOWN","\intelligence\trust-registry-v1\security\processor.ts"
"UNKNOWN","\intelligence\trust-registry-v1\types\security.types.ts"
"UNKNOWN","\intelligence\twin-registry-engine-v1\index.ts"
"UNKNOWN","\intelligence\twin-registry-engine-v1\contracts\twin.contracts.ts"
"UNKNOWN","\intelligence\twin-registry-engine-v1\models\twin.model.ts"
"UNKNOWN","\intelligence\twin-registry-engine-v1\runtime\controller.ts"
"UNKNOWN","\intelligence\twin-registry-engine-v1\twin\processor.ts"
"UNKNOWN","\intelligence\twin-registry-engine-v1\types\twin.types.ts"
"UNKNOWN","\intelligence\ultimate-intelligence-runtime-v1\index.ts"
"UNKNOWN","\intelligence\ultimate-intelligence-runtime-v1\contracts\synthesis.contracts.ts"
"UNKNOWN","\intelligence\ultimate-intelligence-runtime-v1\models\synthesis.model.ts"
"UNKNOWN","\intelligence\ultimate-intelligence-runtime-v1\runtime\controller.ts"
"UNKNOWN","\intelligence\ultimate-intelligence-runtime-v1\synthesis\processor.ts"
"UNKNOWN","\intelligence\ultimate-intelligence-runtime-v1\types\synthesis.types.ts"
"UNKNOWN","\intelligence\ultimate-intelligence-synthesis-core-v1\index.ts"
"UNKNOWN","\intelligence\ultimate-intelligence-synthesis-core-v1\contracts\synthesis.contracts.ts"
"UNKNOWN","\intelligence\ultimate-intelligence-synthesis-core-v1\models\synthesis.model.ts"
"UNKNOWN","\intelligence\ultimate-intelligence-synthesis-core-v1\runtime\controller.ts"
"UNKNOWN","\intelligence\ultimate-intelligence-synthesis-core-v1\synthesis\processor.ts"
"UNKNOWN","\intelligence\ultimate-intelligence-synthesis-core-v1\types\synthesis.types.ts"
"UNKNOWN","\intelligence\ultimate-intelligence-synthesis-registry-v1\index.ts"
"UNKNOWN","\intelligence\unified-cognitive-platform-v1\index.ts"
"UNKNOWN","\intelligence\unified-cognitive-platform-v1\context\builder.ts"
"UNKNOWN","\intelligence\unified-cognitive-platform-v1\contracts\fusion.contracts.ts"
"UNKNOWN","\intelligence\unified-cognitive-platform-v1\fusion\processor.ts"
"UNKNOWN","\intelligence\unified-cognitive-platform-v1\models\fusion.model.ts"
"UNKNOWN","\intelligence\unified-cognitive-platform-v1\types\fusion.types.ts"
"UNKNOWN","\intelligence\unified-context-engine-v1\index.ts"
"UNKNOWN","\intelligence\unified-context-engine-v1\context\builder.ts"
"UNKNOWN","\intelligence\unified-context-engine-v1\contracts\fusion.contracts.ts"
"UNKNOWN","\intelligence\unified-context-engine-v1\fusion\processor.ts"
"UNKNOWN","\intelligence\unified-context-engine-v1\models\fusion.model.ts"
"UNKNOWN","\intelligence\unified-context-engine-v1\types\fusion.types.ts"
"UNKNOWN","\intelligence\unified-coordination-registry-v1\index.ts"
"UNKNOWN","\intelligence\unified-decision-coordinator-v1\index.ts"
"UNKNOWN","\intelligence\unified-decision-coordinator-v1\contracts\coordination.contracts.ts"
"UNKNOWN","\intelligence\unified-decision-coordinator-v1\coordination\processor.ts"
"UNKNOWN","\intelligence\unified-decision-coordinator-v1\models\coordination.model.ts"
"UNKNOWN","\intelligence\unified-decision-coordinator-v1\runtime\controller.ts"
"UNKNOWN","\intelligence\unified-decision-coordinator-v1\types\coordination.types.ts"
"UNKNOWN","\intelligence\unified-intelligence-engine-v1\index.ts"
"UNKNOWN","\intelligence\unified-intelligence-engine-v1\contracts\integration.contracts.ts"
"UNKNOWN","\intelligence\unified-intelligence-engine-v1\integration\processor.ts"
"UNKNOWN","\intelligence\unified-intelligence-engine-v1\models\integration.model.ts"
"UNKNOWN","\intelligence\unified-intelligence-engine-v1\runtime\controller.ts"
"UNKNOWN","\intelligence\unified-intelligence-engine-v1\types\integration.types.ts"
"UNKNOWN","\intelligence\unified-intelligence-registry-v1\index.ts"
"UNKNOWN","\intelligence\unified-intelligence-registry-v1\contracts\os.contracts.ts"
"UNKNOWN","\intelligence\unified-intelligence-registry-v1\kernel\processor.ts"
"UNKNOWN","\intelligence\unified-intelligence-registry-v1\models\os.model.ts"
"UNKNOWN","\intelligence\unified-intelligence-registry-v1\runtime\controller.ts"
"UNKNOWN","\intelligence\unified-intelligence-registry-v1\types\os.types.ts"
"UNKNOWN","\intelligence\universal-agent-communication-v1\index.ts"
"UNKNOWN","\intelligence\universal-agent-communication-v1\contracts\universal.contracts.ts"
"UNKNOWN","\intelligence\universal-agent-communication-v1\models\universal.model.ts"
"UNKNOWN","\intelligence\universal-agent-communication-v1\runtime\controller.ts"
"UNKNOWN","\intelligence\universal-agent-communication-v1\types\universal.types.ts"
"UNKNOWN","\intelligence\universal-agent-communication-v1\universal\processor.ts"
"UNKNOWN","\intelligence\universal-agent-protocol-v1\index.ts"
"UNKNOWN","\intelligence\universal-agent-protocol-v1\agi\processor.ts"
"UNKNOWN","\intelligence\universal-agent-protocol-v1\contracts\agi.contracts.ts"
"UNKNOWN","\intelligence\universal-agent-protocol-v1\models\agi.model.ts"
"UNKNOWN","\intelligence\universal-agent-protocol-v1\runtime\controller.ts"
"UNKNOWN","\intelligence\universal-agent-protocol-v1\types\agi.types.ts"
"UNKNOWN","\intelligence\universal-intelligence-core-v1\index.ts"
"UNKNOWN","\intelligence\universal-intelligence-core-v1\contracts\universal.contracts.ts"
"UNKNOWN","\intelligence\universal-intelligence-core-v1\models\universal.model.ts"
"UNKNOWN","\intelligence\universal-intelligence-core-v1\runtime\controller.ts"
"UNKNOWN","\intelligence\universal-intelligence-core-v1\types\universal.types.ts"
"UNKNOWN","\intelligence\universal-intelligence-core-v1\universal\processor.ts"
"UNKNOWN","\intelligence\universal-intelligence-federation-core-v1\index.ts"
"UNKNOWN","\intelligence\universal-intelligence-federation-core-v1\contracts\federation.contracts.ts"
"UNKNOWN","\intelligence\universal-intelligence-federation-core-v1\federation\processor.ts"
"UNKNOWN","\intelligence\universal-intelligence-federation-core-v1\models\federation.model.ts"
"UNKNOWN","\intelligence\universal-intelligence-federation-core-v1\runtime\controller.ts"
"UNKNOWN","\intelligence\universal-intelligence-federation-core-v1\types\federation.types.ts"
"UNKNOWN","\intelligence\universal-intelligence-federation-registry-v1\index.ts"
"UNKNOWN","\intelligence\universal-intelligence-governance-v1\index.ts"
"UNKNOWN","\intelligence\universal-intelligence-governance-v1\contracts\universal.contracts.ts"
"UNKNOWN","\intelligence\universal-intelligence-governance-v1\models\universal.model.ts"
"UNKNOWN","\intelligence\universal-intelligence-governance-v1\runtime\controller.ts"
"UNKNOWN","\intelligence\universal-intelligence-governance-v1\types\universal.types.ts"
"UNKNOWN","\intelligence\universal-intelligence-governance-v1\universal\processor.ts"
"UNKNOWN","\intelligence\universal-intelligence-registry-v1\index.ts"
"UNKNOWN","\intelligence\universal-intelligence-runtime-v1\index.ts"
"GENERATED_OR_BACKUP","\intelligence\universal-intelligence-runtime-v1\index.ts.backup-20260907-014809"
"GENERATED_OR_BACKUP","\intelligence\universal-intelligence-runtime-v1\index.ts.backup-20260907-020034"
"UNKNOWN","\intelligence\universal-intelligence-runtime-v1\civilization\processor.ts"
"UNKNOWN","\intelligence\universal-intelligence-runtime-v1\contracts\civilization.contracts.ts"
"UNKNOWN","\intelligence\universal-intelligence-runtime-v1\contracts\federation.contracts.ts"
"UNKNOWN","\intelligence\universal-intelligence-runtime-v1\contracts\universal.contracts.ts"
"UNKNOWN","\intelligence\universal-intelligence-runtime-v1\federation\processor.ts"
"UNKNOWN","\intelligence\universal-intelligence-runtime-v1\models\civilization.model.ts"
"UNKNOWN","\intelligence\universal-intelligence-runtime-v1\models\federation.model.ts"
"UNKNOWN","\intelligence\universal-intelligence-runtime-v1\models\universal.model.ts"
"UNKNOWN","\intelligence\universal-intelligence-runtime-v1\runtime\controller.ts"
"GENERATED_OR_BACKUP","\intelligence\universal-intelligence-runtime-v1\runtime\controller.ts.backup-20260907-014809"
"GENERATED_OR_BACKUP","\intelligence\universal-intelligence-runtime-v1\runtime\controller.ts.backup-20260907-020034"
"UNKNOWN","\intelligence\universal-intelligence-runtime-v1\types\civilization.types.ts"
"UNKNOWN","\intelligence\universal-intelligence-runtime-v1\types\federation.types.ts"
"UNKNOWN","\intelligence\universal-intelligence-runtime-v1\types\universal.types.ts"
"UNKNOWN","\intelligence\universal-intelligence-runtime-v1\universal\processor.ts"
"UNKNOWN","\intelligence\universal-knowledge-continuum-core-v1\index.ts"
"UNKNOWN","\intelligence\universal-knowledge-continuum-core-v1\contracts\knowledge.contracts.ts"
"UNKNOWN","\intelligence\universal-knowledge-continuum-core-v1\knowledge\processor.ts"
"UNKNOWN","\intelligence\universal-knowledge-continuum-core-v1\models\knowledge.model.ts"
"UNKNOWN","\intelligence\universal-knowledge-continuum-core-v1\runtime\controller.ts"
"UNKNOWN","\intelligence\universal-knowledge-continuum-core-v1\types\knowledge.types.ts"
"UNKNOWN","\intelligence\universal-knowledge-intelligence-continuum-registry-v1\index.ts"
"UNKNOWN","\intelligence\universal-knowledge-interface-v1\index.ts"
"UNKNOWN","\intelligence\universal-knowledge-interface-v1\contracts\universal.contracts.ts"
"UNKNOWN","\intelligence\universal-knowledge-interface-v1\models\universal.model.ts"
"UNKNOWN","\intelligence\universal-knowledge-interface-v1\runtime\controller.ts"
"UNKNOWN","\intelligence\universal-knowledge-interface-v1\types\universal.types.ts"
"UNKNOWN","\intelligence\universal-knowledge-interface-v1\universal\processor.ts"
"UNKNOWN","\intelligence\universal-reasoning-bridge-v1\index.ts"
"UNKNOWN","\intelligence\universal-reasoning-bridge-v1\contracts\universal.contracts.ts"
"UNKNOWN","\intelligence\universal-reasoning-bridge-v1\models\universal.model.ts"
"UNKNOWN","\intelligence\universal-reasoning-bridge-v1\runtime\controller.ts"
"UNKNOWN","\intelligence\universal-reasoning-bridge-v1\types\universal.types.ts"
"UNKNOWN","\intelligence\universal-reasoning-bridge-v1\universal\processor.ts"
"UNKNOWN","\intelligence\upgrade-management-engine-v1\index.ts"
"UNKNOWN","\intelligence\upgrade-management-engine-v1\contracts\evolution.contracts.ts"
"UNKNOWN","\intelligence\upgrade-management-engine-v1\evolution\processor.ts"
"UNKNOWN","\intelligence\upgrade-management-engine-v1\models\evolution.model.ts"
"UNKNOWN","\intelligence\upgrade-management-engine-v1\runtime\controller.ts"
"UNKNOWN","\intelligence\upgrade-management-engine-v1\types\evolution.types.ts"
"UNKNOWN","\intelligence\urban-intelligence-context-engine-v1\index.ts"
"UNKNOWN","\intelligence\urban-intelligence-context-engine-v1\contracts\builtenvironment.contracts.ts"
"UNKNOWN","\intelligence\urban-intelligence-context-engine-v1\intelligence\processor.ts"
"UNKNOWN","\intelligence\urban-intelligence-context-engine-v1\models\builtenvironment.model.ts"
"UNKNOWN","\intelligence\urban-intelligence-context-engine-v1\runtime\controller.ts"
"UNKNOWN","\intelligence\urban-intelligence-context-engine-v1\types\builtenvironment.types.ts"
"UNKNOWN","\intelligence\urban-intelligence-engine-v1\index.ts"
"UNKNOWN","\intelligence\urban-intelligence-engine-v1\civilization\processor.ts"
"UNKNOWN","\intelligence\urban-intelligence-engine-v1\contracts\civilization.contracts.ts"
"UNKNOWN","\intelligence\urban-intelligence-engine-v1\models\civilization.model.ts"
"UNKNOWN","\intelligence\urban-intelligence-engine-v1\runtime\controller.ts"
"UNKNOWN","\intelligence\urban-intelligence-engine-v1\types\civilization.types.ts"
"UNKNOWN","\intelligence\urban-intelligence-network-v1\index.ts"
"UNKNOWN","\intelligence\urban-intelligence-network-v1\contracts\grid.contracts.ts"
"UNKNOWN","\intelligence\urban-intelligence-network-v1\grid\processor.ts"
"UNKNOWN","\intelligence\urban-intelligence-network-v1\models\grid.model.ts"
"UNKNOWN","\intelligence\urban-intelligence-network-v1\runtime\controller.ts"
"UNKNOWN","\intelligence\urban-intelligence-network-v1\types\grid.types.ts"
"UNKNOWN","\intelligence\urban-twin-engine-v1\index.ts"
"UNKNOWN","\intelligence\urban-twin-engine-v1\contracts\twin.contracts.ts"
"UNKNOWN","\intelligence\urban-twin-engine-v1\models\twin.model.ts"
"UNKNOWN","\intelligence\urban-twin-engine-v1\runtime\controller.ts"
"UNKNOWN","\intelligence\urban-twin-engine-v1\twin\processor.ts"
"UNKNOWN","\intelligence\urban-twin-engine-v1\types\twin.types.ts"
"UNKNOWN","\intelligence\user-intelligence-interaction-v1\index.ts"
"UNKNOWN","\intelligence\user-intelligence-interaction-v1\contracts\product.contracts.ts"
"UNKNOWN","\intelligence\user-intelligence-interaction-v1\models\product.model.ts"
"UNKNOWN","\intelligence\user-intelligence-interaction-v1\product\processor.ts"
"UNKNOWN","\intelligence\user-intelligence-interaction-v1\runtime\controller.ts"
"UNKNOWN","\intelligence\user-intelligence-interaction-v1\types\product.types.ts"
"UNKNOWN","\intelligence\validation-orchestration-runtime-v1\index.ts"
"UNKNOWN","\intelligence\validation-orchestration-runtime-v1\contracts\validation.contracts.ts"
"UNKNOWN","\intelligence\validation-orchestration-runtime-v1\models\validation.model.ts"
"UNKNOWN","\intelligence\validation-orchestration-runtime-v1\runtime\controller.ts"
"UNKNOWN","\intelligence\validation-orchestration-runtime-v1\types\validation.types.ts"
"UNKNOWN","\intelligence\validation-orchestration-runtime-v1\validation\processor.ts"
"UNKNOWN","\intelligence\validation-pattern-intelligence-engine-v1\index.ts"
"UNKNOWN","\intelligence\validation-pattern-intelligence-engine-v1\contracts\validation.contracts.ts"
"UNKNOWN","\intelligence\validation-pattern-intelligence-engine-v1\models\validation.model.ts"
"UNKNOWN","\intelligence\validation-pattern-intelligence-engine-v1\runtime\controller.ts"
"UNKNOWN","\intelligence\validation-pattern-intelligence-engine-v1\types\validation.types.ts"
"UNKNOWN","\intelligence\validation-pattern-intelligence-engine-v1\validation\processor.ts"
"UNKNOWN","\intelligence\vector-data-foundation-v1\index.ts"
"UNKNOWN","\intelligence\vector-data-foundation-v1\contracts\data.contracts.ts"
"UNKNOWN","\intelligence\vector-data-foundation-v1\data\processor.ts"
"UNKNOWN","\intelligence\vector-data-foundation-v1\models\data.model.ts"
"UNKNOWN","\intelligence\vector-data-foundation-v1\runtime\controller.ts"
"UNKNOWN","\intelligence\vector-data-foundation-v1\types\data.types.ts"
"UNKNOWN","\intelligence\workflow-definition-registry-v1\index.ts"
"UNKNOWN","\intelligence\workflow-definition-registry-v1\contracts\workflow.contracts.ts"
"UNKNOWN","\intelligence\workflow-definition-registry-v1\models\workflow.model.ts"
"UNKNOWN","\intelligence\workflow-definition-registry-v1\runtime\controller.ts"
"UNKNOWN","\intelligence\workflow-definition-registry-v1\types\workflow.types.ts"
"UNKNOWN","\intelligence\workflow-definition-registry-v1\workflow\processor.ts"
"UNKNOWN","\intelligence\workflow-orchestration-engine-v1\index.ts"
"UNKNOWN","\intelligence\workflow-orchestration-engine-v1\contracts\coordination.contracts.ts"
"UNKNOWN","\intelligence\workflow-orchestration-engine-v1\coordination\processor.ts"
"UNKNOWN","\intelligence\workflow-orchestration-engine-v1\models\coordination.model.ts"
"UNKNOWN","\intelligence\workflow-orchestration-engine-v1\runtime\controller.ts"
"UNKNOWN","\intelligence\workflow-orchestration-engine-v1\types\coordination.types.ts"
"UNKNOWN","\intelligence\workflow-runtime-engine-v1\index.ts"
"UNKNOWN","\intelligence\workflow-runtime-engine-v1\contracts\workflow.contracts.ts"
"UNKNOWN","\intelligence\workflow-runtime-engine-v1\models\workflow.model.ts"
"UNKNOWN","\intelligence\workflow-runtime-engine-v1\runtime\controller.ts"
"UNKNOWN","\intelligence\workflow-runtime-engine-v1\types\workflow.types.ts"
"UNKNOWN","\intelligence\workflow-runtime-engine-v1\workflow\processor.ts"
"GENERATED_OR_BACKUP","\lib\ai-intelligence\ai.constants.ts.backup-20260907-120049"
"GENERATED_OR_BACKUP","\lib\ai-intelligence\ai.repository.ts.backup-20260907-120049"
"GENERATED_OR_BACKUP","\lib\ai-intelligence\ai.service.ts.backup-20260907-120049"
"GENERATED_OR_BACKUP","\lib\ai-intelligence\ai.types.ts.backup-20260907-120049"
"GENERATED_OR_BACKUP","\lib\ai-intelligence\ai.utils.ts.backup-20260907-120049"
"SOURCE_CODE","\lib\ai-intelligence\insight.service.ts"
"SOURCE_CODE","\lib\ai-intelligence\insight.types.ts"
"SOURCE_CODE","\lib\ai-intelligence\model.types.ts"
"GENERATED_OR_BACKUP","\lib\ai-intelligence\prediction.service.ts.backup-20260907-120801"
"GENERATED_OR_BACKUP","\lib\ai-intelligence\prediction.types.ts.backup-20260907-120801"
"SOURCE_CODE","\lib\ai-intelligence\prompt.service.ts"
"GENERATED_OR_BACKUP","\lib\ai-intelligence\prompt.types.ts.backup-20260907-120049"
"GENERATED_OR_BACKUP","\lib\ai-intelligence\recommendation.service.ts.backup-20260907-120049"
"GENERATED_OR_BACKUP","\lib\ai-intelligence\recommendation.types.ts.backup-20260907-120049"
"SOURCE_CODE","\lib\architecture-intelligence\architect-ranking.service.ts"
"GENERATED_OR_BACKUP","\lib\architecture-intelligence\architect.types.ts.backup-20260907-115905"
"GENERATED_OR_BACKUP","\lib\architecture-intelligence\architecture.constants.ts.backup-20260907-115905"
"GENERATED_OR_BACKUP","\lib\architecture-intelligence\architecture.repository.ts.backup-20260907-115905"
"GENERATED_OR_BACKUP","\lib\architecture-intelligence\architecture.service.ts.backup-20260907-115905"
"GENERATED_OR_BACKUP","\lib\architecture-intelligence\architecture.types.ts.backup-20260907-115905"
"GENERATED_OR_BACKUP","\lib\architecture-intelligence\architecture.utils.ts.backup-20260907-115905"
"SOURCE_CODE","\lib\architecture-intelligence\project-analysis.service.ts"
"GENERATED_OR_BACKUP","\lib\architecture-intelligence\project.types.ts.backup-20260907-115905"
"GENERATED_OR_BACKUP","\lib\architecture-intelligence\style.types.ts.backup-20260907-115905"
"SOURCE_CODE","\lib\auth\auth.constants.ts"
"GENERATED_OR_BACKUP","\lib\auth\auth.constants.ts.backup-20260907-113059"
"GENERATED_OR_BACKUP","\lib\auth\auth.constants.ts.backup-20260907-115207"
"SOURCE_CODE","\lib\auth\auth.repository.ts"
"GENERATED_OR_BACKUP","\lib\auth\auth.repository.ts.backup-20260907-115207"
"SOURCE_CODE","\lib\auth\auth.service.ts"
"GENERATED_OR_BACKUP","\lib\auth\auth.service.ts.backup-20260907-115207"
"SOURCE_CODE","\lib\auth\auth.types.ts"
"GENERATED_OR_BACKUP","\lib\auth\auth.types.ts.backup-20260907-113059"
"GENERATED_OR_BACKUP","\lib\auth\auth.types.ts.backup-20260907-115207"
"SOURCE_CODE","\lib\auth\auth.utils.ts"
"GENERATED_OR_BACKUP","\lib\auth\auth.utils.ts.backup-20260907-115207"
"SOURCE_CODE","\lib\auth\password.service.ts"
"GENERATED_OR_BACKUP","\lib\auth\password.service.ts.backup-20260907-115207"
"SOURCE_CODE","\lib\auth\password.types.ts"
"SOURCE_CODE","\lib\auth\provider.types.ts"
"SOURCE_CODE","\lib\auth\role.types.ts"
"SOURCE_CODE","\lib\auth\session.service.ts"
"GENERATED_OR_BACKUP","\lib\auth\session.service.ts.backup-20260907-115207"
"SOURCE_CODE","\lib\auth\session.types.ts"
"GENERATED_OR_BACKUP","\lib\auth\session.types.ts.backup-20260907-115207"
"SOURCE_CODE","\lib\auth\social-auth.service.ts"
"SOURCE_CODE","\lib\auth\user.types.ts"
"GENERATED_OR_BACKUP","\lib\auth\user.types.ts.backup-20260907-115207"
"SOURCE_CODE","\lib\auth\verification.service.ts"
"GENERATED_OR_BACKUP","\lib\auth\verification.service.ts.backup-20260907-115207"
"SOURCE_CODE","\lib\auth\verification.types.ts"
"GENERATED_OR_BACKUP","\lib\auth\verification.types.ts.backup-20260907-115207"
"SOURCE_CODE","\lib\authentication\auth.constants.ts"
"SOURCE_CODE","\lib\authentication\auth.repository.ts"
"SOURCE_CODE","\lib\authentication\auth.service.ts"
"SOURCE_CODE","\lib\authentication\auth.types.ts"
"SOURCE_CODE","\lib\authentication\auth.utils.ts"
"SOURCE_CODE","\lib\authentication\password.service.ts"
"SOURCE_CODE","\lib\authentication\session.service.ts"
"SOURCE_CODE","\lib\authentication\session.types.ts"
"SOURCE_CODE","\lib\authentication\user.types.ts"
"SOURCE_CODE","\lib\authentication\verification.service.ts"
"SOURCE_CODE","\lib\authentication\verification.types.ts"
"GENERATED_OR_BACKUP","\lib\city-intelligence\city-analysis.service.ts.backup-20260907-120619"
"SOURCE_CODE","\lib\city-intelligence\city-architecture.types.ts"
"SOURCE_CODE","\lib\city-intelligence\city-data.types.ts"
"SOURCE_CODE","\lib\city-intelligence\city-economy.types.ts"
"SOURCE_CODE","\lib\city-intelligence\city-history.types.ts"
"SOURCE_CODE","\lib\city-intelligence\city-indicator.service.ts"
"SOURCE_CODE","\lib\city-intelligence\city-indicator.types.ts"
"SOURCE_CODE","\lib\city-intelligence\city-location.types.ts"
"SOURCE_CODE","\lib\city-intelligence\city-market.types.ts"
"SOURCE_CODE","\lib\city-intelligence\city-quality.types.ts"
"GENERATED_OR_BACKUP","\lib\city-intelligence\city-ranking.service.ts.backup-20260907-115813"
"GENERATED_OR_BACKUP","\lib\city-intelligence\city-ranking.service.ts.backup-20260907-120619"
"GENERATED_OR_BACKUP","\lib\city-intelligence\city-score.types.ts.backup-20260907-120619"
"GENERATED_OR_BACKUP","\lib\city-intelligence\city.constants.ts.backup-20260907-114619"
"GENERATED_OR_BACKUP","\lib\city-intelligence\city.constants.ts.backup-20260907-115813"
"GENERATED_OR_BACKUP","\lib\city-intelligence\city.constants.ts.backup-20260907-120619"
"GENERATED_OR_BACKUP","\lib\city-intelligence\city.repository.ts.backup-20260907-114619"
"GENERATED_OR_BACKUP","\lib\city-intelligence\city.repository.ts.backup-20260907-115813"
"GENERATED_OR_BACKUP","\lib\city-intelligence\city.repository.ts.backup-20260907-120619"
"GENERATED_OR_BACKUP","\lib\city-intelligence\city.service.ts.backup-20260907-114619"
"GENERATED_OR_BACKUP","\lib\city-intelligence\city.service.ts.backup-20260907-115813"
"GENERATED_OR_BACKUP","\lib\city-intelligence\city.service.ts.backup-20260907-120619"
"GENERATED_OR_BACKUP","\lib\city-intelligence\city.types.ts.backup-20260907-114619"
"GENERATED_OR_BACKUP","\lib\city-intelligence\city.types.ts.backup-20260907-115813"
"GENERATED_OR_BACKUP","\lib\city-intelligence\city.types.ts.backup-20260907-120619"
"GENERATED_OR_BACKUP","\lib\city-intelligence\city.utils.ts.backup-20260907-114619"
"GENERATED_OR_BACKUP","\lib\city-intelligence\city.utils.ts.backup-20260907-115813"
"GENERATED_OR_BACKUP","\lib\city-intelligence\city.utils.ts.backup-20260907-120619"
"GENERATED_OR_BACKUP","\lib\city-intelligence\country.types.ts.backup-20260907-121658"
"GENERATED_OR_BACKUP","\lib\city-intelligence\infrastructure.types.ts.backup-20260907-121658"
"SOURCE_CODE","\lib\city-intelligence\quality-life.types.ts"
"SOURCE_CODE","\lib\city-intelligence\ranking.service.ts"
"SOURCE_CODE","\lib\city-intelligence\sustainability.service.ts"
"SOURCE_CODE","\lib\city-intelligence\sustainability.types.ts"
"GENERATED_OR_BACKUP","\lib\city-intelligence\urban-analysis.service.ts.backup-20260907-114619"
"GENERATED_OR_BACKUP","\lib\city-intelligence\urban-analysis.service.ts.backup-20260907-121658"
"GENERATED_OR_BACKUP","\lib\city-intelligence\urban-data.types.ts.backup-20260907-121658"
"GENERATED_OR_BACKUP","\lib\city-intelligence\urban.types.ts.backup-20260907-120619"
"SOURCE_CODE","\lib\community\bookmark.types.ts"
"SOURCE_CODE","\lib\community\comment.types.ts"
"SOURCE_CODE","\lib\community\community.constants.ts"
"SOURCE_CODE","\lib\community\community.types.ts"
"SOURCE_CODE","\lib\community\interaction.types.ts"
"SOURCE_CODE","\lib\community\reaction.types.ts"
"SOURCE_CODE","\lib\content\content.types.ts"
"SOURCE_CODE","\lib\content\language.types.ts"
"SOURCE_CODE","\lib\content\organization.types.ts"
"SOURCE_CODE","\lib\content\regulation.types.ts"
"SOURCE_CODE","\lib\content\source.types.ts"
"SOURCE_CODE","\lib\content-engine\content.constants.ts"
"SOURCE_CODE","\lib\content-engine\content.repository.ts"
"SOURCE_CODE","\lib\content-engine\content.service.ts"
"SOURCE_CODE","\lib\content-engine\content.types.ts"
"SOURCE_CODE","\lib\content-engine\content.utils.ts"
"SOURCE_CODE","\lib\content-engine\content.validators.ts"
"SOURCE_CODE","\lib\content-engine\database\content.repository.ts"
"SOURCE_CODE","\lib\content-engine\database\source.repository.ts"
"SOURCE_CODE","\lib\content-engine\database\translation.repository.ts"
"SOURCE_CODE","\lib\content-engine\services\content.service.ts"
"SOURCE_CODE","\lib\content-engine\services\publishing.service.ts"
"SOURCE_CODE","\lib\content-engine\services\translation.service.ts"
"GENERATED_OR_BACKUP","\lib\content-intelligence\content-ai.service.ts.backup-20260907-120140"
"GENERATED_OR_BACKUP","\lib\content-intelligence\content-ai.types.ts.backup-20260907-120140"
"GENERATED_OR_BACKUP","\lib\content-intelligence\content.constants.ts.backup-20260907-120140"
"GENERATED_OR_BACKUP","\lib\content-intelligence\content.repository.ts.backup-20260907-120140"
"GENERATED_OR_BACKUP","\lib\content-intelligence\content.service.ts.backup-20260907-120140"
"GENERATED_OR_BACKUP","\lib\content-intelligence\content.types.ts.backup-20260907-120140"
"GENERATED_OR_BACKUP","\lib\content-intelligence\content.utils.ts.backup-20260907-120140"
"SOURCE_CODE","\lib\content-intelligence\locale.types.ts"
"SOURCE_CODE","\lib\content-intelligence\localization.service.ts"
"SOURCE_CODE","\lib\content-intelligence\localization.types.ts"
"GENERATED_OR_BACKUP","\lib\content-intelligence\seo.service.ts.backup-20260907-120140"
"GENERATED_OR_BACKUP","\lib\content-intelligence\seo.types.ts.backup-20260907-120140"
"GENERATED_OR_BACKUP","\lib\content-intelligence\translation.service.ts.backup-20260907-120140"
"GENERATED_OR_BACKUP","\lib\content-intelligence\translation.types.ts.backup-20260907-120140"
"SOURCE_CODE","\lib\content-management\content-author.types.ts"
"SOURCE_CODE","\lib\content-management\content-management.types.ts"
"SOURCE_CODE","\lib\content-management\content-status.types.ts"
"SOURCE_CODE","\lib\content-management\content-version.types.ts"
"SOURCE_CODE","\lib\content-moderation\moderation.constants.ts"
"SOURCE_CODE","\lib\content-moderation\moderation.repository.ts"
"SOURCE_CODE","\lib\content-moderation\moderation.service.ts"
"SOURCE_CODE","\lib\content-moderation\moderation.types.ts"
"SOURCE_CODE","\lib\content-moderation\moderation.utils.ts"
"SOURCE_CODE","\lib\content-moderation\quality.service.ts"
"SOURCE_CODE","\lib\content-moderation\review.service.ts"
"SOURCE_CODE","\lib\content-moderation\workflow.service.ts"
"SOURCE_CODE","\lib\dashboard\dashboard.constants.ts"
"SOURCE_CODE","\lib\dashboard\dashboard.layout.ts"
"SOURCE_CODE","\lib\dashboard\dashboard.preferences.ts"
"SOURCE_CODE","\lib\dashboard\dashboard.types.ts"
"SOURCE_CODE","\lib\dashboard\dashboard.utils.ts"
"SOURCE_CODE","\lib\dashboard\dashboard.widgets.ts"
"SOURCE_CODE","\lib\dashboard-intelligence\activity.service.ts"
"SOURCE_CODE","\lib\dashboard-intelligence\dashboard.constants.ts"
"SOURCE_CODE","\lib\dashboard-intelligence\dashboard.repository.ts"
"SOURCE_CODE","\lib\dashboard-intelligence\dashboard.service.ts"
"SOURCE_CODE","\lib\dashboard-intelligence\dashboard.types.ts"
"SOURCE_CODE","\lib\dashboard-intelligence\dashboard.utils.ts"
"SOURCE_CODE","\lib\dashboard-intelligence\insight.service.ts"
"GENERATED_OR_BACKUP","\lib\data-intelligence\data.constants.ts.backup-20260907-123910"
"GENERATED_OR_BACKUP","\lib\data-intelligence\data.types.ts.backup-20260907-123910"
"GENERATED_OR_BACKUP","\lib\data-intelligence\indicator.types.ts.backup-20260907-123910"
"SOURCE_CODE","\lib\data-intelligence\market.types.ts"
"GENERATED_OR_BACKUP","\lib\data-intelligence\metric.types.ts.backup-20260907-123910"
"SOURCE_CODE","\lib\deployment\environment.contract.ts"
"SOURCE_CODE","\lib\deployment\runtime.config.ts"
"SOURCE_CODE","\lib\design-system\index.ts"
"GENERATED_OR_BACKUP","\lib\discovery\filter.types.ts.backup-20260907-131643"
"SOURCE_CODE","\lib\discovery\professional.types.ts"
"GENERATED_OR_BACKUP","\lib\discovery\ranking.types.ts.backup-20260907-131643"
"GENERATED_OR_BACKUP","\lib\discovery\search.types.ts.backup-20260907-131643"
"SOURCE_CODE","\lib\governance\authority.types.ts"
"SOURCE_CODE","\lib\governance\document.types.ts"
"SOURCE_CODE","\lib\governance\governance.constants.ts"
"SOURCE_CODE","\lib\governance\governance.types.ts"
"SOURCE_CODE","\lib\governance\governance.utils.ts"
"SOURCE_CODE","\lib\governance\regulation.types.ts"
"SOURCE_CODE","\lib\governance\source.types.ts"
"SOURCE_CODE","\lib\identity\identity.constants.ts"
"SOURCE_CODE","\lib\identity\identity.repository.ts"
"SOURCE_CODE","\lib\identity\identity.service.ts"
"SOURCE_CODE","\lib\identity\identity.types.ts"
"SOURCE_CODE","\lib\identity\session.repository.ts"
"SOURCE_CODE","\lib\identity\verification.repository.ts"
"SOURCE_CODE","\lib\intelligence\intelligence.constants.ts"
"SOURCE_CODE","\lib\intelligence\intelligence.utils.ts"
"SOURCE_CODE","\lib\intelligence\personalization.types.ts"
"SOURCE_CODE","\lib\intelligence\preference-engine.types.ts"
"SOURCE_CODE","\lib\intelligence\recommendation.types.ts"
"SOURCE_CODE","\lib\intelligence\user-signals.types.ts"
"SOURCE_CODE","\lib\investment\investment.constants.ts"
"SOURCE_CODE","\lib\investment\investment.types.ts"
"SOURCE_CODE","\lib\investment\investor.types.ts"
"SOURCE_CODE","\lib\investment\opportunity.types.ts"
"SOURCE_CODE","\lib\investment\project.types.ts"
"SOURCE_CODE","\lib\investment\risk.types.ts"
"GENERATED_OR_BACKUP","\lib\knowledge\entity.types.ts.backup-20260907-132522"
"GENERATED_OR_BACKUP","\lib\knowledge\graph.types.ts.backup-20260907-132522"
"GENERATED_OR_BACKUP","\lib\knowledge\knowledge.constants.ts.backup-20260907-132522"
"SOURCE_CODE","\lib\knowledge\relationship.types.ts"
"GENERATED_OR_BACKUP","\lib\knowledge-graph\entity.service.ts.backup-20260907-114721"
"GENERATED_OR_BACKUP","\lib\knowledge-graph\entity.service.ts.backup-20260907-120000"
"GENERATED_OR_BACKUP","\lib\knowledge-graph\entity.types.ts.backup-20260907-120000"
"GENERATED_OR_BACKUP","\lib\knowledge-graph\graph-query.service.ts.backup-20260907-134127"
"GENERATED_OR_BACKUP","\lib\knowledge-graph\graph.constants.ts.backup-20260907-114721"
"GENERATED_OR_BACKUP","\lib\knowledge-graph\graph.constants.ts.backup-20260907-120000"
"GENERATED_OR_BACKUP","\lib\knowledge-graph\graph.repository.ts.backup-20260907-114721"
"GENERATED_OR_BACKUP","\lib\knowledge-graph\graph.repository.ts.backup-20260907-120000"
"GENERATED_OR_BACKUP","\lib\knowledge-graph\graph.service.ts.backup-20260907-114721"
"GENERATED_OR_BACKUP","\lib\knowledge-graph\graph.service.ts.backup-20260907-120000"
"GENERATED_OR_BACKUP","\lib\knowledge-graph\graph.types.ts.backup-20260907-114721"
"GENERATED_OR_BACKUP","\lib\knowledge-graph\graph.types.ts.backup-20260907-120000"
"GENERATED_OR_BACKUP","\lib\knowledge-graph\graph.utils.ts.backup-20260907-114721"
"GENERATED_OR_BACKUP","\lib\knowledge-graph\graph.utils.ts.backup-20260907-120000"
"GENERATED_OR_BACKUP","\lib\knowledge-graph\relation.service.ts.backup-20260907-114721"
"GENERATED_OR_BACKUP","\lib\knowledge-graph\relation.service.ts.backup-20260907-120000"
"GENERATED_OR_BACKUP","\lib\knowledge-graph\relation.types.ts.backup-20260907-120000"
"GENERATED_OR_BACKUP","\lib\knowledge-graph\semantic.service.ts.backup-20260907-120851"
"GENERATED_OR_BACKUP","\lib\knowledge-graph\semantic.types.ts.backup-20260907-120851"
"GENERATED_OR_BACKUP","\lib\market-intelligence\analytics.service.ts.backup-20260907-133451"
"GENERATED_OR_BACKUP","\lib\market-intelligence\analytics.types.ts.backup-20260907-133451"
"GENERATED_OR_BACKUP","\lib\market-intelligence\forecast.service.ts.backup-20260907-122046"
"GENERATED_OR_BACKUP","\lib\market-intelligence\forecast.types.ts.backup-20260907-120714"
"GENERATED_OR_BACKUP","\lib\market-intelligence\investment.service.ts.backup-20260907-115731"
"GENERATED_OR_BACKUP","\lib\market-intelligence\investment.service.ts.backup-20260907-135622"
"GENERATED_OR_BACKUP","\lib\market-intelligence\investment.types.ts.backup-20260907-115731"
"GENERATED_OR_BACKUP","\lib\market-intelligence\investment.types.ts.backup-20260907-135622"
"GENERATED_OR_BACKUP","\lib\market-intelligence\market-data.types.ts.backup-20260907-115731"
"GENERATED_OR_BACKUP","\lib\market-intelligence\market-data.types.ts.backup-20260907-122046"
"GENERATED_OR_BACKUP","\lib\market-intelligence\market.constants.ts.backup-20260907-115731"
"GENERATED_OR_BACKUP","\lib\market-intelligence\market.constants.ts.backup-20260907-120714"
"GENERATED_OR_BACKUP","\lib\market-intelligence\market.repository.ts.backup-20260907-115731"
"GENERATED_OR_BACKUP","\lib\market-intelligence\market.repository.ts.backup-20260907-120714"
"GENERATED_OR_BACKUP","\lib\market-intelligence\market.service.ts.backup-20260907-115731"
"GENERATED_OR_BACKUP","\lib\market-intelligence\market.service.ts.backup-20260907-120714"
"GENERATED_OR_BACKUP","\lib\market-intelligence\market.types.ts.backup-20260907-115731"
"GENERATED_OR_BACKUP","\lib\market-intelligence\market.types.ts.backup-20260907-120714"
"GENERATED_OR_BACKUP","\lib\market-intelligence\market.utils.ts.backup-20260907-115731"
"GENERATED_OR_BACKUP","\lib\market-intelligence\market.utils.ts.backup-20260907-120714"
"SOURCE_CODE","\lib\market-intelligence\price-analysis.service.ts"
"SOURCE_CODE","\lib\market-intelligence\price-analysis.types.ts"
"GENERATED_OR_BACKUP","\lib\market-intelligence\price-index.types.ts.backup-20260907-135622"
"SOURCE_CODE","\lib\market-intelligence\report.service.ts"
"SOURCE_CODE","\lib\market-intelligence\report.types.ts"
"GENERATED_OR_BACKUP","\lib\market-intelligence\trend.service.ts.backup-20260907-122046"
"GENERATED_OR_BACKUP","\lib\market-intelligence\trend.types.ts.backup-20260907-115731"
"GENERATED_OR_BACKUP","\lib\market-intelligence\trend.types.ts.backup-20260907-125914"
"SOURCE_CODE","\lib\notification-intelligence\event.service.ts"
"SOURCE_CODE","\lib\notification-intelligence\notification.constants.ts"
"SOURCE_CODE","\lib\notification-intelligence\notification.repository.ts"
"SOURCE_CODE","\lib\notification-intelligence\notification.service.ts"
"SOURCE_CODE","\lib\notification-intelligence\notification.types.ts"
"SOURCE_CODE","\lib\notification-intelligence\notification.utils.ts"
"SOURCE_CODE","\lib\notification-intelligence\preference.service.ts"
"SOURCE_CODE","\lib\notifications\notification.category.ts"
"SOURCE_CODE","\lib\notifications\notification.constants.ts"
"SOURCE_CODE","\lib\notifications\notification.preferences.ts"
"SOURCE_CODE","\lib\notifications\notification.priority.ts"
"SOURCE_CODE","\lib\notifications\notification.status.ts"
"SOURCE_CODE","\lib\notifications\notification.types.ts"
"SOURCE_CODE","\lib\performance\monitoring.ts"
"GENERATED_OR_BACKUP","\lib\performance\performance.constants.ts.backup-20260907-132112"
"GENERATED_OR_BACKUP","\lib\performance\performance.types.ts.backup-20260907-132112"
"GENERATED_OR_BACKUP","\lib\performance\performance.utils.ts.backup-20260907-132112"
"SOURCE_CODE","\lib\professional-directory\company.types.ts"
"SOURCE_CODE","\lib\professional-directory\directory.constants.ts"
"SOURCE_CODE","\lib\professional-directory\directory.service.ts"
"SOURCE_CODE","\lib\professional-directory\directory.utils.ts"
"SOURCE_CODE","\lib\professional-directory\expert.types.ts"
"SOURCE_CODE","\lib\professional-directory\professional.constants.ts"
"SOURCE_CODE","\lib\professional-directory\professional.repository.ts"
"SOURCE_CODE","\lib\professional-directory\professional.service.ts"
"SOURCE_CODE","\lib\professional-directory\professional.types.ts"
"GENERATED_OR_BACKUP","\lib\professional-directory\professional.types.ts.backup-20260907-113550"
"SOURCE_CODE","\lib\professional-directory\professional.utils.ts"
"SOURCE_CODE","\lib\professional-directory\ranking.service.ts"
"SOURCE_CODE","\lib\professional-directory\ranking.types.ts"
"SOURCE_CODE","\lib\professional-directory\review.service.ts"
"SOURCE_CODE","\lib\professional-directory\verification.service.ts"
"SOURCE_CODE","\lib\professional-directory\verification.types.ts"
"SOURCE_CODE","\lib\professional-ecosystem\ecosystem.constants.ts"
"SOURCE_CODE","\lib\professional-ecosystem\ecosystem.utils.ts"
"GENERATED_OR_BACKUP","\lib\professional-ecosystem\matching.service.ts.backup-20260907-121035"
"GENERATED_OR_BACKUP","\lib\professional-ecosystem\organization.types.ts.backup-20260907-120322"
"GENERATED_OR_BACKUP","\lib\professional-ecosystem\professional.constants.ts.backup-20260907-120322"
"GENERATED_OR_BACKUP","\lib\professional-ecosystem\professional.repository.ts.backup-20260907-115046"
"GENERATED_OR_BACKUP","\lib\professional-ecosystem\professional.repository.ts.backup-20260907-120322"
"GENERATED_OR_BACKUP","\lib\professional-ecosystem\professional.service.ts.backup-20260907-115046"
"GENERATED_OR_BACKUP","\lib\professional-ecosystem\professional.service.ts.backup-20260907-120322"
"GENERATED_OR_BACKUP","\lib\professional-ecosystem\professional.types.ts.backup-20260907-115046"
"GENERATED_OR_BACKUP","\lib\professional-ecosystem\professional.types.ts.backup-20260907-120322"
"GENERATED_OR_BACKUP","\lib\professional-ecosystem\professional.utils.ts.backup-20260907-120322"
"SOURCE_CODE","\lib\professional-ecosystem\provider.types.ts"
"GENERATED_OR_BACKUP","\lib\professional-ecosystem\ranking.service.ts.backup-20260907-115046"
"GENERATED_OR_BACKUP","\lib\professional-ecosystem\ranking.service.ts.backup-20260907-120322"
"GENERATED_OR_BACKUP","\lib\professional-ecosystem\ranking.types.ts.backup-20260907-115046"
"GENERATED_OR_BACKUP","\lib\professional-ecosystem\ranking.types.ts.backup-20260907-120322"
"GENERATED_OR_BACKUP","\lib\professional-ecosystem\reputation.service.ts.backup-20260907-121035"
"GENERATED_OR_BACKUP","\lib\professional-ecosystem\reputation.types.ts.backup-20260907-120322"
"SOURCE_CODE","\lib\professional-ecosystem\review.service.ts"
"SOURCE_CODE","\lib\professional-ecosystem\review.types.ts"
"SOURCE_CODE","\lib\professional-ecosystem\service.types.ts"
"GENERATED_OR_BACKUP","\lib\professional-ecosystem\service.types.ts.backup-20260907-115046"
"GENERATED_OR_BACKUP","\lib\professional-ecosystem\verification.service.ts.backup-20260907-120322"
"GENERATED_OR_BACKUP","\lib\professional-ecosystem\verification.types.ts.backup-20260907-120322"
"SOURCE_CODE","\lib\professionals\professional.category.ts"
"SOURCE_CODE","\lib\professionals\professional.constants.ts"
"SOURCE_CODE","\lib\professionals\professional.profile.ts"
"SOURCE_CODE","\lib\professionals\professional.role.ts"
"SOURCE_CODE","\lib\professionals\professional.types.ts"
"SOURCE_CODE","\lib\professionals\professional.verification.ts"
"SOURCE_CODE","\lib\profile\profile.activity.ts"
"SOURCE_CODE","\lib\profile\profile.constants.ts"
"SOURCE_CODE","\lib\profile\profile.preferences.ts"
"SOURCE_CODE","\lib\profile\profile.settings.ts"
"SOURCE_CODE","\lib\profile\profile.types.ts"
"SOURCE_CODE","\lib\profile\profile.validators.ts"
"SOURCE_CODE","\lib\profile-intelligence\activity-profile.service.ts"
"SOURCE_CODE","\lib\profile-intelligence\preference.service.ts"
"SOURCE_CODE","\lib\profile-intelligence\profile.constants.ts"
"SOURCE_CODE","\lib\profile-intelligence\profile.repository.ts"
"SOURCE_CODE","\lib\profile-intelligence\profile.service.ts"
"SOURCE_CODE","\lib\profile-intelligence\profile.types.ts"
"SOURCE_CODE","\lib\profile-intelligence\profile.utils.ts"
"SOURCE_CODE","\lib\profile-platform\activity.service.ts"
"SOURCE_CODE","\lib\profile-platform\activity.types.ts"
"SOURCE_CODE","\lib\profile-platform\dashboard.service.ts"
"SOURCE_CODE","\lib\profile-platform\dashboard.types.ts"
"SOURCE_CODE","\lib\profile-platform\organization-profile.types.ts"
"SOURCE_CODE","\lib\profile-platform\preference.service.ts"
"SOURCE_CODE","\lib\profile-platform\preference.types.ts"
"SOURCE_CODE","\lib\profile-platform\professional-profile.types.ts"
"SOURCE_CODE","\lib\profile-platform\profile.constants.ts"
"SOURCE_CODE","\lib\profile-platform\profile.repository.ts"
"SOURCE_CODE","\lib\profile-platform\profile.service.ts"
"SOURCE_CODE","\lib\profile-platform\profile.types.ts"
"SOURCE_CODE","\lib\profile-platform\profile.utils.ts"
"SOURCE_CODE","\lib\profile-platform\user-profile.types.ts"
"GENERATED_OR_BACKUP","\lib\property-intelligence\property-analysis.service.ts.backup-20260907-115633"
"GENERATED_OR_BACKUP","\lib\property-intelligence\property-analysis.service.ts.backup-20260907-120411"
"SOURCE_CODE","\lib\property-intelligence\property-analysis.types.ts"
"GENERATED_OR_BACKUP","\lib\property-intelligence\property-analysis.types.ts.backup-20260907-114404"
"GENERATED_OR_BACKUP","\lib\property-intelligence\property-analysis.types.ts.backup-20260907-115633"
"SOURCE_CODE","\lib\property-intelligence\property-category.types.ts"
"GENERATED_OR_BACKUP","\lib\property-intelligence\property-feature.types.ts.backup-20260907-115633"
"GENERATED_OR_BACKUP","\lib\property-intelligence\property-feature.types.ts.backup-20260907-120411"
"GENERATED_OR_BACKUP","\lib\property-intelligence\property-intelligence.service.ts.backup-20260907-130048"
"SOURCE_CODE","\lib\property-intelligence\property-intelligence.utils.ts"
"GENERATED_OR_BACKUP","\lib\property-intelligence\property-location.types.ts.backup-20260907-115633"
"GENERATED_OR_BACKUP","\lib\property-intelligence\property-location.types.ts.backup-20260907-120411"
"GENERATED_OR_BACKUP","\lib\property-intelligence\property-market.types.ts.backup-20260907-120411"
"GENERATED_OR_BACKUP","\lib\property-intelligence\property-media.types.ts.backup-20260907-120411"
"GENERATED_OR_BACKUP","\lib\property-intelligence\property-ranking.service.ts.backup-20260907-121221"
"GENERATED_OR_BACKUP","\lib\property-intelligence\property-ranking.types.ts.backup-20260907-130048"
"SOURCE_CODE","\lib\property-intelligence\property-score.service.ts"
"GENERATED_OR_BACKUP","\lib\property-intelligence\property-score.types.ts.backup-20260907-120411"
"GENERATED_OR_BACKUP","\lib\property-intelligence\property-search.service.ts.backup-20260907-115633"
"GENERATED_OR_BACKUP","\lib\property-intelligence\property-search.service.ts.backup-20260907-120411"
"SOURCE_CODE","\lib\property-intelligence\property-search.types.ts"
"GENERATED_OR_BACKUP","\lib\property-intelligence\property.constants.ts.backup-20260907-114404"
"GENERATED_OR_BACKUP","\lib\property-intelligence\property.constants.ts.backup-20260907-115633"
"GENERATED_OR_BACKUP","\lib\property-intelligence\property.constants.ts.backup-20260907-120411"
"GENERATED_OR_BACKUP","\lib\property-intelligence\property.repository.ts.backup-20260907-115633"
"GENERATED_OR_BACKUP","\lib\property-intelligence\property.repository.ts.backup-20260907-120411"
"GENERATED_OR_BACKUP","\lib\property-intelligence\property.service.ts.backup-20260907-115633"
"GENERATED_OR_BACKUP","\lib\property-intelligence\property.service.ts.backup-20260907-120411"
"GENERATED_OR_BACKUP","\lib\property-intelligence\property.types.ts.backup-20260907-114404"
"GENERATED_OR_BACKUP","\lib\property-intelligence\property.types.ts.backup-20260907-115633"
"GENERATED_OR_BACKUP","\lib\property-intelligence\property.types.ts.backup-20260907-120411"
"GENERATED_OR_BACKUP","\lib\property-intelligence\property.utils.ts.backup-20260907-115634"
"GENERATED_OR_BACKUP","\lib\property-intelligence\property.utils.ts.backup-20260907-120411"
"SOURCE_CODE","\lib\real-estate-ai\analytics.constants.ts"
"SOURCE_CODE","\lib\real-estate-ai\analytics.service.ts"
"SOURCE_CODE","\lib\real-estate-ai\analytics.types.ts"
"SOURCE_CODE","\lib\real-estate-ai\analytics.utils.ts"
"SOURCE_CODE","\lib\real-estate-ai\investment-score.types.ts"
"SOURCE_CODE","\lib\real-estate-ai\market-score.types.ts"
"SOURCE_CODE","\lib\real-estate-ai\prediction.types.ts"
"SOURCE_CODE","\lib\real-estate-ai\valuation.service.ts"
"SOURCE_CODE","\lib\real-estate-ai\valuation.types.ts"
"GENERATED_OR_BACKUP","\lib\real-estate-intelligence\intelligence.utils.ts.backup-20260907-134815"
"SOURCE_CODE","\lib\real-estate-intelligence\market.constants.ts"
"GENERATED_OR_BACKUP","\lib\real-estate-intelligence\market.repository.ts.backup-20260907-134815"
"GENERATED_OR_BACKUP","\lib\real-estate-intelligence\market.service.ts.backup-20260907-134815"
"GENERATED_OR_BACKUP","\lib\real-estate-intelligence\market.types.ts.backup-20260907-134815"
"GENERATED_OR_BACKUP","\lib\real-estate-intelligence\property.repository.ts.backup-20260907-134815"
"SOURCE_CODE","\lib\real-estate-intelligence\property.types.ts"
"SOURCE_CODE","\lib\real-estate-intelligence\trend.service.ts"
"GENERATED_OR_BACKUP","\lib\real-estate-intelligence\valuation.service.ts.backup-20260907-134815"
"SOURCE_CODE","\lib\recommendation\preference.service.ts"
"SOURCE_CODE","\lib\recommendation\recommendation.constants.ts"
"SOURCE_CODE","\lib\recommendation\recommendation.repository.ts"
"SOURCE_CODE","\lib\recommendation\recommendation.service.ts"
"SOURCE_CODE","\lib\recommendation\recommendation.types.ts"
"SOURCE_CODE","\lib\recommendation\recommendation.utils.ts"
"SOURCE_CODE","\lib\recommendation\scoring.service.ts"
"SOURCE_CODE","\lib\regulations-intelligence\compliance.service.ts"
"SOURCE_CODE","\lib\regulations-intelligence\organization.types.ts"
"SOURCE_CODE","\lib\regulations-intelligence\regulation.constants.ts"
"SOURCE_CODE","\lib\regulations-intelligence\regulation.repository.ts"
"SOURCE_CODE","\lib\regulations-intelligence\regulation.service.ts"
"SOURCE_CODE","\lib\regulations-intelligence\regulation.types.ts"
"SOURCE_CODE","\lib\regulations-intelligence\regulation.utils.ts"
"SOURCE_CODE","\lib\regulations-intelligence\source-link.types.ts"
"SOURCE_CODE","\lib\regulations-intelligence\source-validation.service.ts"
"SOURCE_CODE","\lib\release\release.constants.ts"
"SOURCE_CODE","\lib\release\release.service.ts"
"SOURCE_CODE","\lib\release\release.types.ts"
"SOURCE_CODE","\lib\release\release.utils.ts"
"SOURCE_CODE","\lib\reports\reports.author.ts"
"SOURCE_CODE","\lib\reports\reports.category.ts"
"SOURCE_CODE","\lib\reports\reports.constants.ts"
"SOURCE_CODE","\lib\reports\reports.status.ts"
"SOURCE_CODE","\lib\reports\reports.types.ts"
"SOURCE_CODE","\lib\search\search.constants.ts"
"SOURCE_CODE","\lib\search\search.filters.ts"
"SOURCE_CODE","\lib\search\search.query.ts"
"SOURCE_CODE","\lib\search-engine\ranking.service.ts"
"SOURCE_CODE","\lib\search-engine\search.constants.ts"
"SOURCE_CODE","\lib\search-engine\search.repository.ts"
"SOURCE_CODE","\lib\search-engine\search.service.ts"
"SOURCE_CODE","\lib\search-engine\search.types.ts"
"SOURCE_CODE","\lib\search-engine\search.utils.ts"
"SOURCE_CODE","\lib\search-engine\semantic.service.ts"
"SOURCE_CODE","\lib\search-experience\filter.service.ts"
"SOURCE_CODE","\lib\search-experience\ranking.service.ts"
"SOURCE_CODE","\lib\search-experience\search.constants.ts"
"SOURCE_CODE","\lib\search-experience\search.repository.ts"
"SOURCE_CODE","\lib\search-experience\search.service.ts"
"SOURCE_CODE","\lib\search-experience\search.types.ts"
"SOURCE_CODE","\lib\search-experience\search.utils.ts"
"SOURCE_CODE","\lib\search-experience\suggestion.service.ts"
"GENERATED_OR_BACKUP","\lib\security\audit.service.ts.backup-20260907-130600"
"SOURCE_CODE","\lib\security\guard.service.ts"
"SOURCE_CODE","\lib\security\headers.ts"
"GENERATED_OR_BACKUP","\lib\security\permission.service.ts.backup-20260907-130601"
"GENERATED_OR_BACKUP","\lib\security\permission.types.ts.backup-20260907-130600"
"GENERATED_OR_BACKUP","\lib\security\role.service.ts.backup-20260907-130600"
"GENERATED_OR_BACKUP","\lib\security\security.constants.ts.backup-20260907-113242"
"GENERATED_OR_BACKUP","\lib\security\security.constants.ts.backup-20260907-130600"
"GENERATED_OR_BACKUP","\lib\security\security.service.ts.backup-20260907-131602"
"GENERATED_OR_BACKUP","\lib\security\security.types.ts.backup-20260907-113242"
"GENERATED_OR_BACKUP","\lib\security\security.types.ts.backup-20260907-130600"
"GENERATED_OR_BACKUP","\lib\security\security.utils.ts.backup-20260907-113242"
"GENERATED_OR_BACKUP","\lib\security\security.utils.ts.backup-20260907-130600"
"SOURCE_CODE","\lib\security\validation.ts"
"SOURCE_CODE","\lib\translation-engine\translation-cache.ts"
"SOURCE_CODE","\lib\translation-engine\translation-context.ts"
"SOURCE_CODE","\lib\translation-engine\translation-engine.types.ts"
"SOURCE_CODE","\lib\translation-engine\translation-memory.ts"
"SOURCE_CODE","\lib\translation-engine\translation-provider.types.ts"
"SOURCE_CODE","\lib\translation-engine\translation-service.ts"
"SOURCE_CODE","\lib\translation-engine\translation-validator.ts"
"SOURCE_CODE","\lib\translation-engine\translation.constants.ts"
"SOURCE_CODE","\lib\translation-intelligence\ai-translation.service.ts"
"SOURCE_CODE","\lib\translation-intelligence\language-detection.service.ts"
"SOURCE_CODE","\lib\translation-intelligence\locale.types.ts"
"SOURCE_CODE","\lib\translation-intelligence\translation-cache.service.ts"
"SOURCE_CODE","\lib\translation-intelligence\translation.constants.ts"
"SOURCE_CODE","\lib\translation-intelligence\translation.repository.ts"
"SOURCE_CODE","\lib\translation-intelligence\translation.service.ts"
"SOURCE_CODE","\lib\translation-intelligence\translation.types.ts"
"SOURCE_CODE","\lib\translation-intelligence\translation.utils.ts"
"SOURCE_CODE","\lib\ux\ux.config.ts"
"SOURCE_CODE","\lib\ux\ux.types.ts"
"GENERATED_OR_BACKUP","\node_modules\@standard-schema\spec\dist\index.js"
"GENERATED_OR_BACKUP","\node_modules\@visx\shape\esm\types\index.js"
"GENERATED_OR_BACKUP","\node_modules\client-only\index.js"
"GENERATED_OR_BACKUP","\node_modules\next\dist\build\adapter\setup-node-env.external.d.ts"
"GENERATED_OR_BACKUP","\node_modules\next\dist\build\jest\__mocks__\empty.d.ts"
"GENERATED_OR_BACKUP","\node_modules\next\dist\build\jest\__mocks__\fileMock.d.ts"
"GENERATED_OR_BACKUP","\node_modules\next\dist\build\jest\__mocks__\nextFontMock.d.ts"
"GENERATED_OR_BACKUP","\node_modules\next\dist\build\jest\__mocks__\styleMock.d.ts"
"GENERATED_OR_BACKUP","\node_modules\next\dist\build\polyfills\process.d.ts"
"GENERATED_OR_BACKUP","\node_modules\next\dist\build\polyfills\fetch\whatwg-fetch.d.ts"
"GENERATED_OR_BACKUP","\node_modules\next\dist\build\polyfills\object.assign\auto.d.ts"
"GENERATED_OR_BACKUP","\node_modules\next\dist\build\polyfills\object.assign\implementation.d.ts"
"GENERATED_OR_BACKUP","\node_modules\next\dist\build\polyfills\object.assign\polyfill.d.ts"
"GENERATED_OR_BACKUP","\node_modules\next\dist\build\polyfills\object.assign\shim.d.ts"
"GENERATED_OR_BACKUP","\node_modules\next\dist\build\webpack\loaders\css-loader\src\runtime\getUrl.d.ts"
"GENERATED_OR_BACKUP","\node_modules\next\dist\compiled\@edge-runtime\primitives\abort-controller.js.LEGAL.txt"
"GENERATED_OR_BACKUP","\node_modules\next\dist\compiled\@edge-runtime\primitives\console.js.LEGAL.txt"
"GENERATED_OR_BACKUP","\node_modules\next\dist\compiled\@edge-runtime\primitives\crypto.js.LEGAL.txt"
"GENERATED_OR_BACKUP","\node_modules\next\dist\compiled\@edge-runtime\primitives\events.js.LEGAL.txt"
"GENERATED_OR_BACKUP","\node_modules\next\dist\compiled\@edge-runtime\primitives\index.js.LEGAL.txt"
"GENERATED_OR_BACKUP","\node_modules\next\dist\compiled\@edge-runtime\primitives\stream.js.LEGAL.txt"
"GENERATED_OR_BACKUP","\node_modules\next\dist\compiled\@edge-runtime\primitives\timers.js.LEGAL.txt"
"GENERATED_OR_BACKUP","\node_modules\next\dist\compiled\@edge-runtime\primitives\url.js.LEGAL.txt"
"GENERATED_OR_BACKUP","\node_modules\next\dist\compiled\client-only\index.js"
"GENERATED_OR_BACKUP","\node_modules\next\dist\compiled\server-only\empty.js"
"GENERATED_OR_BACKUP","\node_modules\next\dist\lib\require-instrumentation-client.d.ts"
"GENERATED_OR_BACKUP","\node_modules\next\dist\lib\setup-exception-listeners.d.ts"
"GENERATED_OR_BACKUP","\node_modules\next\dist\server\node-environment-baseline.d.ts"
"GENERATED_OR_BACKUP","\node_modules\next\dist\server\node-polyfill-crypto.d.ts"
"GENERATED_OR_BACKUP","\node_modules\next\dist\server\route-modules\app-page\vendored\contexts\app-router-context.d.ts"
"GENERATED_OR_BACKUP","\node_modules\next\dist\server\route-modules\app-page\vendored\contexts\head-manager-context.d.ts"
"GENERATED_OR_BACKUP","\node_modules\next\dist\server\route-modules\app-page\vendored\contexts\hooks-client-context.d.ts"
"GENERATED_OR_BACKUP","\node_modules\next\dist\server\route-modules\app-page\vendored\contexts\image-config-context.d.ts"
"GENERATED_OR_BACKUP","\node_modules\next\dist\server\route-modules\app-page\vendored\contexts\router-context.d.ts"
"GENERATED_OR_BACKUP","\node_modules\next\dist\server\route-modules\app-page\vendored\contexts\server-inserted-html.d.ts"
"GENERATED_OR_BACKUP","\node_modules\next\dist\server\route-modules\app-page\vendored\rsc\react-compiler-runtime.d.ts"
"GENERATED_OR_BACKUP","\node_modules\next\dist\server\route-modules\app-page\vendored\rsc\react-dom.d.ts"
"GENERATED_OR_BACKUP","\node_modules\next\dist\server\route-modules\app-page\vendored\rsc\react-jsx-dev-runtime.d.ts"
"GENERATED_OR_BACKUP","\node_modules\next\dist\server\route-modules\app-page\vendored\rsc\react-jsx-runtime.d.ts"
"GENERATED_OR_BACKUP","\node_modules\next\dist\server\route-modules\app-page\vendored\rsc\react-server-dom-turbopack-server.d.ts"
"GENERATED_OR_BACKUP","\node_modules\next\dist\server\route-modules\app-page\vendored\rsc\react-server-dom-turbopack-static.d.ts"
"GENERATED_OR_BACKUP","\node_modules\next\dist\server\route-modules\app-page\vendored\rsc\react-server-dom-webpack-server.d.ts"
"GENERATED_OR_BACKUP","\node_modules\next\dist\server\route-modules\app-page\vendored\rsc\react-server-dom-webpack-static.d.ts"
"GENERATED_OR_BACKUP","\node_modules\next\dist\server\route-modules\app-page\vendored\rsc\react.d.ts"
"GENERATED_OR_BACKUP","\node_modules\next\dist\server\route-modules\app-page\vendored\ssr\react-compiler-runtime.d.ts"
"GENERATED_OR_BACKUP","\node_modules\next\dist\server\route-modules\app-page\vendored\ssr\react-dom-server.d.ts"
"GENERATED_OR_BACKUP","\node_modules\next\dist\server\route-modules\app-page\vendored\ssr\react-dom.d.ts"
"GENERATED_OR_BACKUP","\node_modules\next\dist\server\route-modules\app-page\vendored\ssr\react-jsx-dev-runtime.d.ts"
"GENERATED_OR_BACKUP","\node_modules\next\dist\server\route-modules\app-page\vendored\ssr\react-jsx-runtime.d.ts"
"GENERATED_OR_BACKUP","\node_modules\next\dist\server\route-modules\app-page\vendored\ssr\react-server-dom-turbopack-client.d.ts"
"GENERATED_OR_BACKUP","\node_modules\next\dist\server\route-modules\app-page\vendored\ssr\react-server-dom-webpack-client.d.ts"
"GENERATED_OR_BACKUP","\node_modules\next\dist\server\route-modules\app-page\vendored\ssr\react.d.ts"
"GENERATED_OR_BACKUP","\node_modules\next\dist\server\route-modules\pages\vendored\contexts\app-router-context.d.ts"
"GENERATED_OR_BACKUP","\node_modules\next\dist\server\route-modules\pages\vendored\contexts\head-manager-context.d.ts"
"GENERATED_OR_BACKUP","\node_modules\next\dist\server\route-modules\pages\vendored\contexts\hooks-client-context.d.ts"
"GENERATED_OR_BACKUP","\node_modules\next\dist\server\route-modules\pages\vendored\contexts\html-context.d.ts"
"GENERATED_OR_BACKUP","\node_modules\next\dist\server\route-modules\pages\vendored\contexts\image-config-context.d.ts"
"GENERATED_OR_BACKUP","\node_modules\next\dist\server\route-modules\pages\vendored\contexts\loadable-context.d.ts"
"GENERATED_OR_BACKUP","\node_modules\next\dist\server\route-modules\pages\vendored\contexts\loadable.d.ts"
"GENERATED_OR_BACKUP","\node_modules\next\dist\server\route-modules\pages\vendored\contexts\router-context.d.ts"
"GENERATED_OR_BACKUP","\node_modules\next\dist\server\route-modules\pages\vendored\contexts\server-inserted-html.d.ts"
"GENERATED_OR_BACKUP","\node_modules\next\font\google\index.js"
"GENERATED_OR_BACKUP","\node_modules\next\font\local\index.js"
"GENERATED_OR_BACKUP","\node_modules\resolve\npm-debug.log.357d1f5f60a5f00f2e0c325cef16bbd4"
"GENERATED_OR_BACKUP","\node_modules\resolve\test\dotdot\index.js"
"GENERATED_OR_BACKUP","\node_modules\resolve\test\dotdot\abc\index.js"
"GENERATED_OR_BACKUP","\node_modules\resolve\test\module_dir\xmodules\aaa\index.js"
"GENERATED_OR_BACKUP","\node_modules\resolve\test\module_dir\ymodules\aaa\index.js"
"GENERATED_OR_BACKUP","\node_modules\resolve\test\module_dir\zmodules\bbb\main.js"
"GENERATED_OR_BACKUP","\node_modules\resolve\test\node_path\x\aaa\index.js"
"GENERATED_OR_BACKUP","\node_modules\resolve\test\node_path\x\ccc\index.js"
"GENERATED_OR_BACKUP","\node_modules\resolve\test\node_path\y\bbb\index.js"
"GENERATED_OR_BACKUP","\node_modules\resolve\test\node_path\y\ccc\index.js"
"GENERATED_OR_BACKUP","\node_modules\resolve\test\pathfilter\deep_ref\main.js"
"GENERATED_OR_BACKUP","\node_modules\resolve\test\precedence\aaa.js"
"GENERATED_OR_BACKUP","\node_modules\resolve\test\precedence\bbb.js"
"GENERATED_OR_BACKUP","\node_modules\resolve\test\precedence\aaa\index.js"
"GENERATED_OR_BACKUP","\node_modules\resolve\test\precedence\aaa\main.js"
"GENERATED_OR_BACKUP","\node_modules\resolve\test\precedence\bbb\main.js"
"GENERATED_OR_BACKUP","\node_modules\resolve\test\resolver\foo.js"
"GENERATED_OR_BACKUP","\node_modules\resolve\test\resolver\mug.coffee"
"GENERATED_OR_BACKUP","\node_modules\resolve\test\resolver\mug.js"
"GENERATED_OR_BACKUP","\node_modules\resolve\test\resolver\baz\doom.js"
"GENERATED_OR_BACKUP","\node_modules\resolve\test\resolver\baz\quux.js"
"GENERATED_OR_BACKUP","\node_modules\resolve\test\resolver\browser_field\a.js"
"GENERATED_OR_BACKUP","\node_modules\resolve\test\resolver\browser_field\b.js"
"GENERATED_OR_BACKUP","\node_modules\resolve\test\resolver\dot_main\index.js"
"GENERATED_OR_BACKUP","\node_modules\resolve\test\resolver\dot_slash_main\index.js"
"GENERATED_OR_BACKUP","\node_modules\resolve\test\resolver\empty_main\index.js"
"GENERATED_OR_BACKUP","\node_modules\resolve\test\resolver\false_main\index.js"
"GENERATED_OR_BACKUP","\node_modules\resolve\test\resolver\incorrect_main\index.js"
"GENERATED_OR_BACKUP","\node_modules\resolve\test\resolver\missing_main\index.js"
"GENERATED_OR_BACKUP","\node_modules\resolve\test\resolver\multirepo\packages\package-b\index.js"
"GENERATED_OR_BACKUP","\node_modules\resolve\test\resolver\null_main\index.js"
"GENERATED_OR_BACKUP","\node_modules\resolve\test\resolver\other_path\root.js"
"GENERATED_OR_BACKUP","\node_modules\resolve\test\resolver\other_path\lib\other-lib.js"
"GENERATED_OR_BACKUP","\node_modules\resolve\test\resolver\quux\foo\index.js"
"GENERATED_OR_BACKUP","\node_modules\resolve\test\resolver\same_names\foo.js"
"GENERATED_OR_BACKUP","\node_modules\resolve\test\resolver\same_names\foo\index.js"
"GENERATED_OR_BACKUP","\node_modules\resolve\test\resolver\symlinked\package\bar.js"
"GENERATED_OR_BACKUP","\node_modules\resolve\test\resolver\symlinked\_\node_modules\foo.js"
"GENERATED_OR_BACKUP","\node_modules\resolve\test\resolver\symlinked\_\symlink_target\.gitkeep"
"GENERATED_OR_BACKUP","\node_modules\resolve\test\shadowed_core\node_modules\util\index.js"
"GENERATED_OR_BACKUP","\node_modules\seq-queue\lib\.npmignore"
"SOURCE_CODE","\prisma\content-domain.prisma"
"UNKNOWN","\public\manifest.json"
"UNKNOWN","\public\sw.js"
"PROJECT_SUPPORT","\release\FINAL-CERTIFICATION.md"
"PROJECT_SUPPORT","\release\RELEASE-FREEZE.txt"
"PROJECT_SUPPORT","\release\RELEASE-NOTES.md"
"PROJECT_SUPPORT","\scripts\PHASE-05.2.10-J-FINAL-RUNTIME-ARCHITECTURE-STABILIZATION.ps1"
"PROJECT_SUPPORT","\scripts\PHASE-05.2.10-J.1.2-RUNTIME-CONTRACT-SURGICAL-REPAIR.ps1"
"PROJECT_SUPPORT","\scripts\phase-05.2.9.B.ps1"
"PROJECT_SUPPORT","\scripts\audit\component-audit.ps1"
"PROJECT_SUPPORT","\scripts\audit\export-audit.ps1"
"PROJECT_SUPPORT","\scripts\audit\release-check.ps1"
"PROJECT_SUPPORT","\scripts\audit\route-audit.ps1"
"PROJECT_SUPPORT","\scripts\qa\project-health-check.ps1"
"PROJECT_SUPPORT","\scripts\release\build-check.ps1"
"PROJECT_SUPPORT","\scripts\release\release-candidate.ps1"
"GENERATED_OR_BACKUP","\scripts\release\release-candidate.ps1.backup"
"PROJECT_SUPPORT","\scripts\release\structure-check.ps1"
"PROJECT_SUPPORT","\scripts\release\typecheck.ps1"
"SOURCE_CODE","\styles\theme\index.css"
"SOURCE_CODE","\styles\theme\tokens.css"
"SOURCE_CODE","\styles\tokens\colors.ts"
"SOURCE_CODE","\styles\tokens\experience.tokens.css"
"SOURCE_CODE","\styles\tokens\motion.ts"
"SOURCE_CODE","\styles\tokens\radius.ts"
"SOURCE_CODE","\styles\tokens\shadows.ts"
"SOURCE_CODE","\styles\tokens\spacing.ts"
"SOURCE_CODE","\styles\tokens\typography.ts"
